mercury_key,ds_key,priority,front,back,front_shiny,back_shiny,icon,icon_frame2,ds_asset_count
abomasnow-mega,abomasnow-mega,SPECIAL_FORM,sprites-processed/front/abomasnow-mega.png,sprites-processed/back/abomasnow-mega.png,sprites-processed/front-shiny/abomasnow-mega.png,sprites-processed/back-shiny/abomasnow-mega.png,sprites-processed/icon/abomasnow-mega.png,sprites-processed/icon-frame2/abomasnow-mega.png,8
absol-mega,absol-mega,SPECIAL_FORM,sprites-processed/front/absol-mega.png,sprites-processed/back/absol-mega.png,sprites-processed/front-shiny/absol-mega.png,sprites-processed/back-shiny/absol-mega.png,sprites-processed/icon/absol-mega.png,sprites-processed/icon-frame2/absol-mega.png,8
absol-mega-z,absol-mega-z,SPECIAL_FORM,sprites-processed/front/absol-mega-z.png,sprites-processed/back/absol-mega-z.png,sprites-processed/front-shiny/absol-mega-z.png,sprites-processed/back-shiny/absol-mega-z.png,sprites-processed/icon/absol-mega-z.png,sprites-processed/icon-frame2/absol-mega-z.png,8
aerodactyl-mega,aerodactyl-mega,SPECIAL_FORM,sprites-processed/front/aerodactyl-mega.png,sprites-processed/back/aerodactyl-mega.png,sprites-processed/front-shiny/aerodactyl-mega.png,sprites-processed/back-shiny/aerodactyl-mega.png,sprites-processed/icon/aerodactyl-mega.png,sprites-processed/icon-frame2/aerodactyl-mega.png,8
aggron-mega,aggron-mega,SPECIAL_FORM,sprites-processed/front/aggron-mega.png,sprites-processed/back/aggron-mega.png,sprites-processed/front-shiny/aggron-mega.png,sprites-processed/back-shiny/aggron-mega.png,sprites-processed/icon/aggron-mega.png,sprites-processed/icon-frame2/aggron-mega.png,8
alakazam-mega,alakazam-mega,SPECIAL_FORM,sprites-processed/front/alakazam-mega.png,sprites-processed/back/alakazam-mega.png,sprites-processed/front-shiny/alakazam-mega.png,sprites-processed/back-shiny/alakazam-mega.png,sprites-processed/icon/alakazam-mega.png,sprites-processed/icon-frame2/alakazam-mega.png,8
alcremie-gmax,alcremie-gmax,SPECIAL_FORM,sprites-processed/front/alcremie-gmax.png,sprites-processed/back/alcremie-gmax.png,sprites-processed/front-shiny/alcremie-gmax.png,sprites-processed/back-shiny/alcremie-gmax.png,sprites-processed/icon/alcremie-gmax.png,sprites-processed/icon-frame2/alcremie-gmax.png,8
altaria-mega,altaria-mega,SPECIAL_FORM,sprites-processed/front/altaria-mega.png,sprites-processed/back/altaria-mega.png,sprites-processed/front-shiny/altaria-mega.png,sprites-processed/back-shiny/altaria-mega.png,sprites-processed/icon/altaria-mega.png,sprites-processed/icon-frame2/altaria-mega.png,8
ampharos-mega,ampharos-mega,SPECIAL_FORM,sprites-processed/front/ampharos-mega.png,sprites-processed/back/ampharos-mega.png,sprites-processed/front-shiny/ampharos-mega.png,sprites-processed/back-shiny/ampharos-mega.png,sprites-processed/icon/ampharos-mega.png,sprites-processed/icon-frame2/ampharos-mega.png,8
appletun-gmax,appletun-gmax,SPECIAL_FORM,sprites-processed/front/appletun-gmax.png,sprites-processed/back/appletun-gmax.png,sprites-processed/front-shiny/appletun-gmax.png,sprites-processed/back-shiny/appletun-gmax.png,sprites-processed/icon/appletun-gmax.png,sprites-processed/icon-frame2/appletun-gmax.png,8
arcanine-hisui,arcanine-hisui,SPECIAL_FORM,sprites-processed/front/arcanine-hisui.png,sprites-processed/back/arcanine-hisui.png,sprites-processed/front-shiny/arcanine-hisui.png,sprites-processed/back-shiny/arcanine-hisui.png,sprites-processed/icon/arcanine-hisui.png,sprites-processed/icon-frame2/arcanine-hisui.png,8
articuno-galar,articuno-galar,SPECIAL_FORM,sprites-processed/front/articuno-galar.png,sprites-processed/back/articuno-galar.png,sprites-processed/front-shiny/articuno-galar.png,sprites-processed/back-shiny/articuno-galar.png,sprites-processed/icon/articuno-galar.png,sprites-processed/icon-frame2/articuno-galar.png,8
audino-mega,audino-mega,SPECIAL_FORM,sprites-processed/front/audino-mega.png,sprites-processed/back/audino-mega.png,sprites-processed/front-shiny/audino-mega.png,sprites-processed/back-shiny/audino-mega.png,sprites-processed/icon/audino-mega.png,sprites-processed/icon-frame2/audino-mega.png,8
avalugg-hisui,avalugg-hisui,SPECIAL_FORM,sprites-processed/front/avalugg-hisui.png,sprites-processed/back/avalugg-hisui.png,sprites-processed/front-shiny/avalugg-hisui.png,sprites-processed/back-shiny/avalugg-hisui.png,sprites-processed/icon/avalugg-hisui.png,sprites-processed/icon-frame2/avalugg-hisui.png,8
banette-mega,banette-mega,SPECIAL_FORM,sprites-processed/front/banette-mega.png,sprites-processed/back/banette-mega.png,sprites-processed/front-shiny/banette-mega.png,sprites-processed/back-shiny/banette-mega.png,sprites-processed/icon/banette-mega.png,sprites-processed/icon-frame2/banette-mega.png,8
barbaracle-mega,barbaracle-mega,SPECIAL_FORM,sprites-processed/front/barbaracle-mega.png,sprites-processed/back/barbaracle-mega.png,sprites-processed/front-shiny/barbaracle-mega.png,sprites-processed/back-shiny/barbaracle-mega.png,sprites-processed/icon/barbaracle-mega.png,sprites-processed/icon-frame2/barbaracle-mega.png,8
baxcalibur-mega,baxcalibur-mega,SPECIAL_FORM,sprites-processed/front/baxcalibur-mega.png,sprites-processed/back/baxcalibur-mega.png,sprites-processed/front-shiny/baxcalibur-mega.png,sprites-processed/back-shiny/baxcalibur-mega.png,sprites-processed/icon/baxcalibur-mega.png,sprites-processed/icon-frame2/baxcalibur-mega.png,8
beedrill-mega,beedrill-mega,SPECIAL_FORM,sprites-processed/front/beedrill-mega.png,sprites-processed/back/beedrill-mega.png,sprites-processed/front-shiny/beedrill-mega.png,sprites-processed/back-shiny/beedrill-mega.png,sprites-processed/icon/beedrill-mega.png,sprites-processed/icon-frame2/beedrill-mega.png,8
blastoise-gmax,blastoise-gmax,SPECIAL_FORM,sprites-processed/front/blastoise-gmax.png,sprites-processed/back/blastoise-gmax.png,sprites-processed/front-shiny/blastoise-gmax.png,sprites-processed/back-shiny/blastoise-gmax.png,sprites-processed/icon/blastoise-gmax.png,sprites-processed/icon-frame2/blastoise-gmax.png,8
blastoise-mega,blastoise-mega,SPECIAL_FORM,sprites-processed/front/blastoise-mega.png,sprites-processed/back/blastoise-mega.png,sprites-processed/front-shiny/blastoise-mega.png,sprites-processed/back-shiny/blastoise-mega.png,sprites-processed/icon/blastoise-mega.png,sprites-processed/icon-frame2/blastoise-mega.png,8
blaziken-mega,blaziken-mega,SPECIAL_FORM,sprites-processed/front/blaziken-mega.png,sprites-processed/back/blaziken-mega.png,sprites-processed/front-shiny/blaziken-mega.png,sprites-processed/back-shiny/blaziken-mega.png,sprites-processed/icon/blaziken-mega.png,sprites-processed/icon-frame2/blaziken-mega.png,8
braviary-hisui,braviary-hisui,SPECIAL_FORM,sprites-processed/front/braviary-hisui.png,sprites-processed/back/braviary-hisui.png,sprites-processed/front-shiny/braviary-hisui.png,sprites-processed/back-shiny/braviary-hisui.png,sprites-processed/icon/braviary-hisui.png,sprites-processed/icon-frame2/braviary-hisui.png,8
butterfree-gmax,butterfree-gmax,SPECIAL_FORM,sprites-processed/front/butterfree-gmax.png,sprites-processed/back/butterfree-gmax.png,sprites-processed/front-shiny/butterfree-gmax.png,sprites-processed/back-shiny/butterfree-gmax.png,sprites-processed/icon/butterfree-gmax.png,sprites-processed/icon-frame2/butterfree-gmax.png,8
camerupt-mega,camerupt-mega,SPECIAL_FORM,sprites-processed/front/camerupt-mega.png,sprites-processed/back/camerupt-mega.png,sprites-processed/front-shiny/camerupt-mega.png,sprites-processed/back-shiny/camerupt-mega.png,sprites-processed/icon/camerupt-mega.png,sprites-processed/icon-frame2/camerupt-mega.png,8
centiskorch-gmax,centiskorch-gmax,SPECIAL_FORM,sprites-processed/front/centiskorch-gmax.png,sprites-processed/back/centiskorch-gmax.png,sprites-processed/front-shiny/centiskorch-gmax.png,sprites-processed/back-shiny/centiskorch-gmax.png,sprites-processed/icon/centiskorch-gmax.png,sprites-processed/icon-frame2/centiskorch-gmax.png,8
chandelure-mega,chandelure-mega,SPECIAL_FORM,sprites-processed/front/chandelure-mega.png,sprites-processed/back/chandelure-mega.png,sprites-processed/front-shiny/chandelure-mega.png,sprites-processed/back-shiny/chandelure-mega.png,sprites-processed/icon/chandelure-mega.png,sprites-processed/icon-frame2/chandelure-mega.png,8
charizard-gmax,charizard-gmax,SPECIAL_FORM,sprites-processed/front/charizard-gmax.png,sprites-processed/back/charizard-gmax.png,sprites-processed/front-shiny/charizard-gmax.png,sprites-processed/back-shiny/charizard-gmax.png,sprites-processed/icon/charizard-gmax.png,sprites-processed/icon-frame2/charizard-gmax.png,8
charizard-mega-x,charizard-mega-x,SPECIAL_FORM,sprites-processed/front/charizard-mega-x.png,sprites-processed/back/charizard-mega-x.png,sprites-processed/front-shiny/charizard-mega-x.png,sprites-processed/back-shiny/charizard-mega-x.png,sprites-processed/icon/charizard-mega-x.png,sprites-processed/icon-frame2/charizard-mega-x.png,8
charizard-mega-y,charizard-mega-y,SPECIAL_FORM,sprites-processed/front/charizard-mega-y.png,sprites-processed/back/charizard-mega-y.png,sprites-processed/front-shiny/charizard-mega-y.png,sprites-processed/back-shiny/charizard-mega-y.png,sprites-processed/icon/charizard-mega-y.png,sprites-processed/icon-frame2/charizard-mega-y.png,8
chesnaught-mega,chesnaught-mega,SPECIAL_FORM,sprites-processed/front/chesnaught-mega.png,sprites-processed/back/chesnaught-mega.png,sprites-processed/front-shiny/chesnaught-mega.png,sprites-processed/back-shiny/chesnaught-mega.png,sprites-processed/icon/chesnaught-mega.png,sprites-processed/icon-frame2/chesnaught-mega.png,8
chimecho-mega,chimecho-mega,SPECIAL_FORM,sprites-processed/front/chimecho-mega.png,sprites-processed/back/chimecho-mega.png,sprites-processed/front-shiny/chimecho-mega.png,sprites-processed/back-shiny/chimecho-mega.png,sprites-processed/icon/chimecho-mega.png,sprites-processed/icon-frame2/chimecho-mega.png,8
cinderace-gmax,cinderace-gmax,SPECIAL_FORM,sprites-processed/front/cinderace-gmax.png,sprites-processed/back/cinderace-gmax.png,sprites-processed/front-shiny/cinderace-gmax.png,sprites-processed/back-shiny/cinderace-gmax.png,sprites-processed/icon/cinderace-gmax.png,sprites-processed/icon-frame2/cinderace-gmax.png,8
clefable-mega,clefable-mega,SPECIAL_FORM,sprites-processed/front/clefable-mega.png,sprites-processed/back/clefable-mega.png,sprites-processed/front-shiny/clefable-mega.png,sprites-processed/back-shiny/clefable-mega.png,sprites-processed/icon/clefable-mega.png,sprites-processed/icon-frame2/clefable-mega.png,8
coalossal-gmax,coalossal-gmax,SPECIAL_FORM,sprites-processed/front/coalossal-gmax.png,sprites-processed/back/coalossal-gmax.png,sprites-processed/front-shiny/coalossal-gmax.png,sprites-processed/back-shiny/coalossal-gmax.png,sprites-processed/icon/coalossal-gmax.png,sprites-processed/icon-frame2/coalossal-gmax.png,8
copperajah-gmax,copperajah-gmax,SPECIAL_FORM,sprites-processed/front/copperajah-gmax.png,sprites-processed/back/copperajah-gmax.png,sprites-processed/front-shiny/copperajah-gmax.png,sprites-processed/back-shiny/copperajah-gmax.png,sprites-processed/icon/copperajah-gmax.png,sprites-processed/icon-frame2/copperajah-gmax.png,8
corsola-galar,corsola-galar,SPECIAL_FORM,sprites-processed/front/corsola-galar.png,sprites-processed/back/corsola-galar.png,sprites-processed/front-shiny/corsola-galar.png,sprites-processed/back-shiny/corsola-galar.png,sprites-processed/icon/corsola-galar.png,sprites-processed/icon-frame2/corsola-galar.png,8
corviknight-gmax,corviknight-gmax,SPECIAL_FORM,sprites-processed/front/corviknight-gmax.png,sprites-processed/back/corviknight-gmax.png,sprites-processed/front-shiny/corviknight-gmax.png,sprites-processed/back-shiny/corviknight-gmax.png,sprites-processed/icon/corviknight-gmax.png,sprites-processed/icon-frame2/corviknight-gmax.png,8
darkrai-mega,darkrai-mega,SPECIAL_FORM,sprites-processed/front/darkrai-mega.png,sprites-processed/back/darkrai-mega.png,sprites-processed/front-shiny/darkrai-mega.png,sprites-processed/back-shiny/darkrai-mega.png,sprites-processed/icon/darkrai-mega.png,sprites-processed/icon-frame2/darkrai-mega.png,8
darmanitan-galar-standard,darmanitan-galar-standard,SPECIAL_FORM,sprites-processed/front/darmanitan-galar-standard.png,sprites-processed/back/darmanitan-galar-standard.png,sprites-processed/front-shiny/darmanitan-galar-standard.png,sprites-processed/back-shiny/darmanitan-galar-standard.png,sprites-processed/icon/darmanitan-galar-standard.png,sprites-processed/icon-frame2/darmanitan-galar-standard.png,8
darmanitan-galar-zen,darmanitan-galar-zen,SPECIAL_FORM,sprites-processed/front/darmanitan-galar-zen.png,sprites-processed/back/darmanitan-galar-zen.png,sprites-processed/front-shiny/darmanitan-galar-zen.png,sprites-processed/back-shiny/darmanitan-galar-zen.png,sprites-processed/icon/darmanitan-galar-zen.png,sprites-processed/icon-frame2/darmanitan-galar-zen.png,8
darumaka-galar,darumaka-galar,SPECIAL_FORM,sprites-processed/front/darumaka-galar.png,sprites-processed/back/darumaka-galar.png,sprites-processed/front-shiny/darumaka-galar.png,sprites-processed/back-shiny/darumaka-galar.png,sprites-processed/icon/darumaka-galar.png,sprites-processed/icon-frame2/darumaka-galar.png,8
decidueye-hisui,decidueye-hisui,SPECIAL_FORM,sprites-processed/front/decidueye-hisui.png,sprites-processed/back/decidueye-hisui.png,sprites-processed/front-shiny/decidueye-hisui.png,sprites-processed/back-shiny/decidueye-hisui.png,sprites-processed/icon/decidueye-hisui.png,sprites-processed/icon-frame2/decidueye-hisui.png,8
delphox-mega,delphox-mega,SPECIAL_FORM,sprites-processed/front/delphox-mega.png,sprites-processed/back/delphox-mega.png,sprites-processed/front-shiny/delphox-mega.png,sprites-processed/back-shiny/delphox-mega.png,sprites-processed/icon/delphox-mega.png,sprites-processed/icon-frame2/delphox-mega.png,8
dialga-origin,dialga-origin,SPECIAL_FORM,sprites-processed/front/dialga-origin.png,sprites-processed/back/dialga-origin.png,sprites-processed/front-shiny/dialga-origin.png,sprites-processed/back-shiny/dialga-origin.png,sprites-processed/icon/dialga-origin.png,sprites-processed/icon-frame2/dialga-origin.png,8
diancie-mega,diancie-mega,SPECIAL_FORM,sprites-processed/front/diancie-mega.png,sprites-processed/back/diancie-mega.png,sprites-processed/front-shiny/diancie-mega.png,sprites-processed/back-shiny/diancie-mega.png,sprites-processed/icon/diancie-mega.png,sprites-processed/icon-frame2/diancie-mega.png,8
diglett-alola,diglett-alola,SPECIAL_FORM,sprites-processed/front/diglett-alola.png,sprites-processed/back/diglett-alola.png,sprites-processed/front-shiny/diglett-alola.png,sprites-processed/back-shiny/diglett-alola.png,sprites-processed/icon/diglett-alola.png,sprites-processed/icon-frame2/diglett-alola.png,8
dragalge-mega,dragalge-mega,SPECIAL_FORM,sprites-processed/front/dragalge-mega.png,sprites-processed/back/dragalge-mega.png,sprites-processed/front-shiny/dragalge-mega.png,sprites-processed/back-shiny/dragalge-mega.png,sprites-processed/icon/dragalge-mega.png,sprites-processed/icon-frame2/dragalge-mega.png,8
dragonite-mega,dragonite-mega,SPECIAL_FORM,sprites-processed/front/dragonite-mega.png,sprites-processed/back/dragonite-mega.png,sprites-processed/front-shiny/dragonite-mega.png,sprites-processed/back-shiny/dragonite-mega.png,sprites-processed/icon/dragonite-mega.png,sprites-processed/icon-frame2/dragonite-mega.png,8
drampa-mega,drampa-mega,SPECIAL_FORM,sprites-processed/front/drampa-mega.png,sprites-processed/back/drampa-mega.png,sprites-processed/front-shiny/drampa-mega.png,sprites-processed/back-shiny/drampa-mega.png,sprites-processed/icon/drampa-mega.png,sprites-processed/icon-frame2/drampa-mega.png,8
drednaw-gmax,drednaw-gmax,SPECIAL_FORM,sprites-processed/front/drednaw-gmax.png,sprites-processed/back/drednaw-gmax.png,sprites-processed/front-shiny/drednaw-gmax.png,sprites-processed/back-shiny/drednaw-gmax.png,sprites-processed/icon/drednaw-gmax.png,sprites-processed/icon-frame2/drednaw-gmax.png,8
dugtrio-alola,dugtrio-alola,SPECIAL_FORM,sprites-processed/front/dugtrio-alola.png,sprites-processed/back/dugtrio-alola.png,sprites-processed/front-shiny/dugtrio-alola.png,sprites-processed/back-shiny/dugtrio-alola.png,sprites-processed/icon/dugtrio-alola.png,sprites-processed/icon-frame2/dugtrio-alola.png,8
duraludon-gmax,duraludon-gmax,SPECIAL_FORM,sprites-processed/front/duraludon-gmax.png,sprites-processed/back/duraludon-gmax.png,sprites-processed/front-shiny/duraludon-gmax.png,sprites-processed/back-shiny/duraludon-gmax.png,sprites-processed/icon/duraludon-gmax.png,sprites-processed/icon-frame2/duraludon-gmax.png,8
eevee-gmax,eevee-gmax,SPECIAL_FORM,sprites-processed/front/eevee-gmax.png,sprites-processed/back/eevee-gmax.png,sprites-processed/front-shiny/eevee-gmax.png,sprites-processed/back-shiny/eevee-gmax.png,sprites-processed/icon/eevee-gmax.png,sprites-processed/icon-frame2/eevee-gmax.png,8
electrode-hisui,electrode-hisui,SPECIAL_FORM,sprites-processed/front/electrode-hisui.png,sprites-processed/back/electrode-hisui.png,sprites-processed/front-shiny/electrode-hisui.png,sprites-processed/back-shiny/electrode-hisui.png,sprites-processed/icon/electrode-hisui.png,sprites-processed/icon-frame2/electrode-hisui.png,8
enamorus-therian,enamorus-therian,SPECIAL_FORM,sprites-processed/front/enamorus-therian.png,sprites-processed/back/enamorus-therian.png,sprites-processed/front-shiny/enamorus-therian.png,sprites-processed/back-shiny/enamorus-therian.png,sprites-processed/icon/enamorus-therian.png,sprites-processed/icon-frame2/enamorus-therian.png,8
eternatus-eternamax,eternatus-eternamax,SPECIAL_FORM,sprites-processed/front/eternatus-eternamax.png,sprites-processed/back/eternatus-eternamax.png,sprites-processed/front-shiny/eternatus-eternamax.png,sprites-processed/back-shiny/eternatus-eternamax.png,sprites-processed/icon/eternatus-eternamax.png,sprites-processed/icon-frame2/eternatus-eternamax.png,8
excadrill-mega,excadrill-mega,SPECIAL_FORM,sprites-processed/front/excadrill-mega.png,sprites-processed/back/excadrill-mega.png,sprites-processed/front-shiny/excadrill-mega.png,sprites-processed/back-shiny/excadrill-mega.png,sprites-processed/icon/excadrill-mega.png,sprites-processed/icon-frame2/excadrill-mega.png,8
exeggutor-alola,exeggutor-alola,SPECIAL_FORM,sprites-processed/front/exeggutor-alola.png,sprites-processed/back/exeggutor-alola.png,sprites-processed/front-shiny/exeggutor-alola.png,sprites-processed/back-shiny/exeggutor-alola.png,sprites-processed/icon/exeggutor-alola.png,sprites-processed/icon-frame2/exeggutor-alola.png,8
falinks-mega,falinks-mega,SPECIAL_FORM,sprites-processed/front/falinks-mega.png,sprites-processed/back/falinks-mega.png,sprites-processed/front-shiny/falinks-mega.png,sprites-processed/back-shiny/falinks-mega.png,sprites-processed/icon/falinks-mega.png,sprites-processed/icon-frame2/falinks-mega.png,8
farfetchd-galar,farfetchd-galar,SPECIAL_FORM,sprites-processed/front/farfetchd-galar.png,sprites-processed/back/farfetchd-galar.png,sprites-processed/front-shiny/farfetchd-galar.png,sprites-processed/back-shiny/farfetchd-galar.png,sprites-processed/icon/farfetchd-galar.png,sprites-processed/icon-frame2/farfetchd-galar.png,8
feraligatr-mega,feraligatr-mega,SPECIAL_FORM,sprites-processed/front/feraligatr-mega.png,sprites-processed/back/feraligatr-mega.png,sprites-processed/front-shiny/feraligatr-mega.png,sprites-processed/back-shiny/feraligatr-mega.png,sprites-processed/icon/feraligatr-mega.png,sprites-processed/icon-frame2/feraligatr-mega.png,8
flapple-gmax,flapple-gmax,SPECIAL_FORM,sprites-processed/front/flapple-gmax.png,sprites-processed/back/flapple-gmax.png,sprites-processed/front-shiny/flapple-gmax.png,sprites-processed/back-shiny/flapple-gmax.png,sprites-processed/icon/flapple-gmax.png,sprites-processed/icon-frame2/flapple-gmax.png,8
floette-mega,floette-mega,SPECIAL_FORM,sprites-processed/front/floette-mega.png,sprites-processed/back/floette-mega.png,sprites-processed/front-shiny/floette-mega.png,sprites-processed/back-shiny/floette-mega.png,sprites-processed/icon/floette-mega.png,sprites-processed/icon-frame2/floette-mega.png,8
froslass-mega,froslass-mega,SPECIAL_FORM,sprites-processed/front/froslass-mega.png,sprites-processed/back/froslass-mega.png,sprites-processed/front-shiny/froslass-mega.png,sprites-processed/back-shiny/froslass-mega.png,sprites-processed/icon/froslass-mega.png,sprites-processed/icon-frame2/froslass-mega.png,8
gallade-mega,gallade-mega,SPECIAL_FORM,sprites-processed/front/gallade-mega.png,sprites-processed/back/gallade-mega.png,sprites-processed/front-shiny/gallade-mega.png,sprites-processed/back-shiny/gallade-mega.png,sprites-processed/icon/gallade-mega.png,sprites-processed/icon-frame2/gallade-mega.png,8
garbodor-gmax,garbodor-gmax,SPECIAL_FORM,sprites-processed/front/garbodor-gmax.png,sprites-processed/back/garbodor-gmax.png,sprites-processed/front-shiny/garbodor-gmax.png,sprites-processed/back-shiny/garbodor-gmax.png,sprites-processed/icon/garbodor-gmax.png,sprites-processed/icon-frame2/garbodor-gmax.png,8
garchomp-mega,garchomp-mega,SPECIAL_FORM,sprites-processed/front/garchomp-mega.png,sprites-processed/back/garchomp-mega.png,sprites-processed/front-shiny/garchomp-mega.png,sprites-processed/back-shiny/garchomp-mega.png,sprites-processed/icon/garchomp-mega.png,sprites-processed/icon-frame2/garchomp-mega.png,8
gardevoir-mega,gardevoir-mega,SPECIAL_FORM,sprites-processed/front/gardevoir-mega.png,sprites-processed/back/gardevoir-mega.png,sprites-processed/front-shiny/gardevoir-mega.png,sprites-processed/back-shiny/gardevoir-mega.png,sprites-processed/icon/gardevoir-mega.png,sprites-processed/icon-frame2/gardevoir-mega.png,8
gengar-gmax,gengar-gmax,SPECIAL_FORM,sprites-processed/front/gengar-gmax.png,sprites-processed/back/gengar-gmax.png,sprites-processed/front-shiny/gengar-gmax.png,sprites-processed/back-shiny/gengar-gmax.png,sprites-processed/icon/gengar-gmax.png,sprites-processed/icon-frame2/gengar-gmax.png,8
gengar-mega,gengar-mega,SPECIAL_FORM,sprites-processed/front/gengar-mega.png,sprites-processed/back/gengar-mega.png,sprites-processed/front-shiny/gengar-mega.png,sprites-processed/back-shiny/gengar-mega.png,sprites-processed/icon/gengar-mega.png,sprites-processed/icon-frame2/gengar-mega.png,8
geodude-alola,geodude-alola,SPECIAL_FORM,sprites-processed/front/geodude-alola.png,sprites-processed/back/geodude-alola.png,sprites-processed/front-shiny/geodude-alola.png,sprites-processed/back-shiny/geodude-alola.png,sprites-processed/icon/geodude-alola.png,sprites-processed/icon-frame2/geodude-alola.png,8
giratina-origin,giratina-origin,SPECIAL_FORM,sprites-processed/front/giratina-origin.png,sprites-processed/back/giratina-origin.png,sprites-processed/front-shiny/giratina-origin.png,floating-pokemon/back-shiny__giratina-origin.png,sprites-processed/icon/giratina-origin.png,sprites-processed/icon-frame2/giratina-origin.png,9
glalie-mega,glalie-mega,SPECIAL_FORM,sprites-processed/front/glalie-mega.png,floating-pokemon/back__glalie-mega.png,sprites-processed/front-shiny/glalie-mega.png,sprites-processed/back-shiny/glalie-mega.png,sprites-processed/icon/glalie-mega.png,sprites-processed/icon-frame2/glalie-mega.png,9
glimmora-mega,glimmora-mega,SPECIAL_FORM,sprites-processed/front/glimmora-mega.png,sprites-processed/back/glimmora-mega.png,sprites-processed/front-shiny/glimmora-mega.png,sprites-processed/back-shiny/glimmora-mega.png,sprites-processed/icon/glimmora-mega.png,sprites-processed/icon-frame2/glimmora-mega.png,8
golem-alola,golem-alola,SPECIAL_FORM,sprites-processed/front/golem-alola.png,sprites-processed/back/golem-alola.png,sprites-processed/front-shiny/golem-alola.png,sprites-processed/back-shiny/golem-alola.png,sprites-processed/icon/golem-alola.png,sprites-processed/icon-frame2/golem-alola.png,8
golisopod-mega,golisopod-mega,SPECIAL_FORM,sprites-processed/front/golisopod-mega.png,sprites-processed/back/golisopod-mega.png,sprites-processed/front-shiny/golisopod-mega.png,sprites-processed/back-shiny/golisopod-mega.png,sprites-processed/icon/golisopod-mega.png,sprites-processed/icon-frame2/golisopod-mega.png,8
goodra-hisui,goodra-hisui,SPECIAL_FORM,sprites-processed/front/goodra-hisui.png,sprites-processed/back/goodra-hisui.png,sprites-processed/front-shiny/goodra-hisui.png,sprites-processed/back-shiny/goodra-hisui.png,sprites-processed/icon/goodra-hisui.png,sprites-processed/icon-frame2/goodra-hisui.png,8
graveler-alola,graveler-alola,SPECIAL_FORM,sprites-processed/front/graveler-alola.png,sprites-processed/back/graveler-alola.png,sprites-processed/front-shiny/graveler-alola.png,sprites-processed/back-shiny/graveler-alola.png,sprites-processed/icon/graveler-alola.png,sprites-processed/icon-frame2/graveler-alola.png,8
greninja-mega,greninja-mega,SPECIAL_FORM,sprites-processed/front/greninja-mega.png,sprites-processed/back/greninja-mega.png,sprites-processed/front-shiny/greninja-mega.png,sprites-processed/back-shiny/greninja-mega.png,sprites-processed/icon/greninja-mega.png,sprites-processed/icon-frame2/greninja-mega.png,8
grimer-alola,grimer-alola,SPECIAL_FORM,sprites-processed/front/grimer-alola.png,sprites-processed/back/grimer-alola.png,sprites-processed/front-shiny/grimer-alola.png,sprites-processed/back-shiny/grimer-alola.png,sprites-processed/icon/grimer-alola.png,sprites-processed/icon-frame2/grimer-alola.png,8
grimmsnarl-gmax,grimmsnarl-gmax,SPECIAL_FORM,sprites-processed/front/grimmsnarl-gmax.png,sprites-processed/back/grimmsnarl-gmax.png,sprites-processed/front-shiny/grimmsnarl-gmax.png,sprites-processed/back-shiny/grimmsnarl-gmax.png,sprites-processed/icon/grimmsnarl-gmax.png,sprites-processed/icon-frame2/grimmsnarl-gmax.png,8
groudon-primal,groudon-primal,SPECIAL_FORM,sprites-processed/front/groudon-primal.png,sprites-processed/back/groudon-primal.png,sprites-processed/front-shiny/groudon-primal.png,sprites-processed/back-shiny/groudon-primal.png,sprites-processed/icon/groudon-primal.png,sprites-processed/icon-frame2/groudon-primal.png,8
growlithe-hisui,growlithe-hisui,SPECIAL_FORM,sprites-processed/front/growlithe-hisui.png,sprites-processed/back/growlithe-hisui.png,sprites-processed/front-shiny/growlithe-hisui.png,sprites-processed/back-shiny/growlithe-hisui.png,sprites-processed/icon/growlithe-hisui.png,sprites-processed/icon-frame2/growlithe-hisui.png,8
gyarados-mega,gyarados-mega,SPECIAL_FORM,sprites-processed/front/gyarados-mega.png,sprites-processed/back/gyarados-mega.png,sprites-processed/front-shiny/gyarados-mega.png,sprites-processed/back-shiny/gyarados-mega.png,sprites-processed/icon/gyarados-mega.png,sprites-processed/icon-frame2/gyarados-mega.png,8
hatterene-gmax,hatterene-gmax,SPECIAL_FORM,sprites-processed/front/hatterene-gmax.png,sprites-processed/back/hatterene-gmax.png,sprites-processed/front-shiny/hatterene-gmax.png,sprites-processed/back-shiny/hatterene-gmax.png,sprites-processed/icon/hatterene-gmax.png,sprites-processed/icon-frame2/hatterene-gmax.png,8
hawlucha-mega,hawlucha-mega,SPECIAL_FORM,sprites-processed/front/hawlucha-mega.png,sprites-processed/back/hawlucha-mega.png,sprites-processed/front-shiny/hawlucha-mega.png,sprites-processed/back-shiny/hawlucha-mega.png,sprites-processed/icon/hawlucha-mega.png,sprites-processed/icon-frame2/hawlucha-mega.png,8
heatran-mega,heatran-mega,SPECIAL_FORM,sprites-processed/front/heatran-mega.png,sprites-processed/back/heatran-mega.png,sprites-processed/front-shiny/heatran-mega.png,sprites-processed/back-shiny/heatran-mega.png,sprites-processed/icon/heatran-mega.png,sprites-processed/icon-frame2/heatran-mega.png,8
heracross-mega,heracross-mega,SPECIAL_FORM,sprites-processed/front/heracross-mega.png,sprites-processed/back/heracross-mega.png,sprites-processed/front-shiny/heracross-mega.png,sprites-processed/back-shiny/heracross-mega.png,sprites-processed/icon/heracross-mega.png,sprites-processed/icon-frame2/heracross-mega.png,8
houndoom-mega,houndoom-mega,SPECIAL_FORM,sprites-processed/front/houndoom-mega.png,sprites-processed/back/houndoom-mega.png,sprites-processed/front-shiny/houndoom-mega.png,sprites-processed/back-shiny/houndoom-mega.png,sprites-processed/icon/houndoom-mega.png,sprites-processed/icon-frame2/houndoom-mega.png,8
inteleon-gmax,inteleon-gmax,SPECIAL_FORM,sprites-processed/front/inteleon-gmax.png,sprites-processed/back/inteleon-gmax.png,sprites-processed/front-shiny/inteleon-gmax.png,sprites-processed/back-shiny/inteleon-gmax.png,sprites-processed/icon/inteleon-gmax.png,sprites-processed/icon-frame2/inteleon-gmax.png,8
kangaskhan-mega,kangaskhan-mega,SPECIAL_FORM,sprites-processed/front/kangaskhan-mega.png,sprites-processed/back/kangaskhan-mega.png,sprites-processed/front-shiny/kangaskhan-mega.png,sprites-processed/back-shiny/kangaskhan-mega.png,sprites-processed/icon/kangaskhan-mega.png,sprites-processed/icon-frame2/kangaskhan-mega.png,8
kingler-gmax,kingler-gmax,SPECIAL_FORM,sprites-processed/front/kingler-gmax.png,sprites-processed/back/kingler-gmax.png,sprites-processed/front-shiny/kingler-gmax.png,sprites-processed/back-shiny/kingler-gmax.png,sprites-processed/icon/kingler-gmax.png,sprites-processed/icon-frame2/kingler-gmax.png,8
kyogre-primal,kyogre-primal,SPECIAL_FORM,sprites-processed/front/kyogre-primal.png,sprites-processed/back/kyogre-primal.png,sprites-processed/front-shiny/kyogre-primal.png,sprites-processed/back-shiny/kyogre-primal.png,sprites-processed/icon/kyogre-primal.png,sprites-processed/icon-frame2/kyogre-primal.png,8
landorus-therian,landorus-therian,SPECIAL_FORM,sprites-processed/front/landorus-therian.png,sprites-processed/back/landorus-therian.png,sprites-processed/front-shiny/landorus-therian.png,sprites-processed/back-shiny/landorus-therian.png,sprites-processed/icon/landorus-therian.png,sprites-processed/icon-frame2/landorus-therian.png,8
lapras-gmax,lapras-gmax,SPECIAL_FORM,sprites-processed/front/lapras-gmax.png,sprites-processed/back/lapras-gmax.png,sprites-processed/front-shiny/lapras-gmax.png,sprites-processed/back-shiny/lapras-gmax.png,sprites-processed/icon/lapras-gmax.png,sprites-processed/icon-frame2/lapras-gmax.png,8
latias-mega,latias-mega,SPECIAL_FORM,sprites-processed/front/latias-mega.png,sprites-processed/back/latias-mega.png,sprites-processed/front-shiny/latias-mega.png,sprites-processed/back-shiny/latias-mega.png,sprites-processed/icon/latias-mega.png,sprites-processed/icon-frame2/latias-mega.png,8
latios-mega,latios-mega,SPECIAL_FORM,sprites-processed/front/latios-mega.png,sprites-processed/back/latios-mega.png,sprites-processed/front-shiny/latios-mega.png,sprites-processed/back-shiny/latios-mega.png,sprites-processed/icon/latios-mega.png,sprites-processed/icon-frame2/latios-mega.png,8
lilligant-hisui,lilligant-hisui,SPECIAL_FORM,sprites-processed/front/lilligant-hisui.png,sprites-processed/back/lilligant-hisui.png,sprites-processed/front-shiny/lilligant-hisui.png,sprites-processed/back-shiny/lilligant-hisui.png,sprites-processed/icon/lilligant-hisui.png,sprites-processed/icon-frame2/lilligant-hisui.png,8
linoone-galar,linoone-galar,SPECIAL_FORM,sprites-processed/front/linoone-galar.png,sprites-processed/back/linoone-galar.png,sprites-processed/front-shiny/linoone-galar.png,sprites-processed/back-shiny/linoone-galar.png,sprites-processed/icon/linoone-galar.png,sprites-processed/icon-frame2/linoone-galar.png,8
lopunny-mega,lopunny-mega,SPECIAL_FORM,sprites-processed/front/lopunny-mega.png,sprites-processed/back/lopunny-mega.png,sprites-processed/front-shiny/lopunny-mega.png,sprites-processed/back-shiny/lopunny-mega.png,sprites-processed/icon/lopunny-mega.png,sprites-processed/icon-frame2/lopunny-mega.png,8
lucario-mega,lucario-mega,SPECIAL_FORM,sprites-processed/front/lucario-mega.png,sprites-processed/back/lucario-mega.png,sprites-processed/front-shiny/lucario-mega.png,sprites-processed/back-shiny/lucario-mega.png,sprites-processed/icon/lucario-mega.png,sprites-processed/icon-frame2/lucario-mega.png,8
lucario-mega-z,lucario-mega-z,SPECIAL_FORM,sprites-processed/front/lucario-mega-z.png,sprites-processed/back/lucario-mega-z.png,sprites-processed/front-shiny/lucario-mega-z.png,sprites-processed/back-shiny/lucario-mega-z.png,sprites-processed/icon/lucario-mega-z.png,sprites-processed/icon-frame2/lucario-mega-z.png,8
machamp-gmax,machamp-gmax,SPECIAL_FORM,sprites-processed/front/machamp-gmax.png,sprites-processed/back/machamp-gmax.png,sprites-processed/front-shiny/machamp-gmax.png,sprites-processed/back-shiny/machamp-gmax.png,sprites-processed/icon/machamp-gmax.png,sprites-processed/icon-frame2/machamp-gmax.png,8
magearna-original,magearna-original,SPECIAL_FORM,sprites-processed/front/magearna-original.png,sprites-processed/back/magearna-original.png,sprites-processed/front-shiny/magearna-original.png,sprites-processed/back-shiny/magearna-original.png,sprites-processed/icon/magearna-original.png,sprites-processed/icon-frame2/magearna-original.png,8
malamar-mega,malamar-mega,SPECIAL_FORM,sprites-processed/front/malamar-mega.png,sprites-processed/back/malamar-mega.png,sprites-processed/front-shiny/malamar-mega.png,sprites-processed/back-shiny/malamar-mega.png,sprites-processed/icon/malamar-mega.png,sprites-processed/icon-frame2/malamar-mega.png,8
manectric-mega,manectric-mega,SPECIAL_FORM,sprites-processed/front/manectric-mega.png,sprites-processed/back/manectric-mega.png,sprites-processed/front-shiny/manectric-mega.png,sprites-processed/back-shiny/manectric-mega.png,sprites-processed/icon/manectric-mega.png,sprites-processed/icon-frame2/manectric-mega.png,8
marowak-alola,marowak-alola,SPECIAL_FORM,sprites-processed/front/marowak-alola.png,sprites-processed/back/marowak-alola.png,sprites-processed/front-shiny/marowak-alola.png,sprites-processed/back-shiny/marowak-alola.png,sprites-processed/icon/marowak-alola.png,sprites-processed/icon-frame2/marowak-alola.png,8
mawile-mega,mawile-mega,SPECIAL_FORM,sprites-processed/front/mawile-mega.png,sprites-processed/back/mawile-mega.png,sprites-processed/front-shiny/mawile-mega.png,sprites-processed/back-shiny/mawile-mega.png,sprites-processed/icon/mawile-mega.png,sprites-processed/icon-frame2/mawile-mega.png,8
medicham-mega,medicham-mega,SPECIAL_FORM,sprites-processed/front/medicham-mega.png,sprites-processed/back/medicham-mega.png,sprites-processed/front-shiny/medicham-mega.png,sprites-processed/back-shiny/medicham-mega.png,sprites-processed/icon/medicham-mega.png,sprites-processed/icon-frame2/medicham-mega.png,8
mega-froslass,froslass-mega,SPECIAL_FORM,sprites-processed/front/froslass-mega.png,sprites-processed/back/froslass-mega.png,sprites-processed/front-shiny/froslass-mega.png,sprites-processed/back-shiny/froslass-mega.png,sprites-processed/icon/froslass-mega.png,sprites-processed/icon-frame2/froslass-mega.png,8
mega-staraptor,staraptor-mega,SPECIAL_FORM,sprites-processed/front/staraptor-mega.png,sprites-processed/back/staraptor-mega.png,sprites-processed/front-shiny/staraptor-mega.png,sprites-processed/back-shiny/staraptor-mega.png,sprites-processed/icon/staraptor-mega.png,sprites-processed/icon-frame2/staraptor-mega.png,8
meganium,meganium,SPECIAL_FORM,sprites-processed/front/meganium.png,sprites-processed/back/meganium.png,sprites-processed/front-shiny/meganium.png,sprites-processed/back-shiny/meganium.png,sprites-processed/icon/meganium.png,sprites-processed/icon-frame2/meganium.png,10
meganium-mega,meganium-mega,SPECIAL_FORM,sprites-processed/front/meganium-mega.png,sprites-processed/back/meganium-mega.png,sprites-processed/front-shiny/meganium-mega.png,sprites-processed/back-shiny/meganium-mega.png,sprites-processed/icon/meganium-mega.png,sprites-processed/icon-frame2/meganium-mega.png,8
melmetal-gmax,melmetal-gmax,SPECIAL_FORM,sprites-processed/front/melmetal-gmax.png,sprites-processed/back/melmetal-gmax.png,sprites-processed/front-shiny/melmetal-gmax.png,sprites-processed/back-shiny/melmetal-gmax.png,sprites-processed/icon/melmetal-gmax.png,sprites-processed/icon-frame2/melmetal-gmax.png,8
meowstic-mega,meowstic-mega,SPECIAL_FORM,sprites-processed/front/meowstic-mega.png,sprites-processed/back/meowstic-mega.png,sprites-processed/front-shiny/meowstic-mega.png,sprites-processed/back-shiny/meowstic-mega.png,sprites-processed/icon/meowstic-mega.png,sprites-processed/icon-frame2/meowstic-mega.png,8
meowth-alola,meowth-alola,SPECIAL_FORM,sprites-processed/front/meowth-alola.png,sprites-processed/back/meowth-alola.png,sprites-processed/front-shiny/meowth-alola.png,sprites-processed/back-shiny/meowth-alola.png,sprites-processed/icon/meowth-alola.png,sprites-processed/icon-frame2/meowth-alola.png,8
meowth-galar,meowth-galar,SPECIAL_FORM,sprites-processed/front/meowth-galar.png,sprites-processed/back/meowth-galar.png,sprites-processed/front-shiny/meowth-galar.png,sprites-processed/back-shiny/meowth-galar.png,sprites-processed/icon/meowth-galar.png,sprites-processed/icon-frame2/meowth-galar.png,8
meowth-gmax,meowth-gmax,SPECIAL_FORM,sprites-processed/front/meowth-gmax.png,sprites-processed/back/meowth-gmax.png,sprites-processed/front-shiny/meowth-gmax.png,sprites-processed/back-shiny/meowth-gmax.png,sprites-processed/icon/meowth-gmax.png,sprites-processed/icon-frame2/meowth-gmax.png,8
metagross-mega,metagross-mega,SPECIAL_FORM,sprites-processed/front/metagross-mega.png,sprites-processed/back/metagross-mega.png,sprites-processed/front-shiny/metagross-mega.png,sprites-processed/back-shiny/metagross-mega.png,sprites-processed/icon/metagross-mega.png,sprites-processed/icon-frame2/metagross-mega.png,8
mewtwo-mega-x,mewtwo-mega-x,SPECIAL_FORM,sprites-processed/front/mewtwo-mega-x.png,sprites-processed/back/mewtwo-mega-x.png,sprites-processed/front-shiny/mewtwo-mega-x.png,sprites-processed/back-shiny/mewtwo-mega-x.png,sprites-processed/icon/mewtwo-mega-x.png,sprites-processed/icon-frame2/mewtwo-mega-x.png,8
mewtwo-mega-y,mewtwo-mega-y,SPECIAL_FORM,sprites-processed/front/mewtwo-mega-y.png,sprites-processed/back/mewtwo-mega-y.png,sprites-processed/front-shiny/mewtwo-mega-y.png,sprites-processed/back-shiny/mewtwo-mega-y.png,sprites-processed/icon/mewtwo-mega-y.png,sprites-processed/icon-frame2/mewtwo-mega-y.png,8
moltres-galar,moltres-galar,SPECIAL_FORM,sprites-processed/front/moltres-galar.png,sprites-processed/back/moltres-galar.png,sprites-processed/front-shiny/moltres-galar.png,sprites-processed/back-shiny/moltres-galar.png,sprites-processed/icon/moltres-galar.png,sprites-processed/icon-frame2/moltres-galar.png,8
mr-mime-galar,mr-mime-galar,SPECIAL_FORM,sprites-processed/front/mr-mime-galar.png,sprites-processed/back/mr-mime-galar.png,sprites-processed/front-shiny/mr-mime-galar.png,sprites-processed/back-shiny/mr-mime-galar.png,sprites-processed/icon/mr-mime-galar.png,sprites-processed/icon-frame2/mr-mime-galar.png,8
muk-alola,muk-alola,SPECIAL_FORM,sprites-processed/front/muk-alola.png,sprites-processed/back/muk-alola.png,sprites-processed/front-shiny/muk-alola.png,sprites-processed/back-shiny/muk-alola.png,sprites-processed/icon/muk-alola.png,sprites-processed/icon-frame2/muk-alola.png,8
ninetales-alola,ninetales-alola,SPECIAL_FORM,sprites-processed/front/ninetales-alola.png,sprites-processed/back/ninetales-alola.png,sprites-processed/front-shiny/ninetales-alola.png,sprites-processed/back-shiny/ninetales-alola.png,sprites-processed/icon/ninetales-alola.png,sprites-processed/icon-frame2/ninetales-alola.png,8
orbeetle-gmax,orbeetle-gmax,SPECIAL_FORM,sprites-processed/front/orbeetle-gmax.png,sprites-processed/back/orbeetle-gmax.png,sprites-processed/front-shiny/orbeetle-gmax.png,sprites-processed/back-shiny/orbeetle-gmax.png,sprites-processed/icon/orbeetle-gmax.png,sprites-processed/icon-frame2/orbeetle-gmax.png,8
palkia-origin,palkia-origin,SPECIAL_FORM,sprites-processed/front/palkia-origin.png,sprites-processed/back/palkia-origin.png,sprites-processed/front-shiny/palkia-origin.png,sprites-processed/back-shiny/palkia-origin.png,sprites-processed/icon/palkia-origin.png,sprites-processed/icon-frame2/palkia-origin.png,8
persian-alola,persian-alola,SPECIAL_FORM,sprites-processed/front/persian-alola.png,sprites-processed/back/persian-alola.png,sprites-processed/front-shiny/persian-alola.png,sprites-processed/back-shiny/persian-alola.png,sprites-processed/icon/persian-alola.png,sprites-processed/icon-frame2/persian-alola.png,8
pidgeot-mega,pidgeot-mega,SPECIAL_FORM,sprites-processed/front/pidgeot-mega.png,sprites-processed/back/pidgeot-mega.png,sprites-processed/front-shiny/pidgeot-mega.png,sprites-processed/back-shiny/pidgeot-mega.png,sprites-processed/icon/pidgeot-mega.png,sprites-processed/icon-frame2/pidgeot-mega.png,8
pikachu-alola-cap,pikachu-alola-cap,SPECIAL_FORM,sprites-processed/front/pikachu-alola-cap.png,sprites-processed/back/pikachu-alola-cap.png,sprites-processed/front-shiny/pikachu-alola-cap.png,sprites-processed/back-shiny/pikachu-alola-cap.png,sprites-processed/icon/pikachu-alola-cap.png,sprites-processed/icon-frame2/pikachu-alola-cap.png,8
pikachu-gmax,pikachu-gmax,SPECIAL_FORM,sprites-processed/front/pikachu-gmax.png,sprites-processed/back/pikachu-gmax.png,sprites-processed/front-shiny/pikachu-gmax.png,sprites-processed/back-shiny/pikachu-gmax.png,sprites-processed/icon/pikachu-gmax.png,sprites-processed/icon-frame2/pikachu-gmax.png,8
pikachu-original-cap,pikachu-original-cap,SPECIAL_FORM,sprites-processed/front/pikachu-original-cap.png,sprites-processed/back/pikachu-original-cap.png,sprites-processed/front-shiny/pikachu-original-cap.png,sprites-processed/back-shiny/pikachu-original-cap.png,sprites-processed/icon/pikachu-original-cap.png,sprites-processed/icon-frame2/pikachu-original-cap.png,8
pinsir-mega,pinsir-mega,SPECIAL_FORM,sprites-processed/front/pinsir-mega.png,sprites-processed/back/pinsir-mega.png,sprites-processed/front-shiny/pinsir-mega.png,sprites-processed/back-shiny/pinsir-mega.png,sprites-processed/icon/pinsir-mega.png,sprites-processed/icon-frame2/pinsir-mega.png,8
ponyta-galar,ponyta-galar,SPECIAL_FORM,sprites-processed/front/ponyta-galar.png,sprites-processed/back/ponyta-galar.png,sprites-processed/front-shiny/ponyta-galar.png,sprites-processed/back-shiny/ponyta-galar.png,sprites-processed/icon/ponyta-galar.png,sprites-processed/icon-frame2/ponyta-galar.png,8
pyroar-mega,pyroar-mega,SPECIAL_FORM,sprites-processed/front/pyroar-mega.png,sprites-processed/back/pyroar-mega.png,sprites-processed/front-shiny/pyroar-mega.png,sprites-processed/back-shiny/pyroar-mega.png,sprites-processed/icon/pyroar-mega.png,sprites-processed/icon-frame2/pyroar-mega.png,8
qwilfish-hisui,qwilfish-hisui,SPECIAL_FORM,sprites-processed/front/qwilfish-hisui.png,sprites-processed/back/qwilfish-hisui.png,sprites-processed/front-shiny/qwilfish-hisui.png,sprites-processed/back-shiny/qwilfish-hisui.png,sprites-processed/icon/qwilfish-hisui.png,sprites-processed/icon-frame2/qwilfish-hisui.png,8
raichu-alola,raichu-alola,SPECIAL_FORM,sprites-processed/front/raichu-alola.png,sprites-processed/back/raichu-alola.png,sprites-processed/front-shiny/raichu-alola.png,sprites-processed/back-shiny/raichu-alola.png,sprites-processed/icon/raichu-alola.png,sprites-processed/icon-frame2/raichu-alola.png,8
raichu-mega-x,raichu-mega-x,SPECIAL_FORM,sprites-processed/front/raichu-mega-x.png,sprites-processed/back/raichu-mega-x.png,sprites-processed/front-shiny/raichu-mega-x.png,sprites-processed/back-shiny/raichu-mega-x.png,sprites-processed/icon/raichu-mega-x.png,sprites-processed/icon-frame2/raichu-mega-x.png,8
rapidash-galar,rapidash-galar,SPECIAL_FORM,sprites-processed/front/rapidash-galar.png,sprites-processed/back/rapidash-galar.png,sprites-processed/front-shiny/rapidash-galar.png,sprites-processed/back-shiny/rapidash-galar.png,sprites-processed/icon/rapidash-galar.png,sprites-processed/icon-frame2/rapidash-galar.png,8
raticate-alola,raticate-alola,SPECIAL_FORM,sprites-processed/front/raticate-alola.png,sprites-processed/back/raticate-alola.png,sprites-processed/front-shiny/raticate-alola.png,sprites-processed/back-shiny/raticate-alola.png,sprites-processed/icon/raticate-alola.png,sprites-processed/icon-frame2/raticate-alola.png,8
rattata-alola,rattata-alola,SPECIAL_FORM,sprites-processed/front/rattata-alola.png,sprites-processed/back/rattata-alola.png,sprites-processed/front-shiny/rattata-alola.png,sprites-processed/back-shiny/rattata-alola.png,sprites-processed/icon/rattata-alola.png,sprites-processed/icon-frame2/rattata-alola.png,8
rayquaza-mega,rayquaza-mega,SPECIAL_FORM,sprites-processed/front/rayquaza-mega.png,sprites-processed/back/rayquaza-mega.png,sprites-processed/front-shiny/rayquaza-mega.png,sprites-processed/back-shiny/rayquaza-mega.png,sprites-processed/icon/rayquaza-mega.png,sprites-processed/icon-frame2/rayquaza-mega.png,8
rillaboom-gmax,rillaboom-gmax,SPECIAL_FORM,sprites-processed/front/rillaboom-gmax.png,sprites-processed/back/rillaboom-gmax.png,sprites-processed/front-shiny/rillaboom-gmax.png,sprites-processed/back-shiny/rillaboom-gmax.png,sprites-processed/icon/rillaboom-gmax.png,sprites-processed/icon-frame2/rillaboom-gmax.png,8
sableye-mega,sableye-mega,SPECIAL_FORM,sprites-processed/front/sableye-mega.png,sprites-processed/back/sableye-mega.png,sprites-processed/front-shiny/sableye-mega.png,sprites-processed/back-shiny/sableye-mega.png,sprites-processed/icon/sableye-mega.png,sprites-processed/icon-frame2/sableye-mega.png,8
salamence-mega,salamence-mega,SPECIAL_FORM,sprites-processed/front/salamence-mega.png,sprites-processed/back/salamence-mega.png,sprites-processed/front-shiny/salamence-mega.png,sprites-processed/back-shiny/salamence-mega.png,sprites-processed/icon/salamence-mega.png,sprites-processed/icon-frame2/salamence-mega.png,8
samurott-hisui,samurott-hisui,SPECIAL_FORM,sprites-processed/front/samurott-hisui.png,sprites-processed/back/samurott-hisui.png,sprites-processed/front-shiny/samurott-hisui.png,sprites-processed/back-shiny/samurott-hisui.png,sprites-processed/icon/samurott-hisui.png,sprites-processed/icon-frame2/samurott-hisui.png,8
sandaconda-gmax,sandaconda-gmax,SPECIAL_FORM,sprites-processed/front/sandaconda-gmax.png,sprites-processed/back/sandaconda-gmax.png,sprites-processed/front-shiny/sandaconda-gmax.png,sprites-processed/back-shiny/sandaconda-gmax.png,sprites-processed/icon/sandaconda-gmax.png,sprites-processed/icon-frame2/sandaconda-gmax.png,8
sandshrew-alola,sandshrew-alola,SPECIAL_FORM,sprites-processed/front/sandshrew-alola.png,sprites-processed/back/sandshrew-alola.png,sprites-processed/front-shiny/sandshrew-alola.png,sprites-processed/back-shiny/sandshrew-alola.png,sprites-processed/icon/sandshrew-alola.png,sprites-processed/icon-frame2/sandshrew-alola.png,8
sandslash-alola,sandslash-alola,SPECIAL_FORM,sprites-processed/front/sandslash-alola.png,sprites-processed/back/sandslash-alola.png,sprites-processed/front-shiny/sandslash-alola.png,sprites-processed/back-shiny/sandslash-alola.png,sprites-processed/icon/sandslash-alola.png,sprites-processed/icon-frame2/sandslash-alola.png,8
sceptile-mega,sceptile-mega,SPECIAL_FORM,sprites-processed/front/sceptile-mega.png,sprites-processed/back/sceptile-mega.png,sprites-processed/front-shiny/sceptile-mega.png,sprites-processed/back-shiny/sceptile-mega.png,sprites-processed/icon/sceptile-mega.png,sprites-processed/icon-frame2/sceptile-mega.png,8
scizor-mega,scizor-mega,SPECIAL_FORM,sprites-processed/front/scizor-mega.png,sprites-processed/back/scizor-mega.png,sprites-processed/front-shiny/scizor-mega.png,sprites-processed/back-shiny/scizor-mega.png,sprites-processed/icon/scizor-mega.png,sprites-processed/icon-frame2/scizor-mega.png,8
scolipede-mega,scolipede-mega,SPECIAL_FORM,sprites-processed/front/scolipede-mega.png,sprites-processed/back/scolipede-mega.png,sprites-processed/front-shiny/scolipede-mega.png,sprites-processed/back-shiny/scolipede-mega.png,sprites-processed/icon/scolipede-mega.png,sprites-processed/icon-frame2/scolipede-mega.png,8
scovillain-mega,scovillain-mega,SPECIAL_FORM,sprites-processed/front/scovillain-mega.png,sprites-processed/back/scovillain-mega.png,sprites-processed/front-shiny/scovillain-mega.png,sprites-processed/back-shiny/scovillain-mega.png,sprites-processed/icon/scovillain-mega.png,sprites-processed/icon-frame2/scovillain-mega.png,8
scrafty-mega,scrafty-mega,SPECIAL_FORM,sprites-processed/front/scrafty-mega.png,sprites-processed/back/scrafty-mega.png,sprites-processed/front-shiny/scrafty-mega.png,sprites-processed/back-shiny/scrafty-mega.png,sprites-processed/icon/scrafty-mega.png,sprites-processed/icon-frame2/scrafty-mega.png,8
sharpedo-mega,sharpedo-mega,SPECIAL_FORM,sprites-processed/front/sharpedo-mega.png,sprites-processed/back/sharpedo-mega.png,sprites-processed/front-shiny/sharpedo-mega.png,sprites-processed/back-shiny/sharpedo-mega.png,sprites-processed/icon/sharpedo-mega.png,sprites-processed/icon-frame2/sharpedo-mega.png,8
skarmory-mega,skarmory-mega,SPECIAL_FORM,sprites-processed/front/skarmory-mega.png,sprites-processed/back/skarmory-mega.png,sprites-processed/front-shiny/skarmory-mega.png,sprites-processed/back-shiny/skarmory-mega.png,sprites-processed/icon/skarmory-mega.png,sprites-processed/icon-frame2/skarmory-mega.png,8
sliggoo-hisui,sliggoo-hisui,SPECIAL_FORM,sprites-processed/front/sliggoo-hisui.png,sprites-processed/back/sliggoo-hisui.png,sprites-processed/front-shiny/sliggoo-hisui.png,sprites-processed/back-shiny/sliggoo-hisui.png,sprites-processed/icon/sliggoo-hisui.png,sprites-processed/icon-frame2/sliggoo-hisui.png,8
slowbro-galar,slowbro-galar,SPECIAL_FORM,sprites-processed/front/slowbro-galar.png,sprites-processed/back/slowbro-galar.png,sprites-processed/front-shiny/slowbro-galar.png,sprites-processed/back-shiny/slowbro-galar.png,sprites-processed/icon/slowbro-galar.png,sprites-processed/icon-frame2/slowbro-galar.png,8
slowbro-mega,slowbro-mega,SPECIAL_FORM,sprites-processed/front/slowbro-mega.png,sprites-processed/back/slowbro-mega.png,sprites-processed/front-shiny/slowbro-mega.png,sprites-processed/back-shiny/slowbro-mega.png,sprites-processed/icon/slowbro-mega.png,sprites-processed/icon-frame2/slowbro-mega.png,8
slowking-galar,slowking-galar,SPECIAL_FORM,sprites-processed/front/slowking-galar.png,sprites-processed/back/slowking-galar.png,sprites-processed/front-shiny/slowking-galar.png,sprites-processed/back-shiny/slowking-galar.png,sprites-processed/icon/slowking-galar.png,sprites-processed/icon-frame2/slowking-galar.png,8
slowpoke-galar,slowpoke-galar,SPECIAL_FORM,sprites-processed/front/slowpoke-galar.png,sprites-processed/back/slowpoke-galar.png,sprites-processed/front-shiny/slowpoke-galar.png,sprites-processed/back-shiny/slowpoke-galar.png,sprites-processed/icon/slowpoke-galar.png,sprites-processed/icon-frame2/slowpoke-galar.png,8
sneasel-hisui,sneasel-hisui,SPECIAL_FORM,sprites-processed/front/sneasel-hisui.png,sprites-processed/back/sneasel-hisui.png,sprites-processed/front-shiny/sneasel-hisui.png,sprites-processed/back-shiny/sneasel-hisui.png,sprites-processed/icon/sneasel-hisui.png,sprites-processed/icon-frame2/sneasel-hisui.png,10
snorlax-gmax,snorlax-gmax,SPECIAL_FORM,sprites-processed/front/snorlax-gmax.png,sprites-processed/back/snorlax-gmax.png,sprites-processed/front-shiny/snorlax-gmax.png,sprites-processed/back-shiny/snorlax-gmax.png,sprites-processed/icon/snorlax-gmax.png,sprites-processed/icon-frame2/snorlax-gmax.png,8
staraptor-mega,staraptor-mega,SPECIAL_FORM,sprites-processed/front/staraptor-mega.png,sprites-processed/back/staraptor-mega.png,sprites-processed/front-shiny/staraptor-mega.png,sprites-processed/back-shiny/staraptor-mega.png,sprites-processed/icon/staraptor-mega.png,sprites-processed/icon-frame2/staraptor-mega.png,8
starmie-mega,starmie-mega,SPECIAL_FORM,sprites-processed/front/starmie-mega.png,sprites-processed/back/starmie-mega.png,sprites-processed/front-shiny/starmie-mega.png,sprites-processed/back-shiny/starmie-mega.png,sprites-processed/icon/starmie-mega.png,sprites-processed/icon-frame2/starmie-mega.png,8
steelix-mega,steelix-mega,SPECIAL_FORM,sprites-processed/front/steelix-mega.png,sprites-processed/back/steelix-mega.png,sprites-processed/front-shiny/steelix-mega.png,sprites-processed/back-shiny/steelix-mega.png,sprites-processed/icon/steelix-mega.png,sprites-processed/icon-frame2/steelix-mega.png,8
stunfisk-galar,stunfisk-galar,SPECIAL_FORM,sprites-processed/front/stunfisk-galar.png,sprites-processed/back/stunfisk-galar.png,sprites-processed/front-shiny/stunfisk-galar.png,sprites-processed/back-shiny/stunfisk-galar.png,sprites-processed/icon/stunfisk-galar.png,sprites-processed/icon-frame2/stunfisk-galar.png,8
swampert-mega,swampert-mega,SPECIAL_FORM,sprites-processed/front/swampert-mega.png,sprites-processed/back/swampert-mega.png,sprites-processed/front-shiny/swampert-mega.png,sprites-processed/back-shiny/swampert-mega.png,sprites-processed/icon/swampert-mega.png,sprites-processed/icon-frame2/swampert-mega.png,8
tauros-paldea-aqua-breed,tauros-paldea-aqua-breed,SPECIAL_FORM,sprites-processed/front/tauros-paldea-aqua-breed.png,sprites-processed/back/tauros-paldea-aqua-breed.png,sprites-processed/front-shiny/tauros-paldea-aqua-breed.png,sprites-processed/back-shiny/tauros-paldea-aqua-breed.png,sprites-processed/icon/tauros-paldea-aqua-breed.png,sprites-processed/icon-frame2/tauros-paldea-aqua-breed.png,8
tauros-paldea-blaze-breed,tauros-paldea-blaze-breed,SPECIAL_FORM,sprites-processed/front/tauros-paldea-blaze-breed.png,sprites-processed/back/tauros-paldea-blaze-breed.png,sprites-processed/front-shiny/tauros-paldea-blaze-breed.png,sprites-processed/back-shiny/tauros-paldea-blaze-breed.png,sprites-processed/icon/tauros-paldea-blaze-breed.png,sprites-processed/icon-frame2/tauros-paldea-blaze-breed.png,8
tauros-paldea-combat-breed,tauros-paldea-combat-breed,SPECIAL_FORM,sprites-processed/front/tauros-paldea-combat-breed.png,sprites-processed/back/tauros-paldea-combat-breed.png,sprites-processed/front-shiny/tauros-paldea-combat-breed.png,sprites-processed/back-shiny/tauros-paldea-combat-breed.png,sprites-processed/icon/tauros-paldea-combat-breed.png,sprites-processed/icon-frame2/tauros-paldea-combat-breed.png,8
thundurus-therian,thundurus-therian,SPECIAL_FORM,sprites-processed/front/thundurus-therian.png,sprites-processed/back/thundurus-therian.png,sprites-processed/front-shiny/thundurus-therian.png,sprites-processed/back-shiny/thundurus-therian.png,sprites-processed/icon/thundurus-therian.png,sprites-processed/icon-frame2/thundurus-therian.png,8
tornadus-therian,tornadus-therian,SPECIAL_FORM,sprites-processed/front/tornadus-therian.png,sprites-processed/back/tornadus-therian.png,sprites-processed/front-shiny/tornadus-therian.png,sprites-processed/back-shiny/tornadus-therian.png,sprites-processed/icon/tornadus-therian.png,sprites-processed/icon-frame2/tornadus-therian.png,8
toxtricity-amped-gmax,toxtricity-amped-gmax,SPECIAL_FORM,sprites-processed/front/toxtricity-amped-gmax.png,sprites-processed/back/toxtricity-amped-gmax.png,sprites-processed/front-shiny/toxtricity-amped-gmax.png,sprites-processed/back-shiny/toxtricity-amped-gmax.png,sprites-processed/icon/toxtricity-amped-gmax.png,sprites-processed/icon-frame2/toxtricity-amped-gmax.png,8
toxtricity-low-key-gmax,toxtricity-low-key-gmax,SPECIAL_FORM,sprites-processed/front/toxtricity-low-key-gmax.png,sprites-processed/back/toxtricity-low-key-gmax.png,sprites-processed/front-shiny/toxtricity-low-key-gmax.png,sprites-processed/back-shiny/toxtricity-low-key-gmax.png,sprites-processed/icon/toxtricity-low-key-gmax.png,sprites-processed/icon-frame2/toxtricity-low-key-gmax.png,8
typhlosion-hisui,typhlosion-hisui,SPECIAL_FORM,sprites-processed/front/typhlosion-hisui.png,sprites-processed/back/typhlosion-hisui.png,sprites-processed/front-shiny/typhlosion-hisui.png,sprites-processed/back-shiny/typhlosion-hisui.png,sprites-processed/icon/typhlosion-hisui.png,sprites-processed/icon-frame2/typhlosion-hisui.png,8
tyranitar-mega,tyranitar-mega,SPECIAL_FORM,sprites-processed/front/tyranitar-mega.png,sprites-processed/back/tyranitar-mega.png,sprites-processed/front-shiny/tyranitar-mega.png,sprites-processed/back-shiny/tyranitar-mega.png,sprites-processed/icon/tyranitar-mega.png,sprites-processed/icon-frame2/tyranitar-mega.png,8
urshifu-rapid-strike-gmax,urshifu-rapid-strike-gmax,SPECIAL_FORM,sprites-processed/front/urshifu-rapid-strike-gmax.png,sprites-processed/back/urshifu-rapid-strike-gmax.png,sprites-processed/front-shiny/urshifu-rapid-strike-gmax.png,sprites-processed/back-shiny/urshifu-rapid-strike-gmax.png,sprites-processed/icon/urshifu-rapid-strike-gmax.png,sprites-processed/icon-frame2/urshifu-rapid-strike-gmax.png,8
urshifu-single-strike-gmax,urshifu-single-strike-gmax,SPECIAL_FORM,sprites-processed/front/urshifu-single-strike-gmax.png,sprites-processed/back/urshifu-single-strike-gmax.png,sprites-processed/front-shiny/urshifu-single-strike-gmax.png,sprites-processed/back-shiny/urshifu-single-strike-gmax.png,sprites-processed/icon/urshifu-single-strike-gmax.png,sprites-processed/icon-frame2/urshifu-single-strike-gmax.png,8
venusaur-gmax,venusaur-gmax,SPECIAL_FORM,sprites-processed/front/venusaur-gmax.png,sprites-processed/back/venusaur-gmax.png,sprites-processed/front-shiny/venusaur-gmax.png,sprites-processed/back-shiny/venusaur-gmax.png,sprites-processed/icon/venusaur-gmax.png,sprites-processed/icon-frame2/venusaur-gmax.png,8
venusaur-mega,venusaur-mega,SPECIAL_FORM,sprites-processed/front/venusaur-mega.png,sprites-processed/back/venusaur-mega.png,sprites-processed/front-shiny/venusaur-mega.png,sprites-processed/back-shiny/venusaur-mega.png,sprites-processed/icon/venusaur-mega.png,sprites-processed/icon-frame2/venusaur-mega.png,8
victreebel-mega,victreebel-mega,SPECIAL_FORM,sprites-processed/front/victreebel-mega.png,sprites-processed/back/victreebel-mega.png,sprites-processed/front-shiny/victreebel-mega.png,sprites-processed/back-shiny/victreebel-mega.png,sprites-processed/icon/victreebel-mega.png,sprites-processed/icon-frame2/victreebel-mega.png,8
voltorb-hisui,voltorb-hisui,SPECIAL_FORM,sprites-processed/front/voltorb-hisui.png,sprites-processed/back/voltorb-hisui.png,sprites-processed/front-shiny/voltorb-hisui.png,sprites-processed/back-shiny/voltorb-hisui.png,sprites-processed/icon/voltorb-hisui.png,sprites-processed/icon-frame2/voltorb-hisui.png,8
vulpix-alola,vulpix-alola,SPECIAL_FORM,sprites-processed/front/vulpix-alola.png,sprites-processed/back/vulpix-alola.png,sprites-processed/front-shiny/vulpix-alola.png,sprites-processed/back-shiny/vulpix-alola.png,sprites-processed/icon/vulpix-alola.png,sprites-processed/icon-frame2/vulpix-alola.png,8
weezing-galar,weezing-galar,SPECIAL_FORM,sprites-processed/front/weezing-galar.png,sprites-processed/back/weezing-galar.png,sprites-processed/front-shiny/weezing-galar.png,sprites-processed/back-shiny/weezing-galar.png,sprites-processed/icon/weezing-galar.png,sprites-processed/icon-frame2/weezing-galar.png,8
wooper-paldea,wooper-paldea,SPECIAL_FORM,sprites-processed/front/wooper-paldea.png,sprites-processed/back/wooper-paldea.png,sprites-processed/front-shiny/wooper-paldea.png,sprites-processed/back-shiny/wooper-paldea.png,sprites-processed/icon/wooper-paldea.png,sprites-processed/icon-frame2/wooper-paldea.png,8
yamask-galar,yamask-galar,SPECIAL_FORM,sprites-processed/front/yamask-galar.png,sprites-processed/back/yamask-galar.png,sprites-processed/front-shiny/yamask-galar.png,sprites-processed/back-shiny/yamask-galar.png,sprites-processed/icon/yamask-galar.png,sprites-processed/icon-frame2/yamask-galar.png,8
yanmega,yanmega,SPECIAL_FORM,sprites-processed/front/yanmega.png,sprites-processed/back/yanmega.png,sprites-processed/front-shiny/yanmega.png,sprites-processed/back-shiny/yanmega.png,sprites-processed/icon/yanmega.png,sprites-processed/icon-frame2/yanmega.png,8
zapdos-galar,zapdos-galar,SPECIAL_FORM,sprites-processed/front/zapdos-galar.png,sprites-processed/back/zapdos-galar.png,sprites-processed/front-shiny/zapdos-galar.png,floating-pokemon/back-shiny__zapdos-galar.png,sprites-processed/icon/zapdos-galar.png,sprites-processed/icon-frame2/zapdos-galar.png,9
zeraora-mega,zeraora-mega,SPECIAL_FORM,sprites-processed/front/zeraora-mega.png,sprites-processed/back/zeraora-mega.png,sprites-processed/front-shiny/zeraora-mega.png,sprites-processed/back-shiny/zeraora-mega.png,sprites-processed/icon/zeraora-mega.png,sprites-processed/icon-frame2/zeraora-mega.png,8
zigzagoon-galar,zigzagoon-galar,SPECIAL_FORM,sprites-processed/front/zigzagoon-galar.png,sprites-processed/back/zigzagoon-galar.png,sprites-processed/front-shiny/zigzagoon-galar.png,sprites-processed/back-shiny/zigzagoon-galar.png,sprites-processed/icon/zigzagoon-galar.png,sprites-processed/icon-frame2/zigzagoon-galar.png,8
zoroark-hisui,zoroark-hisui,SPECIAL_FORM,sprites-processed/front/zoroark-hisui.png,sprites-processed/back/zoroark-hisui.png,sprites-processed/front-shiny/zoroark-hisui.png,sprites-processed/back-shiny/zoroark-hisui.png,sprites-processed/icon/zoroark-hisui.png,sprites-processed/icon-frame2/zoroark-hisui.png,8
zorua-hisui,zorua-hisui,SPECIAL_FORM,sprites-processed/front/zorua-hisui.png,sprites-processed/back/zorua-hisui.png,sprites-processed/front-shiny/zorua-hisui.png,sprites-processed/back-shiny/zorua-hisui.png,sprites-processed/icon/zorua-hisui.png,sprites-processed/icon-frame2/zorua-hisui.png,8
zygarde-mega,zygarde-mega,SPECIAL_FORM,sprites-processed/front/zygarde-mega.png,floating-pokemon/back__zygarde-mega.png,sprites-processed/front-shiny/zygarde-mega.png,sprites-processed/back-shiny/zygarde-mega.png,sprites-processed/icon/zygarde-mega.png,sprites-processed/icon-frame2/zygarde-mega.png,9
