mercury_key,triage_category,next_action,source,staged_files,source_found
abomasnow-santa,BASE_OR_OTHER,SEARCH_MORE_DS_SOURCES_THEN_CONVERT,ER-nextdex,back|back_shiny|front|front_shiny,True
abra-redux,REDUX_OR_DELTA_STYLE,CONVERT_IF_SOURCE_CLEAN_ELSE_REVIEW,ER-nextdex,back|back_shiny|front|front_shiny,True
abyssand,BASE_OR_OTHER,SEARCH_MORE_DS_SOURCES_THEN_CONVERT,ER-nextdex,back|back_shiny|front|front_shiny,True
aegislash-blade-redux,REDUX_OR_DELTA_STYLE,CONVERT_IF_SOURCE_CLEAN_ELSE_REVIEW,ER-nextdex,back|back_shiny|front|front_shiny,True
aegislash-blade-redux-mega,REDUX_OR_DELTA_STYLE,CONVERT_IF_SOURCE_CLEAN_ELSE_REVIEW,ER-nextdex,back|back_shiny|front|front_shiny,True
aegislash-redux,REDUX_OR_DELTA_STYLE,CONVERT_IF_SOURCE_CLEAN_ELSE_REVIEW,ER-nextdex,back|back_shiny|front|front_shiny,True
aegislash-redux-mega,REDUX_OR_DELTA_STYLE,CONVERT_IF_SOURCE_CLEAN_ELSE_REVIEW,ER-nextdex,back|back_shiny|front|front_shiny,True
aggron-redux,REDUX_OR_DELTA_STYLE,CONVERT_IF_SOURCE_CLEAN_ELSE_REVIEW,ER-nextdex,back|back_shiny|front|front_shiny,True
aggron-redux-mega,REDUX_OR_DELTA_STYLE,CONVERT_IF_SOURCE_CLEAN_ELSE_REVIEW,ER-nextdex,back|back_shiny|front|front_shiny,True
alakazam-mega-redux,REDUX_OR_DELTA_STYLE,CONVERT_IF_SOURCE_CLEAN_ELSE_REVIEW,ER-nextdex,back|back_shiny|front|front_shiny,True
alakazam-redux,REDUX_OR_DELTA_STYLE,CONVERT_IF_SOURCE_CLEAN_ELSE_REVIEW,ER-nextdex,back|back_shiny|front|front_shiny,True
alcremie-mega,CUSTOM_MEGA,CONVERT_IF_SOURCE_CLEAN_ELSE_NATIVE_REMAKE,ER-nextdex,back|back_shiny|front|front_shiny,True
altaria-redux,REDUX_OR_DELTA_STYLE,CONVERT_IF_SOURCE_CLEAN_ELSE_REVIEW,ER-nextdex,back|back_shiny|front|front_shiny,True
altaria-redux-mega,REDUX_OR_DELTA_STYLE,CONVERT_IF_SOURCE_CLEAN_ELSE_REVIEW,ER-nextdex,back|back_shiny|front|front_shiny,True
amphybuzz,BASE_OR_OTHER,SEARCH_MORE_DS_SOURCES_THEN_CONVERT,ER-nextdex,back|back_shiny|front|front_shiny,True
amphybuzz-mega,CUSTOM_MEGA,CONVERT_IF_SOURCE_CLEAN_ELSE_NATIVE_REMAKE,ER-nextdex,back|back_shiny|front|front_shiny,True
arachtres,BASE_OR_OTHER,SEARCH_MORE_DS_SOURCES_THEN_CONVERT,ER-nextdex,back|back_shiny|front|front_shiny,True
araquanid-redux,REDUX_OR_DELTA_STYLE,CONVERT_IF_SOURCE_CLEAN_ELSE_REVIEW,ER-nextdex,back|back_shiny|front|front_shiny,True
arashinne,BASE_OR_OTHER,SEARCH_MORE_DS_SOURCES_THEN_CONVERT,ER-nextdex,back|back_shiny|front|front_shiny,True
arbok-mega,CUSTOM_MEGA,CONVERT_IF_SOURCE_CLEAN_ELSE_NATIVE_REMAKE,ER-nextdex,back|back_shiny|front|front_shiny,True
arcanine-hisuian-mega,CUSTOM_MEGA,CONVERT_IF_SOURCE_CLEAN_ELSE_NATIVE_REMAKE,ER-nextdex,back|back_shiny|front|front_shiny,True
arcanine-mega,CUSTOM_MEGA,CONVERT_IF_SOURCE_CLEAN_ELSE_NATIVE_REMAKE,ER-nextdex,back|back_shiny|front|front_shiny,True
arcanine-mega-redux,REDUX_OR_DELTA_STYLE,CONVERT_IF_SOURCE_CLEAN_ELSE_REVIEW,ER-nextdex,back|back_shiny|front|front_shiny,True
arcanine-redux,REDUX_OR_DELTA_STYLE,CONVERT_IF_SOURCE_CLEAN_ELSE_REVIEW,ER-nextdex,back|back_shiny|front|front_shiny,True
aron-redux,REDUX_OR_DELTA_STYLE,CONVERT_IF_SOURCE_CLEAN_ELSE_REVIEW,ER-nextdex,back|back_shiny|front|front_shiny,True
articuno-ex,BASE_OR_OTHER,SEARCH_MORE_DS_SOURCES_THEN_CONVERT,ER-nextdex,back|back_shiny|front|front_shiny,True
articuno-ex-mega,CUSTOM_MEGA,CONVERT_IF_SOURCE_CLEAN_ELSE_NATIVE_REMAKE,ER-nextdex,back|back_shiny|front|front_shiny,True
azelf-redux,REDUX_OR_DELTA_STYLE,CONVERT_IF_SOURCE_CLEAN_ELSE_REVIEW,ER-nextdex,back|back_shiny|front|front_shiny,True
bariong,BASE_OR_OTHER,SEARCH_MORE_DS_SOURCES_THEN_CONVERT,ER-nextdex,back|back_shiny|front|front_shiny,True
beedrill-mega-redux,REDUX_OR_DELTA_STYLE,CONVERT_IF_SOURCE_CLEAN_ELSE_REVIEW,ER-nextdex,back|back_shiny|front|front_shiny,True
beedrill-redux,REDUX_OR_DELTA_STYLE,CONVERT_IF_SOURCE_CLEAN_ELSE_REVIEW,ER-nextdex,back|back_shiny|front|front_shiny,True
beefender,BASE_OR_OTHER,SEARCH_MORE_DS_SOURCES_THEN_CONVERT,ER-nextdex,back|back_shiny|front|front_shiny,True
bellsprout-redux,REDUX_OR_DELTA_STYLE,CONVERT_IF_SOURCE_CLEAN_ELSE_REVIEW,ER-nextdex,back|back_shiny|front|front_shiny,True
beniccino,BASE_OR_OTHER,SEARCH_MORE_DS_SOURCES_THEN_CONVERT,ER-nextdex,back|back_shiny|front|front_shiny,True
bewarden,BASE_OR_OTHER,SEARCH_MORE_DS_SOURCES_THEN_CONVERT,ER-nextdex,back|back_shiny|front|front_shiny,True
bewarden-redux,REDUX_OR_DELTA_STYLE,CONVERT_IF_SOURCE_CLEAN_ELSE_REVIEW,ER-nextdex,back|back_shiny|front|front_shiny,True
bewear-angry,BASE_OR_OTHER,SEARCH_MORE_DS_SOURCES_THEN_CONVERT,ER-nextdex,back|back_shiny|front|front_shiny,True
bewear-redux,REDUX_OR_DELTA_STYLE,CONVERT_IF_SOURCE_CLEAN_ELSE_REVIEW,ER-nextdex,back|back_shiny|front|front_shiny,True
bisharp-redux,REDUX_OR_DELTA_STYLE,CONVERT_IF_SOURCE_CLEAN_ELSE_REVIEW,ER-nextdex,back|back_shiny|front|front_shiny,True
blastoise-mega-x,CUSTOM_MEGA,CONVERT_IF_SOURCE_CLEAN_ELSE_NATIVE_REMAKE,ER-nextdex,back|back_shiny|front|front_shiny,True
blissey-redux,REDUX_OR_DELTA_STYLE,CONVERT_IF_SOURCE_CLEAN_ELSE_REVIEW,ER-nextdex,back|back_shiny|front|front_shiny,True
blizzard-maw,BASE_OR_OTHER,SEARCH_MORE_DS_SOURCES_THEN_CONVERT,ER-nextdex,back|back_shiny|front|front_shiny,True
blocli,BASE_OR_OTHER,SEARCH_MORE_DS_SOURCES_THEN_CONVERT,ER-nextdex,back|back_shiny|front|front_shiny,True
bloxtack,BASE_OR_OTHER,SEARCH_MORE_DS_SOURCES_THEN_CONVERT,ER-nextdex,back|back_shiny|front|front_shiny,True
boarlock,BASE_OR_OTHER,SEARCH_MORE_DS_SOURCES_THEN_CONVERT,ER-nextdex,back|back_shiny|front|front_shiny,True
bounsweet-redux,REDUX_OR_DELTA_STYLE,CONVERT_IF_SOURCE_CLEAN_ELSE_REVIEW,ER-nextdex,back|back_shiny|front|front_shiny,True
breezing,BASE_OR_OTHER,SEARCH_MORE_DS_SOURCES_THEN_CONVERT,ER-nextdex,back|back_shiny|front|front_shiny,True
breloom-mega,CUSTOM_MEGA,CONVERT_IF_SOURCE_CLEAN_ELSE_NATIVE_REMAKE,ER-nextdex,back|back_shiny|front|front_shiny,True
brontonana,BASE_OR_OTHER,SEARCH_MORE_DS_SOURCES_THEN_CONVERT,ER-nextdex,back|back_shiny|front|front_shiny,True
bubbleo,BASE_OR_OTHER,SEARCH_MORE_DS_SOURCES_THEN_CONVERT,ER-nextdex,back|back_shiny|front|front_shiny,True
buizel-redux,REDUX_OR_DELTA_STYLE,CONVERT_IF_SOURCE_CLEAN_ELSE_REVIEW,ER-nextdex,back|back_shiny|front|front_shiny,True
butterfree-mega,CUSTOM_MEGA,CONVERT_IF_SOURCE_CLEAN_ELSE_NATIVE_REMAKE,ER-nextdex,back|back_shiny|front|front_shiny,True
cacjack,BASE_OR_OTHER,SEARCH_MORE_DS_SOURCES_THEN_CONVERT,ER-nextdex,back|back_shiny|front|front_shiny,True
calyrex-cloud-rider,BASE_OR_OTHER,SEARCH_MORE_DS_SOURCES_THEN_CONVERT,ER-nextdex,back|back_shiny|front|front_shiny,True
carbonix,BASE_OR_OTHER,SEARCH_MORE_DS_SOURCES_THEN_CONVERT,ER-nextdex,back|back_shiny|front|front_shiny,True
carbonix-mega,CUSTOM_MEGA,CONVERT_IF_SOURCE_CLEAN_ELSE_NATIVE_REMAKE,ER-nextdex,back|back_shiny|front|front_shiny,True
cascoon-primal,SPECIAL_CANON_FORM,SEARCH_MORE_DS_SOURCES_THEN_CONVERT,ER-nextdex,back|back_shiny|front|front_shiny,True
castform-foggy,BASE_OR_OTHER,SEARCH_MORE_DS_SOURCES_THEN_CONVERT,ER-nextdex,back|back_shiny|front|front_shiny,True
castform-sandy,BASE_OR_OTHER,SEARCH_MORE_DS_SOURCES_THEN_CONVERT,ER-nextdex,back|back_shiny|front|front_shiny,True
centiskorch-mega,CUSTOM_MEGA,CONVERT_IF_SOURCE_CLEAN_ELSE_NATIVE_REMAKE,ER-nextdex,back|back_shiny|front|front_shiny,True
cetitan-redux,REDUX_OR_DELTA_STYLE,CONVERT_IF_SOURCE_CLEAN_ELSE_REVIEW,ER-nextdex,back|back_shiny|front|front_shiny,True
cetoddle-redux,REDUX_OR_DELTA_STYLE,CONVERT_IF_SOURCE_CLEAN_ELSE_REVIEW,ER-nextdex,back|back_shiny|front|front_shiny,True
chandelure-mega-y,CUSTOM_MEGA,CONVERT_IF_SOURCE_CLEAN_ELSE_NATIVE_REMAKE,ER-nextdex,back|back_shiny|front|front_shiny,True
chandelure-redux,REDUX_OR_DELTA_STYLE,CONVERT_IF_SOURCE_CLEAN_ELSE_REVIEW,ER-nextdex,back|back_shiny|front|front_shiny,True
chandelure-redux-mega,REDUX_OR_DELTA_STYLE,CONVERT_IF_SOURCE_CLEAN_ELSE_REVIEW,ER-nextdex,back|back_shiny|front|front_shiny,True
chansey-redux,REDUX_OR_DELTA_STYLE,CONVERT_IF_SOURCE_CLEAN_ELSE_REVIEW,ER-nextdex,back|back_shiny|front|front_shiny,True
charizard-mega-z,CUSTOM_MEGA,CONVERT_IF_SOURCE_CLEAN_ELSE_NATIVE_REMAKE,ER-nextdex,back|back_shiny|front|front_shiny,True
chesnaught-battle-bond,BASE_OR_OTHER,SEARCH_MORE_DS_SOURCES_THEN_CONVERT,ER-nextdex,back|back_shiny|front|front_shiny,True
chesnaught-clemont,BASE_OR_OTHER,SEARCH_MORE_DS_SOURCES_THEN_CONVERT,ER-nextdex,back|back_shiny|front|front_shiny,True
chien-pao-mega,CUSTOM_MEGA,CONVERT_IF_SOURCE_CLEAN_ELSE_NATIVE_REMAKE,ER-nextdex,back|back_shiny|front|front_shiny,True
chimchar-redux,REDUX_OR_DELTA_STYLE,CONVERT_IF_SOURCE_CLEAN_ELSE_REVIEW,ER-nextdex,back|back_shiny|front|front_shiny,True
cinccino-redux,REDUX_OR_DELTA_STYLE,CONVERT_IF_SOURCE_CLEAN_ELSE_REVIEW,ER-nextdex,back|back_shiny|front|front_shiny,True
cinderace-mega,CUSTOM_MEGA,CONVERT_IF_SOURCE_CLEAN_ELSE_NATIVE_REMAKE,ER-nextdex,back|back_shiny|front|front_shiny,True
clawitzer-redux,REDUX_OR_DELTA_STYLE,CONVERT_IF_SOURCE_CLEAN_ELSE_REVIEW,ER-nextdex,back|back_shiny|front|front_shiny,True
clefable-mega-y,CUSTOM_MEGA,CONVERT_IF_SOURCE_CLEAN_ELSE_NATIVE_REMAKE,ER-nextdex,back|back_shiny|front|front_shiny,True
clefable-redux,REDUX_OR_DELTA_STYLE,CONVERT_IF_SOURCE_CLEAN_ELSE_REVIEW,ER-nextdex,back|back_shiny|front|front_shiny,True
clefable-redux-mega,REDUX_OR_DELTA_STYLE,CONVERT_IF_SOURCE_CLEAN_ELSE_REVIEW,ER-nextdex,back|back_shiny|front|front_shiny,True
clefairy-redux,REDUX_OR_DELTA_STYLE,CONVERT_IF_SOURCE_CLEAN_ELSE_REVIEW,ER-nextdex,back|back_shiny|front|front_shiny,True
cleffa-redux,REDUX_OR_DELTA_STYLE,CONVERT_IF_SOURCE_CLEAN_ELSE_REVIEW,ER-nextdex,back|back_shiny|front|front_shiny,True
clodsire-mega,CUSTOM_MEGA,CONVERT_IF_SOURCE_CLEAN_ELSE_NATIVE_REMAKE,ER-nextdex,back|back_shiny|front|front_shiny,True
coalossal-mega,CUSTOM_MEGA,CONVERT_IF_SOURCE_CLEAN_ELSE_NATIVE_REMAKE,ER-nextdex,back|back_shiny|front|front_shiny,True
copperajah-mega,CUSTOM_MEGA,CONVERT_IF_SOURCE_CLEAN_ELSE_NATIVE_REMAKE,ER-nextdex,back|back_shiny|front|front_shiny,True
corm,BASE_OR_OTHER,SEARCH_MORE_DS_SOURCES_THEN_CONVERT,ER-nextdex,back|back_shiny|front|front_shiny,True
cormoth,BASE_OR_OTHER,SEARCH_MORE_DS_SOURCES_THEN_CONVERT,ER-nextdex,back|back_shiny|front|front_shiny,True
cormoth-mega,CUSTOM_MEGA,CONVERT_IF_SOURCE_CLEAN_ELSE_NATIVE_REMAKE,ER-nextdex,back|back_shiny|front|front_shiny,True
corviknight-mega,CUSTOM_MEGA,CONVERT_IF_SOURCE_CLEAN_ELSE_NATIVE_REMAKE,ER-nextdex,back|back_shiny|front|front_shiny,True
cpf-0001-caterpie-alternate-form-1,ALTERNATE_FORM,VISUAL_REVIEW_THEN_CONVERT,MISSING,,False
cpf-0002-butterfree-alternate-form-1,ALTERNATE_FORM,VISUAL_REVIEW_THEN_CONVERT,MISSING,,False
cpf-0003-weedle-alternate-form-2,ALTERNATE_FORM,VISUAL_REVIEW_THEN_CONVERT,MISSING,,False
cpf-0004-kakuna-alternate-form-2,ALTERNATE_FORM,VISUAL_REVIEW_THEN_CONVERT,MISSING,,False
cpf-0005-beedrill-alternate-form-2,ALTERNATE_FORM,VISUAL_REVIEW_THEN_CONVERT,MISSING,,False
cpf-0006-beedrill-alternate-mega-form-3,CUSTOM_MEGA,CONVERT_IF_SOURCE_CLEAN_ELSE_NATIVE_REMAKE,MISSING,,False
cpf-0007-pidgey-alternate-form-2,ALTERNATE_FORM,VISUAL_REVIEW_THEN_CONVERT,MISSING,,False
cpf-0008-pidgeotto-alternate-form-2,ALTERNATE_FORM,VISUAL_REVIEW_THEN_CONVERT,MISSING,,False
cpf-0009-pidgeot-alternate-form-2,ALTERNATE_FORM,VISUAL_REVIEW_THEN_CONVERT,MISSING,,False
cpf-0010-pidgeot-mega-alternate-form-3,CUSTOM_MEGA,CONVERT_IF_SOURCE_CLEAN_ELSE_NATIVE_REMAKE,MISSING,,False
cpf-0011-clefairy-alternate-form-1,ALTERNATE_FORM,VISUAL_REVIEW_THEN_CONVERT,MISSING,,False
cpf-0012-clefable-alternate-form-1,ALTERNATE_FORM,VISUAL_REVIEW_THEN_CONVERT,MISSING,,False
cpf-0013-vulpix-alternate-form-2,ALTERNATE_FORM,VISUAL_REVIEW_THEN_CONVERT,MISSING,,False
cpf-0014-vulpix-alternate-form-3,ALTERNATE_FORM,VISUAL_REVIEW_THEN_CONVERT,MISSING,,False
cpf-0015-ninetales-alternate-form-2,ALTERNATE_FORM,VISUAL_REVIEW_THEN_CONVERT,MISSING,,False
cpf-0016-ninetales-alternate-form-3,ALTERNATE_FORM,VISUAL_REVIEW_THEN_CONVERT,MISSING,,False
cpf-0017-jigglypuff-alternate-form-1,ALTERNATE_FORM,VISUAL_REVIEW_THEN_CONVERT,MISSING,,False
cpf-0018-wigglytuff-alternate-form-1,ALTERNATE_FORM,VISUAL_REVIEW_THEN_CONVERT,MISSING,,False
cpf-0019-paras-alternate-form-1,ALTERNATE_FORM,VISUAL_REVIEW_THEN_CONVERT,MISSING,,False
cpf-0020-parasect-alternate-form-1,ALTERNATE_FORM,VISUAL_REVIEW_THEN_CONVERT,MISSING,,False
cpf-0021-venonat-alternate-form-1,ALTERNATE_FORM,VISUAL_REVIEW_THEN_CONVERT,MISSING,,False
cpf-0022-venomoth-alternate-form-1,ALTERNATE_FORM,VISUAL_REVIEW_THEN_CONVERT,MISSING,,False
cpf-0023-poliwag-alternate-form-1,ALTERNATE_FORM,VISUAL_REVIEW_THEN_CONVERT,MISSING,,False
cpf-0024-poliwhirl-alternate-form-1,ALTERNATE_FORM,VISUAL_REVIEW_THEN_CONVERT,MISSING,,False
cpf-0025-poliwrath-alternate-form-1,ALTERNATE_FORM,VISUAL_REVIEW_THEN_CONVERT,MISSING,,False
cpf-0026-abra-alternate-form-1,ALTERNATE_FORM,VISUAL_REVIEW_THEN_CONVERT,MISSING,,False
cpf-0027-abra-alternate-form-2,ALTERNATE_FORM,VISUAL_REVIEW_THEN_CONVERT,MISSING,,False
cpf-0028-kadabra-alternate-form-2,ALTERNATE_FORM,VISUAL_REVIEW_THEN_CONVERT,MISSING,,False
cpf-0029-alakazam-alternate-form-2,ALTERNATE_FORM,VISUAL_REVIEW_THEN_CONVERT,MISSING,,False
cpf-0030-alakazam-mega-alternate-form-3,CUSTOM_MEGA,CONVERT_IF_SOURCE_CLEAN_ELSE_NATIVE_REMAKE,MISSING,,False
cpf-0031-geodude-bluetowel-alternate-forms-form-2,ALTERNATE_FORM,VISUAL_REVIEW_THEN_CONVERT,MISSING,,False
cpf-0032-graveler-bluetowel-alternate-forms-form-2,ALTERNATE_FORM,VISUAL_REVIEW_THEN_CONVERT,MISSING,,False
cpf-0033-golem-bluetowel-alternate-forms-form-2,ALTERNATE_FORM,VISUAL_REVIEW_THEN_CONVERT,MISSING,,False
cpf-0034-ponyta-alternate-form-1,ALTERNATE_FORM,VISUAL_REVIEW_THEN_CONVERT,MISSING,,False
cpf-0035-rapidash-alternate-form-1,ALTERNATE_FORM,VISUAL_REVIEW_THEN_CONVERT,MISSING,,False
cpf-0037-slowbro-bluetowel-alternate-forms-form-2,ALTERNATE_FORM,VISUAL_REVIEW_THEN_CONVERT,MISSING,,False
cpf-0038-slowbro-mega-alt-form-form-3,CUSTOM_MEGA,CONVERT_IF_SOURCE_CLEAN_ELSE_NATIVE_REMAKE,MISSING,,False
cpf-0039-slowbro-bluetowel-alternate-forms-form-4,ALTERNATE_FORM,VISUAL_REVIEW_THEN_CONVERT,MISSING,,False
cpf-0040-slowbro-bluetowel-alternate-forms-form-5,ALTERNATE_FORM,VISUAL_REVIEW_THEN_CONVERT,MISSING,,False
cpf-0041-farfetch-d-alternate-form-1,ALTERNATE_FORM,VISUAL_REVIEW_THEN_CONVERT,MISSING,,False
cpf-0042-sirfetch-d-alternate-form-1,ALTERNATE_FORM,VISUAL_REVIEW_THEN_CONVERT,MISSING,,False
cpf-0043-doduo-alternate-form-1,ALTERNATE_FORM,VISUAL_REVIEW_THEN_CONVERT,MISSING,,False
cpf-0044-dodrio-alternate-form-1,ALTERNATE_FORM,VISUAL_REVIEW_THEN_CONVERT,MISSING,,False
cpf-0045-gastly-alternate-form-2,ALTERNATE_FORM,VISUAL_REVIEW_THEN_CONVERT,MISSING,,False
cpf-0046-haunter-alternate-form-2,ALTERNATE_FORM,VISUAL_REVIEW_THEN_CONVERT,MISSING,,False
cpf-0047-gengar-alternate-form-2,ALTERNATE_FORM,VISUAL_REVIEW_THEN_CONVERT,MISSING,,False
cpf-0048-gengar-alternate-form-3,ALTERNATE_FORM,VISUAL_REVIEW_THEN_CONVERT,MISSING,,False
cpf-0049-onix-alternate-form-2,ALTERNATE_FORM,VISUAL_REVIEW_THEN_CONVERT,MISSING,,False
cpf-0050-drowzee-alternate-form-2,ALTERNATE_FORM,VISUAL_REVIEW_THEN_CONVERT,MISSING,,False
cpf-0051-hypno-alternate-form-2,ALTERNATE_FORM,VISUAL_REVIEW_THEN_CONVERT,MISSING,,False
cpf-0052-krabby-alternate-form-2,ALTERNATE_FORM,VISUAL_REVIEW_THEN_CONVERT,MISSING,,False
cpf-0053-kingler-alternate-form-2,ALTERNATE_FORM,VISUAL_REVIEW_THEN_CONVERT,MISSING,,False
cpf-0054-hitmonlee-alternate-form-1,ALTERNATE_FORM,VISUAL_REVIEW_THEN_CONVERT,MISSING,,False
cpf-0055-hitmonchan-alternate-form-1,ALTERNATE_FORM,VISUAL_REVIEW_THEN_CONVERT,MISSING,,False
cpf-0056-koffing-bluetowel-alternate-forms-form-2,ALTERNATE_FORM,VISUAL_REVIEW_THEN_CONVERT,MISSING,,False
cpf-0057-weezing-bluetowel-alternate-forms-form-2,ALTERNATE_FORM,VISUAL_REVIEW_THEN_CONVERT,MISSING,,False
cpf-0058-chansey-alternate-form-1,ALTERNATE_FORM,VISUAL_REVIEW_THEN_CONVERT,MISSING,,False
cpf-0059-staryu-alternate-form-1,ALTERNATE_FORM,VISUAL_REVIEW_THEN_CONVERT,MISSING,,False
cpf-0060-starmie-alternate-form-1,ALTERNATE_FORM,VISUAL_REVIEW_THEN_CONVERT,MISSING,,False
cpf-0061-electabuzz-alternate-form-1,ALTERNATE_FORM,VISUAL_REVIEW_THEN_CONVERT,MISSING,,False
cpf-0062-magmar-alternate-form-1,ALTERNATE_FORM,VISUAL_REVIEW_THEN_CONVERT,MISSING,,False
cpf-0063-magikarp-alternate-form-2,ALTERNATE_FORM,VISUAL_REVIEW_THEN_CONVERT,MISSING,,False
cpf-0064-gyarados-alternate-form-2,ALTERNATE_FORM,VISUAL_REVIEW_THEN_CONVERT,MISSING,,False
cpf-0065-gyarados-mega-alternate-form-3,CUSTOM_MEGA,CONVERT_IF_SOURCE_CLEAN_ELSE_NATIVE_REMAKE,MISSING,,False
cpf-0066-vaporeon-alternate-form-3,ALTERNATE_FORM,VISUAL_REVIEW_THEN_CONVERT,MISSING,,False
cpf-0067-jolteon-alternate-form-3,ALTERNATE_FORM,VISUAL_REVIEW_THEN_CONVERT,MISSING,,False
cpf-0068-flareon-alternate-form-3,ALTERNATE_FORM,VISUAL_REVIEW_THEN_CONVERT,MISSING,,False
cpf-0069-espeon-alternate-form-3,ALTERNATE_FORM,VISUAL_REVIEW_THEN_CONVERT,MISSING,,False
cpf-0070-umbreon-alternate-form-3,ALTERNATE_FORM,VISUAL_REVIEW_THEN_CONVERT,MISSING,,False
cpf-0071-leafeon-alternate-form-3,ALTERNATE_FORM,VISUAL_REVIEW_THEN_CONVERT,MISSING,,False
cpf-0072-glaceon-alternate-form-3,ALTERNATE_FORM,VISUAL_REVIEW_THEN_CONVERT,MISSING,,False
cpf-0073-sylveon-alternate-form-3,ALTERNATE_FORM,VISUAL_REVIEW_THEN_CONVERT,MISSING,,False
cpf-0074-omanyte-alternate-form-1,ALTERNATE_FORM,VISUAL_REVIEW_THEN_CONVERT,MISSING,,False
cpf-0075-omastar-alternate-form-1,ALTERNATE_FORM,VISUAL_REVIEW_THEN_CONVERT,MISSING,,False
cpf-0076-kabuto-alternate-form-1,ALTERNATE_FORM,VISUAL_REVIEW_THEN_CONVERT,MISSING,,False
cpf-0077-kabutops-alternate-form-1,ALTERNATE_FORM,VISUAL_REVIEW_THEN_CONVERT,MISSING,,False
cpf-0078-aerodactyl-alternate-form-2,ALTERNATE_FORM,VISUAL_REVIEW_THEN_CONVERT,MISSING,,False
cpf-0079-aerodactyl-alternate-mega-form-3,CUSTOM_MEGA,CONVERT_IF_SOURCE_CLEAN_ELSE_NATIVE_REMAKE,MISSING,,False
cpf-0083-dragonite-alternate-form-1,ALTERNATE_FORM,VISUAL_REVIEW_THEN_CONVERT,MISSING,,False
cpf-0084-bayleef-bluetowel-alternate-form-form-1,ALTERNATE_FORM,VISUAL_REVIEW_THEN_CONVERT,MISSING,,False
cpf-0085-meganium-alternate-form-1,CUSTOM_MEGA,CONVERT_IF_SOURCE_CLEAN_ELSE_NATIVE_REMAKE,MISSING,,False
cpf-0086-quilava-alternate-form-1,ALTERNATE_FORM,VISUAL_REVIEW_THEN_CONVERT,MISSING,,False
cpf-0087-typhlosion-alternate-form-1,ALTERNATE_FORM,VISUAL_REVIEW_THEN_CONVERT,MISSING,,False
cpf-0088-typhlosion-alternate-form-2,ALTERNATE_FORM,VISUAL_REVIEW_THEN_CONVERT,MISSING,,False
cpf-0089-croconaw-alternate-form-1,ALTERNATE_FORM,VISUAL_REVIEW_THEN_CONVERT,MISSING,,False
cpf-0090-feraligatr-alternate-form-1,ALTERNATE_FORM,VISUAL_REVIEW_THEN_CONVERT,MISSING,,False
cpf-0091-hoothoot-alternate-form-1,ALTERNATE_FORM,VISUAL_REVIEW_THEN_CONVERT,MISSING,,False
cpf-0092-noctowl-alternate-form-1,ALTERNATE_FORM,VISUAL_REVIEW_THEN_CONVERT,MISSING,,False
cpf-0093-ledyba-alternate-form-1,ALTERNATE_FORM,VISUAL_REVIEW_THEN_CONVERT,MISSING,,False
cpf-0094-ledian-alternate-form-1,ALTERNATE_FORM,VISUAL_REVIEW_THEN_CONVERT,MISSING,,False
cpf-0095-natu-alternate-form-1,ALTERNATE_FORM,VISUAL_REVIEW_THEN_CONVERT,MISSING,,False
cpf-0096-xatu-alternate-form-1,ALTERNATE_FORM,VISUAL_REVIEW_THEN_CONVERT,MISSING,,False
cpf-0097-flaaffy-alternate-form-2,ALTERNATE_FORM,VISUAL_REVIEW_THEN_CONVERT,MISSING,,False
cpf-0098-ampharos-alternate-form-2,ALTERNATE_FORM,VISUAL_REVIEW_THEN_CONVERT,MISSING,,False
cpf-0099-ampharos-alternate-mega-form-3,CUSTOM_MEGA,CONVERT_IF_SOURCE_CLEAN_ELSE_NATIVE_REMAKE,MISSING,,False
cpf-0100-politoed-alternate-form-1,ALTERNATE_FORM,VISUAL_REVIEW_THEN_CONVERT,MISSING,,False
cpf-0101-sunflora-alternate-form-1,ALTERNATE_FORM,VISUAL_REVIEW_THEN_CONVERT,MISSING,,False
cpf-0102-sunflora-alternate-form-2,ALTERNATE_FORM,VISUAL_REVIEW_THEN_CONVERT,MISSING,,False
cpf-0103-yanma-alternate-form-1,ALTERNATE_FORM,VISUAL_REVIEW_THEN_CONVERT,MISSING,,False
cpf-0104-yanmega-alternate-form-1,ALTERNATE_FORM,VISUAL_REVIEW_THEN_CONVERT,MISSING,,False
cpf-0105-wooper-alternate-form-1,ALTERNATE_FORM,VISUAL_REVIEW_THEN_CONVERT,MISSING,,False
cpf-0106-quagsire-alternate-form-1,ALTERNATE_FORM,VISUAL_REVIEW_THEN_CONVERT,MISSING,,False
cpf-0107-slowking-bluetowel-alternate-forms-form-2,ALTERNATE_FORM,VISUAL_REVIEW_THEN_CONVERT,MISSING,,False
cpf-0108-misdreavus-alternate-form-2,ALTERNATE_FORM,VISUAL_REVIEW_THEN_CONVERT,MISSING,,False
cpf-0109-mismagius-alternate-form-2,ALTERNATE_FORM,VISUAL_REVIEW_THEN_CONVERT,MISSING,,False
cpf-0110-girafarig-bluetowel-alternate-form-form-1,ALTERNATE_FORM,VISUAL_REVIEW_THEN_CONVERT,MISSING,,False
cpf-0111-dunsparce-bt-alt-forms-toxic-form-1,ALTERNATE_FORM,VISUAL_REVIEW_THEN_CONVERT,MISSING,,False
cpf-0112-dunsparce-bt-alt-forms-earth-form-2,ALTERNATE_FORM,VISUAL_REVIEW_THEN_CONVERT,MISSING,,False
cpf-0113-dunsparce-bt-alt-forms-sky-form-3,ALTERNATE_FORM,VISUAL_REVIEW_THEN_CONVERT,MISSING,,False
cpf-0114-dunsparce-bt-alt-forms-insect-form-4,ALTERNATE_FORM,VISUAL_REVIEW_THEN_CONVERT,MISSING,,False
cpf-0115-dunsparce-bt-alt-forms-spooky-form-5,ALTERNATE_FORM,VISUAL_REVIEW_THEN_CONVERT,MISSING,,False
cpf-0116-dunsparce-bt-alt-forms-draco-form-6,ALTERNATE_FORM,VISUAL_REVIEW_THEN_CONVERT,MISSING,,False
cpf-0117-steelix-alternate-form-2,ALTERNATE_FORM,VISUAL_REVIEW_THEN_CONVERT,MISSING,,False
cpf-0118-steelix-alternate-mega-form-3,CUSTOM_MEGA,CONVERT_IF_SOURCE_CLEAN_ELSE_NATIVE_REMAKE,MISSING,,False
cpf-0119-snubbull-alternate-form-1,ALTERNATE_FORM,VISUAL_REVIEW_THEN_CONVERT,MISSING,,False
cpf-0120-granbull-alternate-form-1,ALTERNATE_FORM,VISUAL_REVIEW_THEN_CONVERT,MISSING,,False
cpf-0121-corsola-alternate-form-1,ALTERNATE_FORM,VISUAL_REVIEW_THEN_CONVERT,MISSING,,False
cpf-0122-sneasel-alternate-form-1,ALTERNATE_FORM,VISUAL_REVIEW_THEN_CONVERT,MISSING,,False
cpf-0123-sneasel-alternate-form-2,ALTERNATE_FORM,VISUAL_REVIEW_THEN_CONVERT,MISSING,,False
cpf-0124-weavile-alternate-form-1,ALTERNATE_FORM,VISUAL_REVIEW_THEN_CONVERT,MISSING,,False
cpf-0125-remoraid-alternate-form-1,ALTERNATE_FORM,VISUAL_REVIEW_THEN_CONVERT,MISSING,,False
cpf-0126-octillery-alternate-form-1,ALTERNATE_FORM,VISUAL_REVIEW_THEN_CONVERT,MISSING,,False
cpf-0127-phanpy-alternate-form-1,ALTERNATE_FORM,VISUAL_REVIEW_THEN_CONVERT,MISSING,,False
cpf-0128-donphan-alternate-form-1,ALTERNATE_FORM,VISUAL_REVIEW_THEN_CONVERT,MISSING,,False
cpf-0129-hitmontop-alternate-form-1,ALTERNATE_FORM,VISUAL_REVIEW_THEN_CONVERT,MISSING,,False
cpf-0130-blissey-alternate-form-1,ALTERNATE_FORM,VISUAL_REVIEW_THEN_CONVERT,MISSING,,False
cpf-0131-larvitar-ice-form-2,ALTERNATE_FORM,VISUAL_REVIEW_THEN_CONVERT,MISSING,,False
cpf-0132-larvitar-space-form-4,ALTERNATE_FORM,VISUAL_REVIEW_THEN_CONVERT,MISSING,,False
cpf-0133-pupitar-ice-form-2,ALTERNATE_FORM,VISUAL_REVIEW_THEN_CONVERT,MISSING,,False
cpf-0134-pupitar-space-form-4,ALTERNATE_FORM,VISUAL_REVIEW_THEN_CONVERT,MISSING,,False
cpf-0135-tyranitar-ice-form-2,ALTERNATE_FORM,VISUAL_REVIEW_THEN_CONVERT,MISSING,,False
cpf-0136-tyranitar-mega-ice-form-3,CUSTOM_MEGA,CONVERT_IF_SOURCE_CLEAN_ELSE_NATIVE_REMAKE,MISSING,,False
cpf-0137-tyranitar-space-form-4,ALTERNATE_FORM,VISUAL_REVIEW_THEN_CONVERT,MISSING,,False
cpf-0139-grovyle-alternate-form-2,ALTERNATE_FORM,VISUAL_REVIEW_THEN_CONVERT,MISSING,,False
cpf-0140-sceptile-alternate-form-2,ALTERNATE_FORM,VISUAL_REVIEW_THEN_CONVERT,MISSING,,False
cpf-0141-sceptile-alternate-mega-form-3,CUSTOM_MEGA,CONVERT_IF_SOURCE_CLEAN_ELSE_NATIVE_REMAKE,MISSING,,False
cpf-0142-combusken-alternate-form-2,ALTERNATE_FORM,VISUAL_REVIEW_THEN_CONVERT,MISSING,,False
cpf-0143-blaziken-alternate-mega-form-2,CUSTOM_MEGA,CONVERT_IF_SOURCE_CLEAN_ELSE_NATIVE_REMAKE,MISSING,,False
cpf-0144-blaziken-alternate-mega-form-3,CUSTOM_MEGA,CONVERT_IF_SOURCE_CLEAN_ELSE_NATIVE_REMAKE,MISSING,,False
cpf-0145-swampert-alternate-mega-form-2,CUSTOM_MEGA,CONVERT_IF_SOURCE_CLEAN_ELSE_NATIVE_REMAKE,MISSING,,False
cpf-0146-swampert-alternate-mega-form-3,CUSTOM_MEGA,CONVERT_IF_SOURCE_CLEAN_ELSE_NATIVE_REMAKE,MISSING,,False
cpf-0147-mightyena-alternate-form-1,ALTERNATE_FORM,VISUAL_REVIEW_THEN_CONVERT,MISSING,,False
cpf-0148-ralts-alternate-form-3,ALTERNATE_FORM,VISUAL_REVIEW_THEN_CONVERT,MISSING,,False
cpf-0149-kirlia-alternate-form-3,ALTERNATE_FORM,VISUAL_REVIEW_THEN_CONVERT,MISSING,,False
cpf-0150-gardevoir-alternate-form-3,ALTERNATE_FORM,VISUAL_REVIEW_THEN_CONVERT,MISSING,,False
cpf-0151-gardevoir-mega-alternate-form-4,CUSTOM_MEGA,CONVERT_IF_SOURCE_CLEAN_ELSE_NATIVE_REMAKE,MISSING,,False
cpf-0152-breloom-alternate-form-2,ALTERNATE_FORM,VISUAL_REVIEW_THEN_CONVERT,MISSING,,False
cpf-0153-breloom-alternate-form-3,ALTERNATE_FORM,VISUAL_REVIEW_THEN_CONVERT,MISSING,,False
cpf-0154-skitty-alternate-form-1,ALTERNATE_FORM,VISUAL_REVIEW_THEN_CONVERT,MISSING,,False
cpf-0155-delcatty-alternate-form-1,ALTERNATE_FORM,VISUAL_REVIEW_THEN_CONVERT,MISSING,,False
cpf-0156-sableye-alternate-gemstone-form-2,ALTERNATE_FORM,VISUAL_REVIEW_THEN_CONVERT,MISSING,,False
cpf-0157-sableye-alternate-gemstone-mega-form-3,CUSTOM_MEGA,CONVERT_IF_SOURCE_CLEAN_ELSE_NATIVE_REMAKE,MISSING,,False
cpf-0158-sableye-alternate-darkness-form-4,ALTERNATE_FORM,VISUAL_REVIEW_THEN_CONVERT,MISSING,,False
cpf-0159-sableye-alternate-darkness-mega-form-5,CUSTOM_MEGA,CONVERT_IF_SOURCE_CLEAN_ELSE_NATIVE_REMAKE,MISSING,,False
cpf-0160-swalot-alternate-form-1,ALTERNATE_FORM,VISUAL_REVIEW_THEN_CONVERT,MISSING,,False
cpf-0161-swalot-alternate-form-2,ALTERNATE_FORM,VISUAL_REVIEW_THEN_CONVERT,MISSING,,False
cpf-0162-wailmer-alternate-form-1,ALTERNATE_FORM,VISUAL_REVIEW_THEN_CONVERT,MISSING,,False
cpf-0163-wailord-alternate-form-1,ALTERNATE_FORM,VISUAL_REVIEW_THEN_CONVERT,MISSING,,False
cpf-0164-numel-alternate-form-3,ALTERNATE_FORM,VISUAL_REVIEW_THEN_CONVERT,MISSING,,False
cpf-0165-camerupt-alternate-form-3,ALTERNATE_FORM,VISUAL_REVIEW_THEN_CONVERT,MISSING,,False
cpf-0166-camerupt-mega-alternate-form-4,CUSTOM_MEGA,CONVERT_IF_SOURCE_CLEAN_ELSE_NATIVE_REMAKE,MISSING,,False
cpf-0167-electrike-alternate-form-2,ALTERNATE_FORM,VISUAL_REVIEW_THEN_CONVERT,MISSING,,False
cpf-0168-manectric-alternate-form-2,ALTERNATE_FORM,VISUAL_REVIEW_THEN_CONVERT,MISSING,,False
cpf-0169-manectric-mega-alternate-form-3,CUSTOM_MEGA,CONVERT_IF_SOURCE_CLEAN_ELSE_NATIVE_REMAKE,MISSING,,False
cpf-0170-grumpig-alternate-form-1,ALTERNATE_FORM,VISUAL_REVIEW_THEN_CONVERT,MISSING,,False
cpf-0171-trapinch-alternate-form-1,ALTERNATE_FORM,VISUAL_REVIEW_THEN_CONVERT,MISSING,,False
cpf-0172-vibrava-alternate-form-1,ALTERNATE_FORM,VISUAL_REVIEW_THEN_CONVERT,MISSING,,False
cpf-0173-flygon-alternate-form-1,ALTERNATE_FORM,VISUAL_REVIEW_THEN_CONVERT,MISSING,,False
cpf-0174-altaria-alternate-form-2,ALTERNATE_FORM,VISUAL_REVIEW_THEN_CONVERT,MISSING,,False
cpf-0175-altaria-alternate-mega-form-3,CUSTOM_MEGA,CONVERT_IF_SOURCE_CLEAN_ELSE_NATIVE_REMAKE,MISSING,,False
cpf-0176-baltoy-alternate-form-1,ALTERNATE_FORM,VISUAL_REVIEW_THEN_CONVERT,MISSING,,False
cpf-0177-claydol-alternate-form-1,ALTERNATE_FORM,VISUAL_REVIEW_THEN_CONVERT,MISSING,,False
cpf-0178-lileep-alternate-form-1,ALTERNATE_FORM,VISUAL_REVIEW_THEN_CONVERT,MISSING,,False
cpf-0179-cradily-alternate-form-1,ALTERNATE_FORM,VISUAL_REVIEW_THEN_CONVERT,MISSING,,False
cpf-0180-anorith-alternate-form-1,ALTERNATE_FORM,VISUAL_REVIEW_THEN_CONVERT,MISSING,,False
cpf-0181-armaldo-alternate-form-1,ALTERNATE_FORM,VISUAL_REVIEW_THEN_CONVERT,MISSING,,False
cpf-0182-tropius-alternate-form-1,ALTERNATE_FORM,VISUAL_REVIEW_THEN_CONVERT,MISSING,,False
cpf-0183-chingling-alternate-form-1,ALTERNATE_FORM,VISUAL_REVIEW_THEN_CONVERT,MISSING,,False
cpf-0184-chimecho-alternate-form-1,ALTERNATE_FORM,VISUAL_REVIEW_THEN_CONVERT,MISSING,,False
cpf-0185-absol-alternate-form-2,ALTERNATE_FORM,VISUAL_REVIEW_THEN_CONVERT,MISSING,,False
cpf-0186-absol-alternate-mega-form-3,CUSTOM_MEGA,CONVERT_IF_SOURCE_CLEAN_ELSE_NATIVE_REMAKE,MISSING,,False
cpf-0187-bagon-alternate-form-2,ALTERNATE_FORM,VISUAL_REVIEW_THEN_CONVERT,MISSING,,False
cpf-0188-shelgon-alternate-form-2,ALTERNATE_FORM,VISUAL_REVIEW_THEN_CONVERT,MISSING,,False
cpf-0189-salamence-alternate-form-1,ALTERNATE_FORM,VISUAL_REVIEW_THEN_CONVERT,MISSING,,False
cpf-0190-salamence-alternate-form-2,ALTERNATE_FORM,VISUAL_REVIEW_THEN_CONVERT,MISSING,,False
cpf-0191-salamence-alternate-mega-form-3,CUSTOM_MEGA,CONVERT_IF_SOURCE_CLEAN_ELSE_NATIVE_REMAKE,MISSING,,False
cpf-0192-beldum-alternate-form-2,ALTERNATE_FORM,VISUAL_REVIEW_THEN_CONVERT,MISSING,,False
cpf-0193-metang-alternate-form-2,ALTERNATE_FORM,VISUAL_REVIEW_THEN_CONVERT,MISSING,,False
cpf-0194-metagross-alternate-form-1,ALTERNATE_FORM,VISUAL_REVIEW_THEN_CONVERT,MISSING,,False
cpf-0195-metagross-alternate-form-2,ALTERNATE_FORM,VISUAL_REVIEW_THEN_CONVERT,MISSING,,False
cpf-0196-metagross-alternate-mega-form-3,CUSTOM_MEGA,CONVERT_IF_SOURCE_CLEAN_ELSE_NATIVE_REMAKE,MISSING,,False
cpf-0197-torterra-bluetowel-alternate-form-form-1,ALTERNATE_FORM,VISUAL_REVIEW_THEN_CONVERT,MISSING,,False
cpf-0198-infernape-alternate-form-1,ALTERNATE_FORM,VISUAL_REVIEW_THEN_CONVERT,MISSING,,False
cpf-0199-empoleon-alternate-form-1,ALTERNATE_FORM,VISUAL_REVIEW_THEN_CONVERT,MISSING,,False
cpf-0200-luxray-alternate-form-1,ALTERNATE_FORM,VISUAL_REVIEW_THEN_CONVERT,MISSING,,False
cpf-0201-cranidos-alternate-form-1,ALTERNATE_FORM,VISUAL_REVIEW_THEN_CONVERT,MISSING,,False
cpf-0202-rampardos-alternate-form-1,ALTERNATE_FORM,VISUAL_REVIEW_THEN_CONVERT,MISSING,,False
cpf-0203-shieldon-alternate-form-1,ALTERNATE_FORM,VISUAL_REVIEW_THEN_CONVERT,MISSING,,False
cpf-0204-bastiodon-alternate-form-1,ALTERNATE_FORM,VISUAL_REVIEW_THEN_CONVERT,MISSING,,False
cpf-0205-combee-alternate-form-1,ALTERNATE_FORM,VISUAL_REVIEW_THEN_CONVERT,MISSING,,False
cpf-0206-vespiquen-alternate-form-1,ALTERNATE_FORM,VISUAL_REVIEW_THEN_CONVERT,MISSING,,False
cpf-0207-pachirisu-alternate-form-1,ALTERNATE_FORM,VISUAL_REVIEW_THEN_CONVERT,MISSING,,False
cpf-0208-buneary-alternate-form-2,ALTERNATE_FORM,VISUAL_REVIEW_THEN_CONVERT,MISSING,,False
cpf-0209-lopunny-bluetowel-alternate-forms-form-1,ALTERNATE_FORM,VISUAL_REVIEW_THEN_CONVERT,MISSING,,False
cpf-0210-lopunny-alternate-form-2,ALTERNATE_FORM,VISUAL_REVIEW_THEN_CONVERT,MISSING,,False
cpf-0211-lopunny-alternate-mega-form-3,CUSTOM_MEGA,CONVERT_IF_SOURCE_CLEAN_ELSE_NATIVE_REMAKE,MISSING,,False
cpf-0212-spiritomb-alternate-form-1,ALTERNATE_FORM,VISUAL_REVIEW_THEN_CONVERT,MISSING,,False
cpf-0213-gible-bluetowel-alternate-forms-form-2,ALTERNATE_FORM,VISUAL_REVIEW_THEN_CONVERT,MISSING,,False
cpf-0214-gabite-bluetowel-alternate-forms-form-2,ALTERNATE_FORM,VISUAL_REVIEW_THEN_CONVERT,MISSING,,False
cpf-0215-garchomp-bluetowel-alternate-forms-form-1,ALTERNATE_FORM,VISUAL_REVIEW_THEN_CONVERT,MISSING,,False
cpf-0216-garchomp-alternate-form-2,ALTERNATE_FORM,VISUAL_REVIEW_THEN_CONVERT,MISSING,,False
cpf-0217-garchomp-alternate-mega-form-3,CUSTOM_MEGA,CONVERT_IF_SOURCE_CLEAN_ELSE_NATIVE_REMAKE,MISSING,,False
cpf-0219-glameow-alternate-form-1,ALTERNATE_FORM,VISUAL_REVIEW_THEN_CONVERT,MISSING,,False
cpf-0220-purugly-alternate-form-1,ALTERNATE_FORM,VISUAL_REVIEW_THEN_CONVERT,MISSING,,False
cpf-0221-skorupi-alternate-form-1,ALTERNATE_FORM,VISUAL_REVIEW_THEN_CONVERT,MISSING,,False
cpf-0222-skorupi-alternate-form-2,ALTERNATE_FORM,VISUAL_REVIEW_THEN_CONVERT,MISSING,,False
cpf-0223-drapion-alternate-form-1,ALTERNATE_FORM,VISUAL_REVIEW_THEN_CONVERT,MISSING,,False
cpf-0224-carnivine-bluetowel-alternate-form-form-1,ALTERNATE_FORM,VISUAL_REVIEW_THEN_CONVERT,MISSING,,False
cpf-0225-carnivine-alternate-form-2,ALTERNATE_FORM,VISUAL_REVIEW_THEN_CONVERT,MISSING,,False
cpf-0226-rhyperior-alternate-form-1,ALTERNATE_FORM,VISUAL_REVIEW_THEN_CONVERT,MISSING,,False
cpf-0228-electivire-alternate-form-1,ALTERNATE_FORM,VISUAL_REVIEW_THEN_CONVERT,MISSING,,False
cpf-0229-magmortar-alternate-form-1,ALTERNATE_FORM,VISUAL_REVIEW_THEN_CONVERT,MISSING,,False
cpf-0230-gligar-alternate-form-1,ALTERNATE_FORM,VISUAL_REVIEW_THEN_CONVERT,MISSING,,False
cpf-0231-gliscor-alternate-form-1,ALTERNATE_FORM,VISUAL_REVIEW_THEN_CONVERT,MISSING,,False
cpf-0232-nosepass-alternate-form-1,ALTERNATE_FORM,VISUAL_REVIEW_THEN_CONVERT,MISSING,,False
cpf-0233-probopass-alternate-form-1,ALTERNATE_FORM,VISUAL_REVIEW_THEN_CONVERT,MISSING,,False
cpf-0234-dusclops-alternate-form-1,ALTERNATE_FORM,VISUAL_REVIEW_THEN_CONVERT,MISSING,,False
cpf-0235-dusknoir-alternate-form-1,ALTERNATE_FORM,VISUAL_REVIEW_THEN_CONVERT,MISSING,,False
cpf-0241-serperior-alternate-form-1,ALTERNATE_FORM,VISUAL_REVIEW_THEN_CONVERT,MISSING,,False
cpf-0242-pignite-alternate-form-1,ALTERNATE_FORM,VISUAL_REVIEW_THEN_CONVERT,MISSING,,False
cpf-0243-emboar-alternate-form-1,ALTERNATE_FORM,VISUAL_REVIEW_THEN_CONVERT,MISSING,,False
cpf-0244-samurott-bluetowel-alternate-form-form-1,ALTERNATE_FORM,VISUAL_REVIEW_THEN_CONVERT,MISSING,,False
cpf-0245-samurott-bluetowel-alternate-form-form-2,ALTERNATE_FORM,VISUAL_REVIEW_THEN_CONVERT,MISSING,,False
cpf-0246-munna-alternate-form-1,ALTERNATE_FORM,VISUAL_REVIEW_THEN_CONVERT,MISSING,,False
cpf-0247-musharna-alternate-form-1,ALTERNATE_FORM,VISUAL_REVIEW_THEN_CONVERT,MISSING,,False
cpf-0248-pidove-alternate-form-1,ALTERNATE_FORM,VISUAL_REVIEW_THEN_CONVERT,MISSING,,False
cpf-0249-tranquill-alternate-form-1,ALTERNATE_FORM,VISUAL_REVIEW_THEN_CONVERT,MISSING,,False
cpf-0250-unfezant-alternate-form-1,ALTERNATE_FORM,VISUAL_REVIEW_THEN_CONVERT,MISSING,,False
cpf-0251-roggenrola-alternate-form-1,ALTERNATE_FORM,VISUAL_REVIEW_THEN_CONVERT,MISSING,,False
cpf-0252-boldore-alternate-form-1,ALTERNATE_FORM,VISUAL_REVIEW_THEN_CONVERT,MISSING,,False
cpf-0253-timburr-alternate-form-1,ALTERNATE_FORM,VISUAL_REVIEW_THEN_CONVERT,MISSING,,False
cpf-0254-gurdurr-alternate-form-1,ALTERNATE_FORM,VISUAL_REVIEW_THEN_CONVERT,MISSING,,False
cpf-0255-conkeldurr-alternate-form-1,ALTERNATE_FORM,VISUAL_REVIEW_THEN_CONVERT,MISSING,,False
cpf-0256-purrloin-alternate-form-1,ALTERNATE_FORM,VISUAL_REVIEW_THEN_CONVERT,MISSING,,False
cpf-0257-liepard-alternate-form-1,ALTERNATE_FORM,VISUAL_REVIEW_THEN_CONVERT,MISSING,,False
cpf-0258-petilil-alternate-form-1,ALTERNATE_FORM,VISUAL_REVIEW_THEN_CONVERT,MISSING,,False
cpf-0259-petilil-alternate-form-2,ALTERNATE_FORM,VISUAL_REVIEW_THEN_CONVERT,MISSING,,False
cpf-0260-lilligant-alternate-form-1,ALTERNATE_FORM,VISUAL_REVIEW_THEN_CONVERT,MISSING,,False
cpf-0261-lilligant-alternate-form-2,ALTERNATE_FORM,VISUAL_REVIEW_THEN_CONVERT,MISSING,,False
cpf-0262-sandile-alternate-form-1,ALTERNATE_FORM,VISUAL_REVIEW_THEN_CONVERT,MISSING,,False
cpf-0263-krokorok-alternate-form-1,ALTERNATE_FORM,VISUAL_REVIEW_THEN_CONVERT,MISSING,,False
cpf-0264-krookodile-alternate-form-1,ALTERNATE_FORM,VISUAL_REVIEW_THEN_CONVERT,MISSING,,False
cpf-0265-dwebble-alternate-form-1,ALTERNATE_FORM,VISUAL_REVIEW_THEN_CONVERT,MISSING,,False
cpf-0266-crustle-alternate-form-1,ALTERNATE_FORM,VISUAL_REVIEW_THEN_CONVERT,MISSING,,False
cpf-0267-yamask-alternate-form-1,ALTERNATE_FORM,VISUAL_REVIEW_THEN_CONVERT,MISSING,,False
cpf-0268-yamask-alternate-form-2,ALTERNATE_FORM,VISUAL_REVIEW_THEN_CONVERT,MISSING,,False
cpf-0269-cofagrigus-alternate-form-1,ALTERNATE_FORM,VISUAL_REVIEW_THEN_CONVERT,MISSING,,False
cpf-0270-tirtouga-alternate-form-1,ALTERNATE_FORM,VISUAL_REVIEW_THEN_CONVERT,MISSING,,False
cpf-0271-carracosta-alternate-form-1,ALTERNATE_FORM,VISUAL_REVIEW_THEN_CONVERT,MISSING,,False
cpf-0272-archen-alternate-form-1,ALTERNATE_FORM,VISUAL_REVIEW_THEN_CONVERT,MISSING,,False
cpf-0273-archeops-alternate-form-1,ALTERNATE_FORM,VISUAL_REVIEW_THEN_CONVERT,MISSING,,False
cpf-0274-trubbish-alternate-form-1,ALTERNATE_FORM,VISUAL_REVIEW_THEN_CONVERT,MISSING,,False
cpf-0275-garbodor-alternate-form-1,ALTERNATE_FORM,VISUAL_REVIEW_THEN_CONVERT,MISSING,,False
cpf-0276-solosis-alternate-form-1,ALTERNATE_FORM,VISUAL_REVIEW_THEN_CONVERT,MISSING,,False
cpf-0277-duosion-alternate-form-1,ALTERNATE_FORM,VISUAL_REVIEW_THEN_CONVERT,MISSING,,False
cpf-0278-reuniclus-alternate-form-1,ALTERNATE_FORM,VISUAL_REVIEW_THEN_CONVERT,MISSING,,False
cpf-0279-vanillite-alternate-form-1,ALTERNATE_FORM,VISUAL_REVIEW_THEN_CONVERT,MISSING,,False
cpf-0280-vanillish-alternate-form-1,ALTERNATE_FORM,VISUAL_REVIEW_THEN_CONVERT,MISSING,,False
cpf-0281-vanilluxe-alternate-form-1,ALTERNATE_FORM,VISUAL_REVIEW_THEN_CONVERT,MISSING,,False
cpf-0282-escavalier-alternate-form-1,ALTERNATE_FORM,VISUAL_REVIEW_THEN_CONVERT,MISSING,,False
cpf-0283-ferroseed-alternate-form-1,ALTERNATE_FORM,VISUAL_REVIEW_THEN_CONVERT,MISSING,,False
cpf-0284-ferrothorn-alternate-form-1,ALTERNATE_FORM,VISUAL_REVIEW_THEN_CONVERT,MISSING,,False
cpf-0285-klang-alternate-form-1,ALTERNATE_FORM,VISUAL_REVIEW_THEN_CONVERT,MISSING,,False
cpf-0286-klinklang-alternate-form-1,ALTERNATE_FORM,VISUAL_REVIEW_THEN_CONVERT,MISSING,,False
cpf-0287-eelektrik-alternate-form-1,ALTERNATE_FORM,VISUAL_REVIEW_THEN_CONVERT,MISSING,,False
cpf-0288-eelektross-alternate-form-1,ALTERNATE_FORM,VISUAL_REVIEW_THEN_CONVERT,MISSING,,False
cpf-0289-litwick-alternate-form-1,ALTERNATE_FORM,VISUAL_REVIEW_THEN_CONVERT,MISSING,,False
cpf-0290-lampent-alternate-form-1,ALTERNATE_FORM,VISUAL_REVIEW_THEN_CONVERT,MISSING,,False
cpf-0291-chandelure-alternate-form-1,ALTERNATE_FORM,VISUAL_REVIEW_THEN_CONVERT,MISSING,,False
cpf-0292-cryogonal-alternate-form-1,ALTERNATE_FORM,VISUAL_REVIEW_THEN_CONVERT,MISSING,,False
cpf-0293-accelgor-alternate-form-1,ALTERNATE_FORM,VISUAL_REVIEW_THEN_CONVERT,MISSING,,False
cpf-0294-mienfoo-bluetowel-alternate-form-form-1,ALTERNATE_FORM,VISUAL_REVIEW_THEN_CONVERT,MISSING,,False
cpf-0295-mienshao-bluetowel-alternate-form-form-1,ALTERNATE_FORM,VISUAL_REVIEW_THEN_CONVERT,MISSING,,False
cpf-0296-druddigon-alternate-form-1,ALTERNATE_FORM,VISUAL_REVIEW_THEN_CONVERT,MISSING,,False
cpf-0297-golett-alternate-form-1,ALTERNATE_FORM,VISUAL_REVIEW_THEN_CONVERT,MISSING,,False
cpf-0298-golurk-alternate-form-1,ALTERNATE_FORM,VISUAL_REVIEW_THEN_CONVERT,MISSING,,False
cpf-0299-pawniard-alternate-form-1,ALTERNATE_FORM,VISUAL_REVIEW_THEN_CONVERT,MISSING,,False
cpf-0300-bisharp-alternate-form-1,ALTERNATE_FORM,VISUAL_REVIEW_THEN_CONVERT,MISSING,,False
cpf-0301-durant-bluetowel-alternate-form-form-1,ALTERNATE_FORM,VISUAL_REVIEW_THEN_CONVERT,MISSING,,False
cpf-0302-deino-cybertank-form-1,ALTERNATE_FORM,VISUAL_REVIEW_THEN_CONVERT,MISSING,,False
cpf-0303-deino-telepathic-form-2,ALTERNATE_FORM,VISUAL_REVIEW_THEN_CONVERT,MISSING,,False
cpf-0304-zweilous-cybertank-form-1,ALTERNATE_FORM,VISUAL_REVIEW_THEN_CONVERT,MISSING,,False
cpf-0305-zweilous-telepathic-form-2,ALTERNATE_FORM,VISUAL_REVIEW_THEN_CONVERT,MISSING,,False
cpf-0306-hydreigon-cybertank-form-1,ALTERNATE_FORM,VISUAL_REVIEW_THEN_CONVERT,MISSING,,False
cpf-0307-hydreigon-telepathic-form-2,ALTERNATE_FORM,VISUAL_REVIEW_THEN_CONVERT,MISSING,,False
cpf-0308-chesnaught-alternate-form-1,ALTERNATE_FORM,VISUAL_REVIEW_THEN_CONVERT,MISSING,,False
cpf-0309-delphox-alternate-form-1,ALTERNATE_FORM,VISUAL_REVIEW_THEN_CONVERT,MISSING,,False
cpf-0310-greninja-alternate-form-1,ALTERNATE_FORM,VISUAL_REVIEW_THEN_CONVERT,MISSING,,False
cpf-0311-bunnelby-alternate-form-1,ALTERNATE_FORM,VISUAL_REVIEW_THEN_CONVERT,MISSING,,False
cpf-0312-diggersby-alternate-form-1,ALTERNATE_FORM,VISUAL_REVIEW_THEN_CONVERT,MISSING,,False
cpf-0313-spritzee-alternate-form-1,ALTERNATE_FORM,VISUAL_REVIEW_THEN_CONVERT,MISSING,,False
cpf-0314-spritzee-alternate-form-2,ALTERNATE_FORM,VISUAL_REVIEW_THEN_CONVERT,MISSING,,False
cpf-0315-aromatisse-alternate-form-1,ALTERNATE_FORM,VISUAL_REVIEW_THEN_CONVERT,MISSING,,False
cpf-0316-aromatisse-alternate-form-2,ALTERNATE_FORM,VISUAL_REVIEW_THEN_CONVERT,MISSING,,False
cpf-0317-barbaracle-alternate-form-1,ALTERNATE_FORM,VISUAL_REVIEW_THEN_CONVERT,MISSING,,False
cpf-0318-skrelp-alternate-form-1,ALTERNATE_FORM,VISUAL_REVIEW_THEN_CONVERT,MISSING,,False
cpf-0319-dragalge-alternate-form-1,ALTERNATE_FORM,VISUAL_REVIEW_THEN_CONVERT,MISSING,,False
cpf-0320-clauncher-alternate-form-1,ALTERNATE_FORM,VISUAL_REVIEW_THEN_CONVERT,MISSING,,False
cpf-0321-clawitzer-alternate-form-1,ALTERNATE_FORM,VISUAL_REVIEW_THEN_CONVERT,MISSING,,False
cpf-0322-tyrunt-alternate-form-1,ALTERNATE_FORM,VISUAL_REVIEW_THEN_CONVERT,MISSING,,False
cpf-0323-tyrantrum-alternate-form-1,ALTERNATE_FORM,VISUAL_REVIEW_THEN_CONVERT,MISSING,,False
cpf-0324-amaura-alternate-form-1,ALTERNATE_FORM,VISUAL_REVIEW_THEN_CONVERT,MISSING,,False
cpf-0325-aurorus-alternate-form-1,ALTERNATE_FORM,VISUAL_REVIEW_THEN_CONVERT,MISSING,,False
cpf-0326-dedenne-alternate-form-1,ALTERNATE_FORM,VISUAL_REVIEW_THEN_CONVERT,MISSING,,False
cpf-0327-goomy-alternate-form-1,ALTERNATE_FORM,VISUAL_REVIEW_THEN_CONVERT,MISSING,,False
cpf-0328-sliggoo-alternate-form-1,ALTERNATE_FORM,VISUAL_REVIEW_THEN_CONVERT,MISSING,,False
cpf-0329-sliggoo-alternate-form-2,ALTERNATE_FORM,VISUAL_REVIEW_THEN_CONVERT,MISSING,,False
cpf-0330-goodra-alternate-form-1,ALTERNATE_FORM,VISUAL_REVIEW_THEN_CONVERT,MISSING,,False
cpf-0331-goodra-alternate-form-2,ALTERNATE_FORM,VISUAL_REVIEW_THEN_CONVERT,MISSING,,False
cpf-0332-noibat-alternate-form-1,ALTERNATE_FORM,VISUAL_REVIEW_THEN_CONVERT,MISSING,,False
cpf-0333-noivern-alternate-form-1,ALTERNATE_FORM,VISUAL_REVIEW_THEN_CONVERT,MISSING,,False
cpf-0334-dartrix-alternate-form-1,ALTERNATE_FORM,VISUAL_REVIEW_THEN_CONVERT,MISSING,,False
cpf-0335-dartrix-alternate-form-2,ALTERNATE_FORM,VISUAL_REVIEW_THEN_CONVERT,MISSING,,False
cpf-0336-decidueye-alternate-form-1,ALTERNATE_FORM,VISUAL_REVIEW_THEN_CONVERT,MISSING,,False
cpf-0337-decidueye-alternate-form-2,ALTERNATE_FORM,VISUAL_REVIEW_THEN_CONVERT,MISSING,,False
cpf-0338-incineroar-alternate-form-1,ALTERNATE_FORM,VISUAL_REVIEW_THEN_CONVERT,MISSING,,False
cpf-0339-primarina-alternate-form-1,ALTERNATE_FORM,VISUAL_REVIEW_THEN_CONVERT,MISSING,,False
cpf-0340-ribombee-bluetowel-alternate-form-form-1,ALTERNATE_FORM,VISUAL_REVIEW_THEN_CONVERT,MISSING,,False
cpf-0341-ribombee-bluetowel-alternate-form-form-2,ALTERNATE_FORM,VISUAL_REVIEW_THEN_CONVERT,MISSING,,False
cpf-0342-dewpider-alternate-form-1,ALTERNATE_FORM,VISUAL_REVIEW_THEN_CONVERT,MISSING,,False
cpf-0343-araquanid-alternate-form-1,ALTERNATE_FORM,VISUAL_REVIEW_THEN_CONVERT,MISSING,,False
cpf-0344-fomantis-alternate-form-1,ALTERNATE_FORM,VISUAL_REVIEW_THEN_CONVERT,MISSING,,False
cpf-0345-lurantis-alternate-form-1,ALTERNATE_FORM,VISUAL_REVIEW_THEN_CONVERT,MISSING,,False
cpf-0346-sandygast-alternate-form-1,ALTERNATE_FORM,VISUAL_REVIEW_THEN_CONVERT,MISSING,,False
cpf-0347-palossand-alternate-form-1,ALTERNATE_FORM,VISUAL_REVIEW_THEN_CONVERT,MISSING,,False
cpf-0348-hakamo-o-alternate-form-1,ALTERNATE_FORM,VISUAL_REVIEW_THEN_CONVERT,MISSING,,False
cpf-0349-kommo-o-alternate-form-1,ALTERNATE_FORM,VISUAL_REVIEW_THEN_CONVERT,MISSING,,False
cpf-0350-thwackey-alternate-form-2,ALTERNATE_FORM,VISUAL_REVIEW_THEN_CONVERT,MISSING,,False
cpf-0351-rillaboom-alternate-form-2,ALTERNATE_FORM,VISUAL_REVIEW_THEN_CONVERT,MISSING,,False
cpf-0352-scorbunny-alternate-form-2,ALTERNATE_FORM,VISUAL_REVIEW_THEN_CONVERT,MISSING,,False
cpf-0353-raboot-alternate-form-2,ALTERNATE_FORM,VISUAL_REVIEW_THEN_CONVERT,MISSING,,False
cpf-0354-cinderace-alternate-form-2,ALTERNATE_FORM,VISUAL_REVIEW_THEN_CONVERT,MISSING,,False
cpf-0355-sobble-alternate-form-2,ALTERNATE_FORM,VISUAL_REVIEW_THEN_CONVERT,MISSING,,False
cpf-0356-drizzile-alternate-form-2,ALTERNATE_FORM,VISUAL_REVIEW_THEN_CONVERT,MISSING,,False
cpf-0357-inteleon-alternate-form-2,ALTERNATE_FORM,VISUAL_REVIEW_THEN_CONVERT,MISSING,,False
cpf-0358-arrokuda-alternate-form-1,ALTERNATE_FORM,VISUAL_REVIEW_THEN_CONVERT,MISSING,,False
cpf-0359-barraskewda-alternate-form-1,ALTERNATE_FORM,VISUAL_REVIEW_THEN_CONVERT,MISSING,,False
crabominable-redux,REDUX_OR_DELTA_STYLE,CONVERT_IF_SOURCE_CLEAN_ELSE_REVIEW,ER-nextdex,back|back_shiny|front|front_shiny,True
crabrawler-redux,REDUX_OR_DELTA_STYLE,CONVERT_IF_SOURCE_CLEAN_ELSE_REVIEW,ER-nextdex,back|back_shiny|front|front_shiny,True
crabruiser-redux,REDUX_OR_DELTA_STYLE,CONVERT_IF_SOURCE_CLEAN_ELSE_REVIEW,ER-nextdex,back|back_shiny|front|front_shiny,True
crawdauntles,BASE_OR_OTHER,SEARCH_MORE_DS_SOURCES_THEN_CONVERT,ER-nextdex,back|back_shiny|front|front_shiny,True
crobat-mega,CUSTOM_MEGA,CONVERT_IF_SOURCE_CLEAN_ELSE_NATIVE_REMAKE,ER-nextdex,back|back_shiny|front|front_shiny,True
darkrai-nightmare,BASE_OR_OTHER,SEARCH_MORE_DS_SOURCES_THEN_CONVERT,ER-nextdex,back|back_shiny|front|front_shiny,True
darmanitan-redux,REDUX_OR_DELTA_STYLE,CONVERT_IF_SOURCE_CLEAN_ELSE_REVIEW,ER-nextdex,back|back_shiny|front|front_shiny,True
darmanitan-redux-aura,REDUX_OR_DELTA_STYLE,CONVERT_IF_SOURCE_CLEAN_ELSE_REVIEW,ER-nextdex,back|back_shiny|front|front_shiny,True
darmanitan-redux-blunder,REDUX_OR_DELTA_STYLE,CONVERT_IF_SOURCE_CLEAN_ELSE_REVIEW,ER-nextdex,back|back_shiny|front|front_shiny,True
darmanitan-redux-bond,REDUX_OR_DELTA_STYLE,CONVERT_IF_SOURCE_CLEAN_ELSE_REVIEW,ER-nextdex,back|back_shiny|front|front_shiny,True
darumaka-redux,REDUX_OR_DELTA_STYLE,CONVERT_IF_SOURCE_CLEAN_ELSE_REVIEW,ER-nextdex,back|back_shiny|front|front_shiny,True
decidueye-hisuian-mega,CUSTOM_MEGA,CONVERT_IF_SOURCE_CLEAN_ELSE_NATIVE_REMAKE,ER-nextdex,back|back_shiny|front|front_shiny,True
decidueye-mega,CUSTOM_MEGA,CONVERT_IF_SOURCE_CLEAN_ELSE_NATIVE_REMAKE,ER-nextdex,back|back_shiny|front|front_shiny,True
dedelibird,BASE_OR_OTHER,SEARCH_MORE_DS_SOURCES_THEN_CONVERT,ER-nextdex,back|back_shiny|front|front_shiny,True
deino-redux,REDUX_OR_DELTA_STYLE,CONVERT_IF_SOURCE_CLEAN_ELSE_REVIEW,ER-nextdex,back|back_shiny|front|front_shiny,True
delphox-battle-bond,BASE_OR_OTHER,SEARCH_MORE_DS_SOURCES_THEN_CONVERT,ER-nextdex,back|back_shiny|front|front_shiny,True
delphox-serena,BASE_OR_OTHER,SEARCH_MORE_DS_SOURCES_THEN_CONVERT,ER-nextdex,back|back_shiny|front|front_shiny,True
dewgong-mega,CUSTOM_MEGA,CONVERT_IF_SOURCE_CLEAN_ELSE_NATIVE_REMAKE,ER-nextdex,back|back_shiny|front|front_shiny,True
dewgong-redux,REDUX_OR_DELTA_STYLE,CONVERT_IF_SOURCE_CLEAN_ELSE_REVIEW,ER-nextdex,back|back_shiny|front|front_shiny,True
dewpider-redux,REDUX_OR_DELTA_STYLE,CONVERT_IF_SOURCE_CLEAN_ELSE_REVIEW,ER-nextdex,back|back_shiny|front|front_shiny,True
dodrio-redux,REDUX_OR_DELTA_STYLE,CONVERT_IF_SOURCE_CLEAN_ELSE_REVIEW,ER-nextdex,back|back_shiny|front|front_shiny,True
doduo-redux,REDUX_OR_DELTA_STYLE,CONVERT_IF_SOURCE_CLEAN_ELSE_REVIEW,ER-nextdex,back|back_shiny|front|front_shiny,True
doublade-redux,REDUX_OR_DELTA_STYLE,CONVERT_IF_SOURCE_CLEAN_ELSE_REVIEW,ER-nextdex,back|back_shiny|front|front_shiny,True
dracovish-mega,CUSTOM_MEGA,CONVERT_IF_SOURCE_CLEAN_ELSE_NATIVE_REMAKE,ER-nextdex,back|back_shiny|front|front_shiny,True
dragapult-mega,CUSTOM_MEGA,CONVERT_IF_SOURCE_CLEAN_ELSE_NATIVE_REMAKE,ER-nextdex,back|back_shiny|front|front_shiny,True
dragonite-delivery,BASE_OR_OTHER,SEARCH_MORE_DS_SOURCES_THEN_CONVERT,ER-nextdex,back|back_shiny|front|front_shiny,True
dragonite-mega-y,CUSTOM_MEGA,CONVERT_IF_SOURCE_CLEAN_ELSE_NATIVE_REMAKE,ER-nextdex,back|back_shiny|front|front_shiny,True
dreadnaut,BASE_OR_OTHER,SEARCH_MORE_DS_SOURCES_THEN_CONVERT,ER-nextdex,back|back_shiny|front|front_shiny,True
drednaw-mega,CUSTOM_MEGA,CONVERT_IF_SOURCE_CLEAN_ELSE_NATIVE_REMAKE,ER-nextdex,back|back_shiny|front|front_shiny,True
dredwood,BASE_OR_OTHER,SEARCH_MORE_DS_SOURCES_THEN_CONVERT,ER-nextdex,back|back_shiny|front|front_shiny,True
drilbur-redux,REDUX_OR_DELTA_STYLE,CONVERT_IF_SOURCE_CLEAN_ELSE_REVIEW,ER-nextdex,back|back_shiny|front|front_shiny,True
dududunsparce,BASE_OR_OTHER,SEARCH_MORE_DS_SOURCES_THEN_CONVERT,ER-nextdex,back|back_shiny|front|front_shiny,True
dududunsparce-mega,CUSTOM_MEGA,CONVERT_IF_SOURCE_CLEAN_ELSE_NATIVE_REMAKE,ER-nextdex,back|back_shiny|front|front_shiny,True
duelumber,BASE_OR_OTHER,SEARCH_MORE_DS_SOURCES_THEN_CONVERT,ER-nextdex,back|back_shiny|front|front_shiny,True
duosion-redux,REDUX_OR_DELTA_STYLE,CONVERT_IF_SOURCE_CLEAN_ELSE_REVIEW,ER-nextdex,back|back_shiny|front|front_shiny,True
earthretha-apprensith,BASE_OR_OTHER,SEARCH_MORE_DS_SOURCES_THEN_CONVERT,MISSING,,False
earthretha-belstatue,BASE_OR_OTHER,SEARCH_MORE_DS_SOURCES_THEN_CONVERT,MISSING,,False
earthretha-belstatue-1,BASE_OR_OTHER,SEARCH_MORE_DS_SOURCES_THEN_CONVERT,MISSING,,False
earthretha-belstatue-2,BASE_OR_OTHER,SEARCH_MORE_DS_SOURCES_THEN_CONVERT,MISSING,,False
earthretha-bombghost,BASE_OR_OTHER,SEARCH_MORE_DS_SOURCES_THEN_CONVERT,MISSING,,False
earthretha-bunninja,BASE_OR_OTHER,SEARCH_MORE_DS_SOURCES_THEN_CONVERT,MISSING,,False
earthretha-cubchestra,BASE_OR_OTHER,SEARCH_MORE_DS_SOURCES_THEN_CONVERT,MISSING,,False
earthretha-eggvour,BASE_OR_OTHER,SEARCH_MORE_DS_SOURCES_THEN_CONVERT,MISSING,,False
earthretha-firaptor,BASE_OR_OTHER,SEARCH_MORE_DS_SOURCES_THEN_CONVERT,MISSING,,False
earthretha-gloom-1,BASE_OR_OTHER,SEARCH_MORE_DS_SOURCES_THEN_CONVERT,MISSING,,False
earthretha-gorochu,BASE_OR_OTHER,SEARCH_MORE_DS_SOURCES_THEN_CONVERT,MISSING,,False
earthretha-incineroar-1,BASE_OR_OTHER,SEARCH_MORE_DS_SOURCES_THEN_CONVERT,MISSING,,False
earthretha-keenstar,BASE_OR_OTHER,SEARCH_MORE_DS_SOURCES_THEN_CONVERT,MISSING,,False
earthretha-mimiegg,BASE_OR_OTHER,SEARCH_MORE_DS_SOURCES_THEN_CONVERT,MISSING,,False
earthretha-museon,BASE_OR_OTHER,SEARCH_MORE_DS_SOURCES_THEN_CONVERT,MISSING,,False
earthretha-oddish-1,BASE_OR_OTHER,SEARCH_MORE_DS_SOURCES_THEN_CONVERT,MISSING,,False
earthretha-pangshi,BASE_OR_OTHER,SEARCH_MORE_DS_SOURCES_THEN_CONVERT,MISSING,,False
earthretha-seegel,BASE_OR_OTHER,SEARCH_MORE_DS_SOURCES_THEN_CONVERT,MISSING,,False
earthretha-sithwitch,BASE_OR_OTHER,SEARCH_MORE_DS_SOURCES_THEN_CONVERT,MISSING,,False
earthretha-thiefire,BASE_OR_OTHER,SEARCH_MORE_DS_SOURCES_THEN_CONVERT,MISSING,,False
earthretha-thunphony,BASE_OR_OTHER,SEARCH_MORE_DS_SOURCES_THEN_CONVERT,MISSING,,False
earthretha-treesmas,BASE_OR_OTHER,SEARCH_MORE_DS_SOURCES_THEN_CONVERT,MISSING,,False
earthretha-umamoth,BASE_OR_OTHER,SEARCH_MORE_DS_SOURCES_THEN_CONVERT,MISSING,,False
earthretha-unnamed,BASE_OR_OTHER,SEARCH_MORE_DS_SOURCES_THEN_CONVERT,MISSING,,False
earthretha-venonat-1,BASE_OR_OTHER,SEARCH_MORE_DS_SOURCES_THEN_CONVERT,MISSING,,False
earthretha-vileplume-1,BASE_OR_OTHER,SEARCH_MORE_DS_SOURCES_THEN_CONVERT,MISSING,,False
eevee-partner-mega,CUSTOM_MEGA,CONVERT_IF_SOURCE_CLEAN_ELSE_NATIVE_REMAKE,ER-nextdex,back|back_shiny|front|front_shiny,True
empoleon-mega,CUSTOM_MEGA,CONVERT_IF_SOURCE_CLEAN_ELSE_NATIVE_REMAKE,ER-nextdex,back|back_shiny|front|front_shiny,True
empoleon-redux,REDUX_OR_DELTA_STYLE,CONVERT_IF_SOURCE_CLEAN_ELSE_REVIEW,ER-nextdex,back|back_shiny|front|front_shiny,True
empoleon-redux-mega,REDUX_OR_DELTA_STYLE,CONVERT_IF_SOURCE_CLEAN_ELSE_REVIEW,ER-nextdex,back|back_shiny|front|front_shiny,True
eraticate,BASE_OR_OTHER,SEARCH_MORE_DS_SOURCES_THEN_CONVERT,ER-nextdex,back|back_shiny|front|front_shiny,True
escarginite,BASE_OR_OTHER,SEARCH_MORE_DS_SOURCES_THEN_CONVERT,ER-nextdex,back|back_shiny|front|front_shiny,True
escarginite-redux,REDUX_OR_DELTA_STYLE,CONVERT_IF_SOURCE_CLEAN_ELSE_REVIEW,ER-nextdex,back|back_shiny|front|front_shiny,True
espeon-galaxy,BASE_OR_OTHER,SEARCH_MORE_DS_SOURCES_THEN_CONVERT,ER-nextdex,back|back_shiny|front|front_shiny,True
excadrill-redux,REDUX_OR_DELTA_STYLE,CONVERT_IF_SOURCE_CLEAN_ELSE_REVIEW,ER-nextdex,back|back_shiny|front|front_shiny,True
exeggcute-redux,REDUX_OR_DELTA_STYLE,CONVERT_IF_SOURCE_CLEAN_ELSE_REVIEW,ER-nextdex,back|back_shiny|front|front_shiny,True
exeggutor-redux,REDUX_OR_DELTA_STYLE,CONVERT_IF_SOURCE_CLEAN_ELSE_REVIEW,ER-nextdex,back|back_shiny|front|front_shiny,True
exploud-redux,REDUX_OR_DELTA_STYLE,CONVERT_IF_SOURCE_CLEAN_ELSE_REVIEW,ER-nextdex,back|back_shiny|front|front_shiny,True
fearow-redux,REDUX_OR_DELTA_STYLE,CONVERT_IF_SOURCE_CLEAN_ELSE_REVIEW,ER-nextdex,back|back_shiny|front|front_shiny,True
fearow-redux-evo,REDUX_OR_DELTA_STYLE,CONVERT_IF_SOURCE_CLEAN_ELSE_REVIEW,ER-nextdex,back|back_shiny|front|front_shiny,True
feraligatr-mega-x,CUSTOM_MEGA,CONVERT_IF_SOURCE_CLEAN_ELSE_NATIVE_REMAKE,ER-nextdex,back|back_shiny|front|front_shiny,True
feraligatr-mega-y,CUSTOM_MEGA,CONVERT_IF_SOURCE_CLEAN_ELSE_NATIVE_REMAKE,ER-nextdex,back|back_shiny|front|front_shiny,True
flairgrance,BASE_OR_OTHER,SEARCH_MORE_DS_SOURCES_THEN_CONVERT,ER-nextdex,back|back_shiny|front|front_shiny,True
floatzel-redux,REDUX_OR_DELTA_STYLE,CONVERT_IF_SOURCE_CLEAN_ELSE_REVIEW,ER-nextdex,back|back_shiny|front|front_shiny,True
floette-eternal-flower-mega,CUSTOM_MEGA,CONVERT_IF_SOURCE_CLEAN_ELSE_NATIVE_REMAKE,ER-nextdex,back|back_shiny|front|front_shiny,True
fluffbee,BASE_OR_OTHER,SEARCH_MORE_DS_SOURCES_THEN_CONVERT,ER-nextdex,back|back_shiny|front|front_shiny,True
flygon-mega,CUSTOM_MEGA,CONVERT_IF_SOURCE_CLEAN_ELSE_NATIVE_REMAKE,ER-nextdex,back|back_shiny|front|front_shiny,True
flygon-redux,REDUX_OR_DELTA_STYLE,CONVERT_IF_SOURCE_CLEAN_ELSE_REVIEW,ER-nextdex,back|back_shiny|front|front_shiny,True
flygon-redux-b,REDUX_OR_DELTA_STYLE,CONVERT_IF_SOURCE_CLEAN_ELSE_REVIEW,ER-nextdex,back|back_shiny|front|front_shiny,True
flygon-redux-b-mega,REDUX_OR_DELTA_STYLE,CONVERT_IF_SOURCE_CLEAN_ELSE_REVIEW,ER-nextdex,back|back_shiny|front|front_shiny,True
flygon-redux-mega,REDUX_OR_DELTA_STYLE,CONVERT_IF_SOURCE_CLEAN_ELSE_REVIEW,ER-nextdex,back|back_shiny|front|front_shiny,True
fogging,BASE_OR_OTHER,SEARCH_MORE_DS_SOURCES_THEN_CONVERT,ER-nextdex,back|back_shiny|front|front_shiny,True
froslass-mega-y,CUSTOM_MEGA,CONVERT_IF_SOURCE_CLEAN_ELSE_NATIVE_REMAKE,ER-nextdex,back|back_shiny|front|front_shiny,True
froslass-redux,REDUX_OR_DELTA_STYLE,CONVERT_IF_SOURCE_CLEAN_ELSE_REVIEW,ER-nextdex,back|back_shiny|front|front_shiny,True
froslass-redux-mega,REDUX_OR_DELTA_STYLE,CONVERT_IF_SOURCE_CLEAN_ELSE_REVIEW,ER-nextdex,back|back_shiny|front|front_shiny,True
frostuccino,BASE_OR_OTHER,SEARCH_MORE_DS_SOURCES_THEN_CONVERT,ER-nextdex,back|back_shiny|front|front_shiny,True
frostula,BASE_OR_OTHER,SEARCH_MORE_DS_SOURCES_THEN_CONVERT,ER-nextdex,back|back_shiny|front|front_shiny,True
fujiflap,BASE_OR_OTHER,SEARCH_MORE_DS_SOURCES_THEN_CONVERT,ER-nextdex,back|back_shiny|front|front_shiny,True
gabite-redux,REDUX_OR_DELTA_STYLE,CONVERT_IF_SOURCE_CLEAN_ELSE_REVIEW,ER-nextdex,back|back_shiny|front|front_shiny,True
gallade-redux,REDUX_OR_DELTA_STYLE,CONVERT_IF_SOURCE_CLEAN_ELSE_REVIEW,ER-nextdex,back|back_shiny|front|front_shiny,True
gallade-redux-mega,REDUX_OR_DELTA_STYLE,CONVERT_IF_SOURCE_CLEAN_ELSE_REVIEW,ER-nextdex,back|back_shiny|front|front_shiny,True
garbodor-mega,CUSTOM_MEGA,CONVERT_IF_SOURCE_CLEAN_ELSE_NATIVE_REMAKE,ER-nextdex,back|back_shiny|front|front_shiny,True
garchomp-mega-redux,REDUX_OR_DELTA_STYLE,CONVERT_IF_SOURCE_CLEAN_ELSE_REVIEW,ER-nextdex,back|back_shiny|front|front_shiny,True
garchomp-redux,REDUX_OR_DELTA_STYLE,CONVERT_IF_SOURCE_CLEAN_ELSE_REVIEW,ER-nextdex,back|back_shiny|front|front_shiny,True
gardevoir-redux,REDUX_OR_DELTA_STYLE,CONVERT_IF_SOURCE_CLEAN_ELSE_REVIEW,ER-nextdex,back|back_shiny|front|front_shiny,True
gardevoir-redux-mega,REDUX_OR_DELTA_STYLE,CONVERT_IF_SOURCE_CLEAN_ELSE_REVIEW,ER-nextdex,back|back_shiny|front|front_shiny,True
gargablox,BASE_OR_OTHER,SEARCH_MORE_DS_SOURCES_THEN_CONVERT,ER-nextdex,back|back_shiny|front|front_shiny,True
gengar-mega-x,CUSTOM_MEGA,CONVERT_IF_SOURCE_CLEAN_ELSE_NATIVE_REMAKE,ER-nextdex,back|back_shiny|front|front_shiny,True
gible-redux,REDUX_OR_DELTA_STYLE,CONVERT_IF_SOURCE_CLEAN_ELSE_REVIEW,ER-nextdex,back|back_shiny|front|front_shiny,True
glalie-redux,REDUX_OR_DELTA_STYLE,CONVERT_IF_SOURCE_CLEAN_ELSE_REVIEW,ER-nextdex,back|back_shiny|front|front_shiny,True
glalie-redux-mega,REDUX_OR_DELTA_STYLE,CONVERT_IF_SOURCE_CLEAN_ELSE_REVIEW,ER-nextdex,back|back_shiny|front|front_shiny,True
gligar-redux,REDUX_OR_DELTA_STYLE,CONVERT_IF_SOURCE_CLEAN_ELSE_REVIEW,ER-nextdex,back|back_shiny|front|front_shiny,True
gliscor-redux,REDUX_OR_DELTA_STYLE,CONVERT_IF_SOURCE_CLEAN_ELSE_REVIEW,ER-nextdex,back|back_shiny|front|front_shiny,True
golisopod-mega-y,CUSTOM_MEGA,CONVERT_IF_SOURCE_CLEAN_ELSE_NATIVE_REMAKE,ER-nextdex,back|back_shiny|front|front_shiny,True
goodra-hisuian-mega,CUSTOM_MEGA,CONVERT_IF_SOURCE_CLEAN_ELSE_NATIVE_REMAKE,ER-nextdex,back|back_shiny|front|front_shiny,True
goodra-mega,CUSTOM_MEGA,CONVERT_IF_SOURCE_CLEAN_ELSE_NATIVE_REMAKE,ER-nextdex,back|back_shiny|front|front_shiny,True
gooschase,BASE_OR_OTHER,SEARCH_MORE_DS_SOURCES_THEN_CONVERT,ER-nextdex,back|back_shiny|front|front_shiny,True
gothitelle-mega,CUSTOM_MEGA,CONVERT_IF_SOURCE_CLEAN_ELSE_NATIVE_REMAKE,ER-nextdex,back|back_shiny|front|front_shiny,True
granbull-mega,CUSTOM_MEGA,CONVERT_IF_SOURCE_CLEAN_ELSE_NATIVE_REMAKE,ER-nextdex,back|back_shiny|front|front_shiny,True
granitun,BASE_OR_OTHER,SEARCH_MORE_DS_SOURCES_THEN_CONVERT,ER-nextdex,back|back_shiny|front|front_shiny,True
grimmsnarl-mega,CUSTOM_MEGA,CONVERT_IF_SOURCE_CLEAN_ELSE_NATIVE_REMAKE,ER-nextdex,back|back_shiny|front|front_shiny,True
grotle-redux,REDUX_OR_DELTA_STYLE,CONVERT_IF_SOURCE_CLEAN_ELSE_REVIEW,ER-nextdex,back|back_shiny|front|front_shiny,True
grotom,BASE_OR_OTHER,SEARCH_MORE_DS_SOURCES_THEN_CONVERT,ER-nextdex,back|back_shiny|front|front_shiny,True
grotom-drum,BASE_OR_OTHER,SEARCH_MORE_DS_SOURCES_THEN_CONVERT,ER-nextdex,back|back_shiny|front|front_shiny,True
grotom-fill,BASE_OR_OTHER,SEARCH_MORE_DS_SOURCES_THEN_CONVERT,ER-nextdex,back|back_shiny|front|front_shiny,True
grotom-glass,BASE_OR_OTHER,SEARCH_MORE_DS_SOURCES_THEN_CONVERT,ER-nextdex,back|back_shiny|front|front_shiny,True
grotom-kick,BASE_OR_OTHER,SEARCH_MORE_DS_SOURCES_THEN_CONVERT,ER-nextdex,back|back_shiny|front|front_shiny,True
grotom-roll,BASE_OR_OTHER,SEARCH_MORE_DS_SOURCES_THEN_CONVERT,ER-nextdex,back|back_shiny|front|front_shiny,True
growlithe-redux,REDUX_OR_DELTA_STYLE,CONVERT_IF_SOURCE_CLEAN_ELSE_REVIEW,ER-nextdex,back|back_shiny|front|front_shiny,True
guardozel,BASE_OR_OTHER,SEARCH_MORE_DS_SOURCES_THEN_CONVERT,ER-nextdex,back|back_shiny|front|front_shiny,True
gyaradeath,BASE_OR_OTHER,SEARCH_MORE_DS_SOURCES_THEN_CONVERT,ER-nextdex,back|back_shiny|front|front_shiny,True
gyaradeath-mega-x,CUSTOM_MEGA,CONVERT_IF_SOURCE_CLEAN_ELSE_NATIVE_REMAKE,ER-nextdex,back|back_shiny|front|front_shiny,True
gyaradeath-mega-y,CUSTOM_MEGA,CONVERT_IF_SOURCE_CLEAN_ELSE_NATIVE_REMAKE,ER-nextdex,back|back_shiny|front|front_shiny,True
gyarados-mega-y,CUSTOM_MEGA,CONVERT_IF_SOURCE_CLEAN_ELSE_NATIVE_REMAKE,ER-nextdex,back|back_shiny|front|front_shiny,True
gyarevalry,BASE_OR_OTHER,SEARCH_MORE_DS_SOURCES_THEN_CONVERT,ER-nextdex,back|back_shiny|front|front_shiny,True
happiny-redux,REDUX_OR_DELTA_STYLE,CONVERT_IF_SOURCE_CLEAN_ELSE_REVIEW,ER-nextdex,back|back_shiny|front|front_shiny,True
hariyama-mega,CUSTOM_MEGA,CONVERT_IF_SOURCE_CLEAN_ELSE_NATIVE_REMAKE,ER-nextdex,back|back_shiny|front|front_shiny,True
hariyama-redux,REDUX_OR_DELTA_STYLE,CONVERT_IF_SOURCE_CLEAN_ELSE_REVIEW,ER-nextdex,back|back_shiny|front|front_shiny,True
harvesting-tyrant,BASE_OR_OTHER,SEARCH_MORE_DS_SOURCES_THEN_CONVERT,ER-nextdex,back|back_shiny|front|front_shiny,True
hatterene-mega,CUSTOM_MEGA,CONVERT_IF_SOURCE_CLEAN_ELSE_NATIVE_REMAKE,ER-nextdex,back|back_shiny|front|front_shiny,True
haxorus-mega,CUSTOM_MEGA,CONVERT_IF_SOURCE_CLEAN_ELSE_NATIVE_REMAKE,ER-nextdex,back|back_shiny|front|front_shiny,True
heliomodo,BASE_OR_OTHER,SEARCH_MORE_DS_SOURCES_THEN_CONVERT,MISSING,,False
heliomodo-elite-redux,REDUX_OR_DELTA_STYLE,CONVERT_IF_SOURCE_CLEAN_ELSE_REVIEW,Mercury-repo,reference-01|reference-02,True
heliosunny,BASE_OR_OTHER,SEARCH_MORE_DS_SOURCES_THEN_CONVERT,ER-nextdex,back|back_shiny|front|front_shiny,True
heracreus,BASE_OR_OTHER,SEARCH_MORE_DS_SOURCES_THEN_CONVERT,ER-nextdex,back|back_shiny|front|front_shiny,True
heracreus-mega,CUSTOM_MEGA,CONVERT_IF_SOURCE_CLEAN_ELSE_NATIVE_REMAKE,ER-nextdex,back|back_shiny|front|front_shiny,True
hippopotato,BASE_OR_OTHER,SEARCH_MORE_DS_SOURCES_THEN_CONVERT,ER-nextdex,back|back_shiny|front|front_shiny,True
hippotaton,BASE_OR_OTHER,SEARCH_MORE_DS_SOURCES_THEN_CONVERT,ER-nextdex,back|back_shiny|front|front_shiny,True
hitmonchan-mega,CUSTOM_MEGA,CONVERT_IF_SOURCE_CLEAN_ELSE_NATIVE_REMAKE,ER-nextdex,back|back_shiny|front|front_shiny,True
hitmonlee-mega,CUSTOM_MEGA,CONVERT_IF_SOURCE_CLEAN_ELSE_NATIVE_REMAKE,ER-nextdex,back|back_shiny|front|front_shiny,True
hitmontop-mega,CUSTOM_MEGA,CONVERT_IF_SOURCE_CLEAN_ELSE_NATIVE_REMAKE,ER-nextdex,back|back_shiny|front|front_shiny,True
honedge-redux,REDUX_OR_DELTA_STYLE,CONVERT_IF_SOURCE_CLEAN_ELSE_REVIEW,ER-nextdex,back|back_shiny|front|front_shiny,True
houndoom-mega-redux,REDUX_OR_DELTA_STYLE,CONVERT_IF_SOURCE_CLEAN_ELSE_REVIEW,ER-nextdex,back|back_shiny|front|front_shiny,True
houndoom-redux,REDUX_OR_DELTA_STYLE,CONVERT_IF_SOURCE_CLEAN_ELSE_REVIEW,ER-nextdex,back|back_shiny|front|front_shiny,True
houndour-redux,REDUX_OR_DELTA_STYLE,CONVERT_IF_SOURCE_CLEAN_ELSE_REVIEW,ER-nextdex,back|back_shiny|front|front_shiny,True
hydreigon-mega,CUSTOM_MEGA,CONVERT_IF_SOURCE_CLEAN_ELSE_NATIVE_REMAKE,ER-nextdex,back|back_shiny|front|front_shiny,True
hydreigon-redux,REDUX_OR_DELTA_STYLE,CONVERT_IF_SOURCE_CLEAN_ELSE_REVIEW,ER-nextdex,back|back_shiny|front|front_shiny,True
hydreigon-redux-mega,REDUX_OR_DELTA_STYLE,CONVERT_IF_SOURCE_CLEAN_ELSE_REVIEW,ER-nextdex,back|back_shiny|front|front_shiny,True
hydroar,BASE_OR_OTHER,SEARCH_MORE_DS_SOURCES_THEN_CONVERT,ER-nextdex,back|back_shiny|front|front_shiny,True
hydroar-f,BASE_OR_OTHER,SEARCH_MORE_DS_SOURCES_THEN_CONVERT,ER-nextdex,back|back_shiny|front|front_shiny,True
hypnocroak,BASE_OR_OTHER,SEARCH_MORE_DS_SOURCES_THEN_CONVERT,ER-nextdex,back|back_shiny|front|front_shiny,True
incineroar-mega,CUSTOM_MEGA,CONVERT_IF_SOURCE_CLEAN_ELSE_NATIVE_REMAKE,ER-nextdex,back|back_shiny|front|front_shiny,True
infernape-mega,CUSTOM_MEGA,CONVERT_IF_SOURCE_CLEAN_ELSE_NATIVE_REMAKE,ER-nextdex,back|back_shiny|front|front_shiny,True
infernape-redux,REDUX_OR_DELTA_STYLE,CONVERT_IF_SOURCE_CLEAN_ELSE_REVIEW,ER-nextdex,back|back_shiny|front|front_shiny,True
infernape-redux-mega,REDUX_OR_DELTA_STYLE,CONVERT_IF_SOURCE_CLEAN_ELSE_REVIEW,ER-nextdex,back|back_shiny|front|front_shiny,True
inteleon-mega,CUSTOM_MEGA,CONVERT_IF_SOURCE_CLEAN_ELSE_NATIVE_REMAKE,ER-nextdex,back|back_shiny|front|front_shiny,True
jagged-chungulis,BASE_OR_OTHER,SEARCH_MORE_DS_SOURCES_THEN_CONVERT,ER-nextdex,back|back_shiny|front|front_shiny,True
kadabra-redux,REDUX_OR_DELTA_STYLE,CONVERT_IF_SOURCE_CLEAN_ELSE_REVIEW,ER-nextdex,back|back_shiny|front|front_shiny,True
kaiosea,BASE_OR_OTHER,SEARCH_MORE_DS_SOURCES_THEN_CONVERT,ER-nextdex,back|back_shiny|front|front_shiny,True
kakuna-redux,REDUX_OR_DELTA_STYLE,CONVERT_IF_SOURCE_CLEAN_ELSE_REVIEW,ER-nextdex,back|back_shiny|front|front_shiny,True
kartana-fallen,BASE_OR_OTHER,SEARCH_MORE_DS_SOURCES_THEN_CONVERT,ER-nextdex,back|back_shiny|front|front_shiny,True
kecleong,BASE_OR_OTHER,SEARCH_MORE_DS_SOURCES_THEN_CONVERT,ER-nextdex,back|back_shiny|front|front_shiny,True
kilozuna,BASE_OR_OTHER,SEARCH_MORE_DS_SOURCES_THEN_CONVERT,ER-nextdex,back|back_shiny|front|front_shiny,True
kilozuna-mega,CUSTOM_MEGA,CONVERT_IF_SOURCE_CLEAN_ELSE_NATIVE_REMAKE,ER-nextdex,back|back_shiny|front|front_shiny,True
kingambit-redux,REDUX_OR_DELTA_STYLE,CONVERT_IF_SOURCE_CLEAN_ELSE_REVIEW,ER-nextdex,back|back_shiny|front|front_shiny,True
kingambit-redux-mega,REDUX_OR_DELTA_STYLE,CONVERT_IF_SOURCE_CLEAN_ELSE_REVIEW,ER-nextdex,back|back_shiny|front|front_shiny,True
kingdra-mega,CUSTOM_MEGA,CONVERT_IF_SOURCE_CLEAN_ELSE_NATIVE_REMAKE,ER-nextdex,back|back_shiny|front|front_shiny,True
kingler-mega,CUSTOM_MEGA,CONVERT_IF_SOURCE_CLEAN_ELSE_NATIVE_REMAKE,ER-nextdex,back|back_shiny|front|front_shiny,True
kingler-redux,REDUX_OR_DELTA_STYLE,CONVERT_IF_SOURCE_CLEAN_ELSE_REVIEW,ER-nextdex,back|back_shiny|front|front_shiny,True
kingler-redux-mega,REDUX_OR_DELTA_STYLE,CONVERT_IF_SOURCE_CLEAN_ELSE_REVIEW,ER-nextdex,back|back_shiny|front|front_shiny,True
kipmodo,BASE_OR_OTHER,SEARCH_MORE_DS_SOURCES_THEN_CONVERT,ER-nextdex,back|back_shiny|front|front_shiny,True
kirlia-redux,REDUX_OR_DELTA_STYLE,CONVERT_IF_SOURCE_CLEAN_ELSE_REVIEW,ER-nextdex,back|back_shiny|front|front_shiny,True
kleavor-mega,CUSTOM_MEGA,CONVERT_IF_SOURCE_CLEAN_ELSE_NATIVE_REMAKE,ER-nextdex,back|back_shiny|front|front_shiny,True
kleavor-redux,REDUX_OR_DELTA_STYLE,CONVERT_IF_SOURCE_CLEAN_ELSE_REVIEW,ER-nextdex,back|back_shiny|front|front_shiny,True
kleavor-redux-mega,REDUX_OR_DELTA_STYLE,CONVERT_IF_SOURCE_CLEAN_ELSE_REVIEW,ER-nextdex,back|back_shiny|front|front_shiny,True
klefki-redux,REDUX_OR_DELTA_STYLE,CONVERT_IF_SOURCE_CLEAN_ELSE_REVIEW,ER-nextdex,back|back_shiny|front|front_shiny,True
krabby-redux,REDUX_OR_DELTA_STYLE,CONVERT_IF_SOURCE_CLEAN_ELSE_REVIEW,ER-nextdex,back|back_shiny|front|front_shiny,True
krampird,BASE_OR_OTHER,SEARCH_MORE_DS_SOURCES_THEN_CONVERT,ER-nextdex,back|back_shiny|front|front_shiny,True
krookodile-mega,CUSTOM_MEGA,CONVERT_IF_SOURCE_CLEAN_ELSE_NATIVE_REMAKE,ER-nextdex,back|back_shiny|front|front_shiny,True
lairon-redux,REDUX_OR_DELTA_STYLE,CONVERT_IF_SOURCE_CLEAN_ELSE_REVIEW,ER-nextdex,back|back_shiny|front|front_shiny,True
lampent-redux,REDUX_OR_DELTA_STYLE,CONVERT_IF_SOURCE_CLEAN_ELSE_REVIEW,ER-nextdex,back|back_shiny|front|front_shiny,True
lanturn-mega,CUSTOM_MEGA,CONVERT_IF_SOURCE_CLEAN_ELSE_NATIVE_REMAKE,ER-nextdex,back|back_shiny|front|front_shiny,True
lapras-mega,CUSTOM_MEGA,CONVERT_IF_SOURCE_CLEAN_ELSE_NATIVE_REMAKE,ER-nextdex,back|back_shiny|front|front_shiny,True
lapras-mega-x,CUSTOM_MEGA,CONVERT_IF_SOURCE_CLEAN_ELSE_NATIVE_REMAKE,ER-nextdex,back|back_shiny|front|front_shiny,True
larvesta-redux,REDUX_OR_DELTA_STYLE,CONVERT_IF_SOURCE_CLEAN_ELSE_REVIEW,ER-nextdex,back|back_shiny|front|front_shiny,True
larvitar-redux,REDUX_OR_DELTA_STYLE,CONVERT_IF_SOURCE_CLEAN_ELSE_REVIEW,ER-nextdex,back|back_shiny|front|front_shiny,True
lepastry,BASE_OR_OTHER,SEARCH_MORE_DS_SOURCES_THEN_CONVERT,ER-nextdex,back|back_shiny|front|front_shiny,True
litwick-redux,REDUX_OR_DELTA_STYLE,CONVERT_IF_SOURCE_CLEAN_ELSE_REVIEW,ER-nextdex,back|back_shiny|front|front_shiny,True
loudred-redux,REDUX_OR_DELTA_STYLE,CONVERT_IF_SOURCE_CLEAN_ELSE_REVIEW,ER-nextdex,back|back_shiny|front|front_shiny,True
lumbering-sloth,BASE_OR_OTHER,SEARCH_MORE_DS_SOURCES_THEN_CONVERT,ER-nextdex,back|back_shiny|front|front_shiny,True
lumbering-sloth-engulfed,BASE_OR_OTHER,SEARCH_MORE_DS_SOURCES_THEN_CONVERT,ER-nextdex,back|back_shiny|front|front_shiny,True
luminositeon,BASE_OR_OTHER,SEARCH_MORE_DS_SOURCES_THEN_CONVERT,ER-nextdex,back|back_shiny|front|front_shiny,True
luxio-redux,REDUX_OR_DELTA_STYLE,CONVERT_IF_SOURCE_CLEAN_ELSE_REVIEW,ER-nextdex,back|back_shiny|front|front_shiny,True
luxray-mega,CUSTOM_MEGA,CONVERT_IF_SOURCE_CLEAN_ELSE_NATIVE_REMAKE,ER-nextdex,back|back_shiny|front|front_shiny,True
luxray-redux,REDUX_OR_DELTA_STYLE,CONVERT_IF_SOURCE_CLEAN_ELSE_REVIEW,ER-nextdex,back|back_shiny|front|front_shiny,True
luxray-redux-mega,REDUX_OR_DELTA_STYLE,CONVERT_IF_SOURCE_CLEAN_ELSE_REVIEW,ER-nextdex,back|back_shiny|front|front_shiny,True
luxzero,BASE_OR_OTHER,SEARCH_MORE_DS_SOURCES_THEN_CONVERT,ER-nextdex,back|back_shiny|front|front_shiny,True
luxzero-mega,CUSTOM_MEGA,CONVERT_IF_SOURCE_CLEAN_ELSE_NATIVE_REMAKE,ER-nextdex,back|back_shiny|front|front_shiny,True
lycanroc-eclipse,BASE_OR_OTHER,SEARCH_MORE_DS_SOURCES_THEN_CONVERT,ER-nextdex,back|back_shiny|front|front_shiny,True
lycanroc-twilight,BASE_OR_OTHER,SEARCH_MORE_DS_SOURCES_THEN_CONVERT,ER-nextdex,back|back_shiny|front|front_shiny,True
machamp-mega,CUSTOM_MEGA,CONVERT_IF_SOURCE_CLEAN_ELSE_NATIVE_REMAKE,ER-nextdex,back|back_shiny|front|front_shiny,True
machamp-mega-redux,REDUX_OR_DELTA_STYLE,CONVERT_IF_SOURCE_CLEAN_ELSE_REVIEW,ER-nextdex,back|back_shiny|front|front_shiny,True
machamp-redux,REDUX_OR_DELTA_STYLE,CONVERT_IF_SOURCE_CLEAN_ELSE_REVIEW,ER-nextdex,back|back_shiny|front|front_shiny,True
machoke-redux,REDUX_OR_DELTA_STYLE,CONVERT_IF_SOURCE_CLEAN_ELSE_REVIEW,ER-nextdex,back|back_shiny|front|front_shiny,True
machop-redux,REDUX_OR_DELTA_STYLE,CONVERT_IF_SOURCE_CLEAN_ELSE_REVIEW,ER-nextdex,back|back_shiny|front|front_shiny,True
magcargo-redux,REDUX_OR_DELTA_STYLE,CONVERT_IF_SOURCE_CLEAN_ELSE_REVIEW,ER-nextdex,back|back_shiny|front|front_shiny,True
magearna-mega,CUSTOM_MEGA,CONVERT_IF_SOURCE_CLEAN_ELSE_NATIVE_REMAKE,ER-nextdex,back|back_shiny|front|front_shiny,True
magmenous,BASE_OR_OTHER,SEARCH_MORE_DS_SOURCES_THEN_CONVERT,ER-nextdex,back|back_shiny|front|front_shiny,True
magnezone-mega,CUSTOM_MEGA,CONVERT_IF_SOURCE_CLEAN_ELSE_NATIVE_REMAKE,ER-nextdex,back|back_shiny|front|front_shiny,True
makuhita-redux,REDUX_OR_DELTA_STYLE,CONVERT_IF_SOURCE_CLEAN_ELSE_REVIEW,ER-nextdex,back|back_shiny|front|front_shiny,True
mamoswine-redux,REDUX_OR_DELTA_STYLE,CONVERT_IF_SOURCE_CLEAN_ELSE_REVIEW,ER-nextdex,back|back_shiny|front|front_shiny,True
mamoswine-redux-mega,REDUX_OR_DELTA_STYLE,CONVERT_IF_SOURCE_CLEAN_ELSE_REVIEW,ER-nextdex,back|back_shiny|front|front_shiny,True
marbeep,BASE_OR_OTHER,SEARCH_MORE_DS_SOURCES_THEN_CONVERT,ER-nextdex,back|back_shiny|front|front_shiny,True
marshmodo,BASE_OR_OTHER,SEARCH_MORE_DS_SOURCES_THEN_CONVERT,ER-nextdex,back|back_shiny|front|front_shiny,True
mawile-mega-redux,REDUX_OR_DELTA_STYLE,CONVERT_IF_SOURCE_CLEAN_ELSE_REVIEW,ER-nextdex,back|back_shiny|front|front_shiny,True
mawile-redux,REDUX_OR_DELTA_STYLE,CONVERT_IF_SOURCE_CLEAN_ELSE_REVIEW,ER-nextdex,back|back_shiny|front|front_shiny,True
mawile-redux-b,REDUX_OR_DELTA_STYLE,CONVERT_IF_SOURCE_CLEAN_ELSE_REVIEW,ER-nextdex,back|back_shiny|front|front_shiny,True
mawile-redux-b-mega,REDUX_OR_DELTA_STYLE,CONVERT_IF_SOURCE_CLEAN_ELSE_REVIEW,ER-nextdex,back|back_shiny|front|front_shiny,True
mega-bastiodon,CUSTOM_MEGA,CONVERT_IF_SOURCE_CLEAN_ELSE_NATIVE_REMAKE,MISSING,,False
mega-dusknoir,CUSTOM_MEGA,CONVERT_IF_SOURCE_CLEAN_ELSE_NATIVE_REMAKE,MISSING,,False
mega-electivire,CUSTOM_MEGA,CONVERT_IF_SOURCE_CLEAN_ELSE_NATIVE_REMAKE,MISSING,,False
mega-empoleon,CUSTOM_MEGA,CONVERT_IF_SOURCE_CLEAN_ELSE_NATIVE_REMAKE,MISSING,,False
mega-honchkrow,CUSTOM_MEGA,CONVERT_IF_SOURCE_CLEAN_ELSE_NATIVE_REMAKE,MISSING,,False
mega-infernape,CUSTOM_MEGA,CONVERT_IF_SOURCE_CLEAN_ELSE_NATIVE_REMAKE,MISSING,,False
mega-magmortar,CUSTOM_MEGA,CONVERT_IF_SOURCE_CLEAN_ELSE_NATIVE_REMAKE,MISSING,,False
mega-magnezone,CUSTOM_MEGA,CONVERT_IF_SOURCE_CLEAN_ELSE_NATIVE_REMAKE,MISSING,,False
mega-mamoswine,CUSTOM_MEGA,CONVERT_IF_SOURCE_CLEAN_ELSE_NATIVE_REMAKE,MISSING,,False
mega-milotic,CUSTOM_MEGA,CONVERT_IF_SOURCE_CLEAN_ELSE_NATIVE_REMAKE,MISSING,,False
mega-porygon,CUSTOM_MEGA,CONVERT_IF_SOURCE_CLEAN_ELSE_NATIVE_REMAKE,MISSING,,False
mega-probopass,CUSTOM_MEGA,CONVERT_IF_SOURCE_CLEAN_ELSE_NATIVE_REMAKE,MISSING,,False
mega-rampardos,CUSTOM_MEGA,CONVERT_IF_SOURCE_CLEAN_ELSE_NATIVE_REMAKE,MISSING,,False
mega-rhyperior-stage22,MERCURY_ORIGINAL_BAD_SOURCE,NATIVE_NDS_REMAKE,Mercury-repo,back|front,True
mega-roserade,CUSTOM_MEGA,CONVERT_IF_SOURCE_CLEAN_ELSE_NATIVE_REMAKE,MISSING,,False
mega-spiritomb,CUSTOM_MEGA,CONVERT_IF_SOURCE_CLEAN_ELSE_NATIVE_REMAKE,MISSING,,False
mega-tangrowth,CUSTOM_MEGA,CONVERT_IF_SOURCE_CLEAN_ELSE_NATIVE_REMAKE,MISSING,,False
mega-torterra,CUSTOM_MEGA,CONVERT_IF_SOURCE_CLEAN_ELSE_NATIVE_REMAKE,MISSING,,False
mega-weavile,CUSTOM_MEGA,CONVERT_IF_SOURCE_CLEAN_ELSE_NATIVE_REMAKE,MISSING,,False
mega-yanmega,CUSTOM_MEGA,CONVERT_IF_SOURCE_CLEAN_ELSE_NATIVE_REMAKE,MISSING,,False
melmetal-mega,CUSTOM_MEGA,CONVERT_IF_SOURCE_CLEAN_ELSE_NATIVE_REMAKE,ER-nextdex,back|back_shiny|front|front_shiny,True
meowscarada-mega,CUSTOM_MEGA,CONVERT_IF_SOURCE_CLEAN_ELSE_NATIVE_REMAKE,ER-nextdex,back|back_shiny|front|front_shiny,True
meowth-partner,BASE_OR_OTHER,SEARCH_MORE_DS_SOURCES_THEN_CONVERT,ER-nextdex,back|back_shiny|front|front_shiny,True
meowth-partner-mega,CUSTOM_MEGA,CONVERT_IF_SOURCE_CLEAN_ELSE_NATIVE_REMAKE,ER-nextdex,back|back_shiny|front|front_shiny,True
merrykarp,BASE_OR_OTHER,SEARCH_MORE_DS_SOURCES_THEN_CONVERT,ER-nextdex,back|back_shiny|front|front_shiny,True
mesprit-redux,REDUX_OR_DELTA_STYLE,CONVERT_IF_SOURCE_CLEAN_ELSE_REVIEW,ER-nextdex,back|back_shiny|front|front_shiny,True
mienshao-mega,CUSTOM_MEGA,CONVERT_IF_SOURCE_CLEAN_ELSE_NATIVE_REMAKE,ER-nextdex,back|back_shiny|front|front_shiny,True
milotic-mega,CUSTOM_MEGA,CONVERT_IF_SOURCE_CLEAN_ELSE_NATIVE_REMAKE,ER-nextdex,back|back_shiny|front|front_shiny,True
mimikyu-apex,BASE_OR_OTHER,SEARCH_MORE_DS_SOURCES_THEN_CONVERT,ER-nextdex,back|back_shiny|front|front_shiny,True
mimikyu-apex-busted,BASE_OR_OTHER,SEARCH_MORE_DS_SOURCES_THEN_CONVERT,ER-nextdex,back|back_shiny|front|front_shiny,True
mimikyu-rayquaza,BASE_OR_OTHER,SEARCH_MORE_DS_SOURCES_THEN_CONVERT,ER-nextdex,back|back_shiny|front|front_shiny,True
mimikyu-rayquaza-busted,BASE_OR_OTHER,SEARCH_MORE_DS_SOURCES_THEN_CONVERT,ER-nextdex,back|back_shiny|front|front_shiny,True
minccino-redux,REDUX_OR_DELTA_STYLE,CONVERT_IF_SOURCE_CLEAN_ELSE_REVIEW,ER-nextdex,back|back_shiny|front|front_shiny,True
moltres-ex,BASE_OR_OTHER,SEARCH_MORE_DS_SOURCES_THEN_CONVERT,ER-nextdex,back|back_shiny|front|front_shiny,True
moltres-ex-mega,CUSTOM_MEGA,CONVERT_IF_SOURCE_CLEAN_ELSE_NATIVE_REMAKE,ER-nextdex,back|back_shiny|front|front_shiny,True
monferno-redux,REDUX_OR_DELTA_STYLE,CONVERT_IF_SOURCE_CLEAN_ELSE_REVIEW,ER-nextdex,back|back_shiny|front|front_shiny,True
morpekyll,BASE_OR_OTHER,SEARCH_MORE_DS_SOURCES_THEN_CONVERT,ER-nextdex,back|back_shiny|front|front_shiny,True
morpekyll-hangry,BASE_OR_OTHER,SEARCH_MORE_DS_SOURCES_THEN_CONVERT,ER-nextdex,back|back_shiny|front|front_shiny,True
munchlax-redux,REDUX_OR_DELTA_STYLE,CONVERT_IF_SOURCE_CLEAN_ELSE_REVIEW,ER-nextdex,back|back_shiny|front|front_shiny,True
nidoking-mega,CUSTOM_MEGA,CONVERT_IF_SOURCE_CLEAN_ELSE_NATIVE_REMAKE,ER-nextdex,back|back_shiny|front|front_shiny,True
nidoqueen-mega,CUSTOM_MEGA,CONVERT_IF_SOURCE_CLEAN_ELSE_NATIVE_REMAKE,ER-nextdex,back|back_shiny|front|front_shiny,True
noibat-redux,REDUX_OR_DELTA_STYLE,CONVERT_IF_SOURCE_CLEAN_ELSE_REVIEW,ER-nextdex,back|back_shiny|front|front_shiny,True
noivern-redux,REDUX_OR_DELTA_STYLE,CONVERT_IF_SOURCE_CLEAN_ELSE_REVIEW,ER-nextdex,back|back_shiny|front|front_shiny,True
orbeetle-mega,CUSTOM_MEGA,CONVERT_IF_SOURCE_CLEAN_ELSE_NATIVE_REMAKE,ER-nextdex,back|back_shiny|front|front_shiny,True
orchestot,BASE_OR_OTHER,SEARCH_MORE_DS_SOURCES_THEN_CONVERT,ER-nextdex,back|back_shiny|front|front_shiny,True
oricorio-mega,CUSTOM_MEGA,CONVERT_IF_SOURCE_CLEAN_ELSE_NATIVE_REMAKE,ER-nextdex,back|back_shiny|front|front_shiny,True
panpour-redux,REDUX_OR_DELTA_STYLE,CONVERT_IF_SOURCE_CLEAN_ELSE_REVIEW,ER-nextdex,back|back_shiny|front|front_shiny,True
pansage-redux,REDUX_OR_DELTA_STYLE,CONVERT_IF_SOURCE_CLEAN_ELSE_REVIEW,ER-nextdex,back|back_shiny|front|front_shiny,True
pansear-redux,REDUX_OR_DELTA_STYLE,CONVERT_IF_SOURCE_CLEAN_ELSE_REVIEW,ER-nextdex,back|back_shiny|front|front_shiny,True
pawniard-redux,REDUX_OR_DELTA_STYLE,CONVERT_IF_SOURCE_CLEAN_ELSE_REVIEW,ER-nextdex,back|back_shiny|front|front_shiny,True
pentadug,BASE_OR_OTHER,SEARCH_MORE_DS_SOURCES_THEN_CONVERT,ER-nextdex,back|back_shiny|front|front_shiny,True
pentadug-alolan,REGIONAL_OR_CANON_FORM,SEARCH_MORE_DS_SOURCES_THEN_CONVERT,ER-nextdex,back|back_shiny|front|front_shiny,True
pentawug,BASE_OR_OTHER,SEARCH_MORE_DS_SOURCES_THEN_CONVERT,ER-nextdex,back|back_shiny|front|front_shiny,True
phanfernal,BASE_OR_OTHER,SEARCH_MORE_DS_SOURCES_THEN_CONVERT,ER-nextdex,back|back_shiny|front|front_shiny,True
phantowl,BASE_OR_OTHER,SEARCH_MORE_DS_SOURCES_THEN_CONVERT,ER-nextdex,back|back_shiny|front|front_shiny,True
pikachu-partner-mega,CUSTOM_MEGA,CONVERT_IF_SOURCE_CLEAN_ELSE_NATIVE_REMAKE,ER-nextdex,back|back_shiny|front|front_shiny,True
piloswine-redux,REDUX_OR_DELTA_STYLE,CONVERT_IF_SOURCE_CLEAN_ELSE_REVIEW,ER-nextdex,back|back_shiny|front|front_shiny,True
piplup-redux,REDUX_OR_DELTA_STYLE,CONVERT_IF_SOURCE_CLEAN_ELSE_REVIEW,ER-nextdex,back|back_shiny|front|front_shiny,True
plundertow,BASE_OR_OTHER,SEARCH_MORE_DS_SOURCES_THEN_CONVERT,ER-nextdex,back|back_shiny|front|front_shiny,True
polartic,BASE_OR_OTHER,SEARCH_MORE_DS_SOURCES_THEN_CONVERT,ER-nextdex,back|back_shiny|front|front_shiny,True
polartic-bluemoon,BASE_OR_OTHER,SEARCH_MORE_DS_SOURCES_THEN_CONVERT,ER-nextdex,back|back_shiny|front|front_shiny,True
polteageist-redux,REDUX_OR_DELTA_STYLE,CONVERT_IF_SOURCE_CLEAN_ELSE_REVIEW,ER-nextdex,back|back_shiny|front|front_shiny,True
popcorm,BASE_OR_OTHER,SEARCH_MORE_DS_SOURCES_THEN_CONVERT,ER-nextdex,back|back_shiny|front|front_shiny,True
popcorm-mega,CUSTOM_MEGA,CONVERT_IF_SOURCE_CLEAN_ELSE_NATIVE_REMAKE,ER-nextdex,back|back_shiny|front|front_shiny,True
primarina-mega,CUSTOM_MEGA,CONVERT_IF_SOURCE_CLEAN_ELSE_NATIVE_REMAKE,ER-nextdex,back|back_shiny|front|front_shiny,True
prinplup-redux,REDUX_OR_DELTA_STYLE,CONVERT_IF_SOURCE_CLEAN_ELSE_REVIEW,ER-nextdex,back|back_shiny|front|front_shiny,True
psyduck-redux,REDUX_OR_DELTA_STYLE,CONVERT_IF_SOURCE_CLEAN_ELSE_REVIEW,ER-nextdex,back|back_shiny|front|front_shiny,True
pupitar-redux,REDUX_OR_DELTA_STYLE,CONVERT_IF_SOURCE_CLEAN_ELSE_REVIEW,ER-nextdex,back|back_shiny|front|front_shiny,True
quagsire-mega,CUSTOM_MEGA,CONVERT_IF_SOURCE_CLEAN_ELSE_NATIVE_REMAKE,ER-nextdex,back|back_shiny|front|front_shiny,True
quaquaval-mega,CUSTOM_MEGA,CONVERT_IF_SOURCE_CLEAN_ELSE_NATIVE_REMAKE,ER-nextdex,back|back_shiny|front|front_shiny,True
queengambit,BASE_OR_OTHER,SEARCH_MORE_DS_SOURCES_THEN_CONVERT,ER-nextdex,back|back_shiny|front|front_shiny,True
ralts-redux,REDUX_OR_DELTA_STYLE,CONVERT_IF_SOURCE_CLEAN_ELSE_REVIEW,ER-nextdex,back|back_shiny|front|front_shiny,True
rapidash-mega,CUSTOM_MEGA,CONVERT_IF_SOURCE_CLEAN_ELSE_NATIVE_REMAKE,ER-nextdex,back|back_shiny|front|front_shiny,True
rapidash-mega-galarian,CUSTOM_MEGA,CONVERT_IF_SOURCE_CLEAN_ELSE_NATIVE_REMAKE,ER-nextdex,back|back_shiny|front|front_shiny,True
ratfioso,BASE_OR_OTHER,SEARCH_MORE_DS_SOURCES_THEN_CONVERT,ER-nextdex,back|back_shiny|front|front_shiny,True
raticate-redux,REDUX_OR_DELTA_STYLE,CONVERT_IF_SOURCE_CLEAN_ELSE_REVIEW,ER-nextdex,back|back_shiny|front|front_shiny,True
ratiking,BASE_OR_OTHER,SEARCH_MORE_DS_SOURCES_THEN_CONVERT,ER-nextdex,back|back_shiny|front|front_shiny,True
rattata-redux,REDUX_OR_DELTA_STYLE,CONVERT_IF_SOURCE_CLEAN_ELSE_REVIEW,ER-nextdex,back|back_shiny|front|front_shiny,True
relicanth-mega,CUSTOM_MEGA,CONVERT_IF_SOURCE_CLEAN_ELSE_NATIVE_REMAKE,ER-nextdex,back|back_shiny|front|front_shiny,True
reuniclus-mega,CUSTOM_MEGA,CONVERT_IF_SOURCE_CLEAN_ELSE_NATIVE_REMAKE,ER-nextdex,back|back_shiny|front|front_shiny,True
reuniclus-redux,REDUX_OR_DELTA_STYLE,CONVERT_IF_SOURCE_CLEAN_ELSE_REVIEW,ER-nextdex,back|back_shiny|front|front_shiny,True
reuniclus-redux-mega,REDUX_OR_DELTA_STYLE,CONVERT_IF_SOURCE_CLEAN_ELSE_REVIEW,ER-nextdex,back|back_shiny|front|front_shiny,True
rexcadrill,BASE_OR_OTHER,SEARCH_MORE_DS_SOURCES_THEN_CONVERT,ER-nextdex,back|back_shiny|front|front_shiny,True
ribombee-mega,CUSTOM_MEGA,CONVERT_IF_SOURCE_CLEAN_ELSE_NATIVE_REMAKE,ER-nextdex,back|back_shiny|front|front_shiny,True
ribombee-redux,REDUX_OR_DELTA_STYLE,CONVERT_IF_SOURCE_CLEAN_ELSE_REVIEW,ER-nextdex,back|back_shiny|front|front_shiny,True
ribombee-redux-mega,REDUX_OR_DELTA_STYLE,CONVERT_IF_SOURCE_CLEAN_ELSE_REVIEW,ER-nextdex,back|back_shiny|front|front_shiny,True
rillaboom-mega,CUSTOM_MEGA,CONVERT_IF_SOURCE_CLEAN_ELSE_NATIVE_REMAKE,ER-nextdex,back|back_shiny|front|front_shiny,True
roserade-mega,CUSTOM_MEGA,CONVERT_IF_SOURCE_CLEAN_ELSE_NATIVE_REMAKE,ER-nextdex,back|back_shiny|front|front_shiny,True
sableye-mega-redux,REDUX_OR_DELTA_STYLE,CONVERT_IF_SOURCE_CLEAN_ELSE_REVIEW,ER-nextdex,back|back_shiny|front|front_shiny,True
sableye-redux,REDUX_OR_DELTA_STYLE,CONVERT_IF_SOURCE_CLEAN_ELSE_REVIEW,ER-nextdex,back|back_shiny|front|front_shiny,True
sagaracas,BASE_OR_OTHER,SEARCH_MORE_DS_SOURCES_THEN_CONVERT,ER-nextdex,back|back_shiny|front|front_shiny,True
salazarus,BASE_OR_OTHER,SEARCH_MORE_DS_SOURCES_THEN_CONVERT,ER-nextdex,back|back_shiny|front|front_shiny,True
samurott-hisuian-mega,CUSTOM_MEGA,CONVERT_IF_SOURCE_CLEAN_ELSE_NATIVE_REMAKE,ER-nextdex,back|back_shiny|front|front_shiny,True
samurott-mega,CUSTOM_MEGA,CONVERT_IF_SOURCE_CLEAN_ELSE_NATIVE_REMAKE,ER-nextdex,back|back_shiny|front|front_shiny,True
sandaconda-mega,CUSTOM_MEGA,CONVERT_IF_SOURCE_CLEAN_ELSE_NATIVE_REMAKE,ER-nextdex,back|back_shiny|front|front_shiny,True
sandslash-alolan-mega,CUSTOM_MEGA,CONVERT_IF_SOURCE_CLEAN_ELSE_NATIVE_REMAKE,ER-nextdex,back|back_shiny|front|front_shiny,True
sandslash-mega,CUSTOM_MEGA,CONVERT_IF_SOURCE_CLEAN_ELSE_NATIVE_REMAKE,ER-nextdex,back|back_shiny|front|front_shiny,True
sawk-redux,REDUX_OR_DELTA_STYLE,CONVERT_IF_SOURCE_CLEAN_ELSE_REVIEW,ER-nextdex,back|back_shiny|front|front_shiny,True
scizor-redux,REDUX_OR_DELTA_STYLE,CONVERT_IF_SOURCE_CLEAN_ELSE_REVIEW,ER-nextdex,back|back_shiny|front|front_shiny,True
scizor-redux-mega,REDUX_OR_DELTA_STYLE,CONVERT_IF_SOURCE_CLEAN_ELSE_REVIEW,ER-nextdex,back|back_shiny|front|front_shiny,True
scrafster,BASE_OR_OTHER,SEARCH_MORE_DS_SOURCES_THEN_CONVERT,ER-nextdex,back|back_shiny|front|front_shiny,True
scyther-mega,CUSTOM_MEGA,CONVERT_IF_SOURCE_CLEAN_ELSE_NATIVE_REMAKE,ER-nextdex,back|back_shiny|front|front_shiny,True
scyther-redux,REDUX_OR_DELTA_STYLE,CONVERT_IF_SOURCE_CLEAN_ELSE_REVIEW,ER-nextdex,back|back_shiny|front|front_shiny,True
scyther-redux-mega,REDUX_OR_DELTA_STYLE,CONVERT_IF_SOURCE_CLEAN_ELSE_REVIEW,ER-nextdex,back|back_shiny|front|front_shiny,True
seel-redux,REDUX_OR_DELTA_STYLE,CONVERT_IF_SOURCE_CLEAN_ELSE_REVIEW,ER-nextdex,back|back_shiny|front|front_shiny,True
seerkat,BASE_OR_OTHER,SEARCH_MORE_DS_SOURCES_THEN_CONVERT,ER-nextdex,back|back_shiny|front|front_shiny,True
selenumbra,BASE_OR_OTHER,SEARCH_MORE_DS_SOURCES_THEN_CONVERT,ER-nextdex,back|back_shiny|front|front_shiny,True
serperior-mega,CUSTOM_MEGA,CONVERT_IF_SOURCE_CLEAN_ELSE_NATIVE_REMAKE,ER-nextdex,back|back_shiny|front|front_shiny,True
shedinja-mega,CUSTOM_MEGA,CONVERT_IF_SOURCE_CLEAN_ELSE_NATIVE_REMAKE,ER-nextdex,back|back_shiny|front|front_shiny,True
shinx-redux,REDUX_OR_DELTA_STYLE,CONVERT_IF_SOURCE_CLEAN_ELSE_REVIEW,ER-nextdex,back|back_shiny|front|front_shiny,True
shuckle-mega,CUSTOM_MEGA,CONVERT_IF_SOURCE_CLEAN_ELSE_NATIVE_REMAKE,ER-nextdex,back|back_shiny|front|front_shiny,True
shyduck,BASE_OR_OTHER,SEARCH_MORE_DS_SOURCES_THEN_CONVERT,ER-nextdex,back|back_shiny|front|front_shiny,True
simipour-redux,REDUX_OR_DELTA_STYLE,CONVERT_IF_SOURCE_CLEAN_ELSE_REVIEW,ER-nextdex,back|back_shiny|front|front_shiny,True
simisage-redux,REDUX_OR_DELTA_STYLE,CONVERT_IF_SOURCE_CLEAN_ELSE_REVIEW,ER-nextdex,back|back_shiny|front|front_shiny,True
simisear-redux,REDUX_OR_DELTA_STYLE,CONVERT_IF_SOURCE_CLEAN_ELSE_REVIEW,ER-nextdex,back|back_shiny|front|front_shiny,True
sinistea-redux,REDUX_OR_DELTA_STYLE,CONVERT_IF_SOURCE_CLEAN_ELSE_REVIEW,ER-nextdex,back|back_shiny|front|front_shiny,True
skarmory-mega-redux,REDUX_OR_DELTA_STYLE,CONVERT_IF_SOURCE_CLEAN_ELSE_REVIEW,ER-nextdex,back|back_shiny|front|front_shiny,True
skarmory-mega-y,CUSTOM_MEGA,CONVERT_IF_SOURCE_CLEAN_ELSE_NATIVE_REMAKE,ER-nextdex,back|back_shiny|front|front_shiny,True
skarmory-redux,REDUX_OR_DELTA_STYLE,CONVERT_IF_SOURCE_CLEAN_ELSE_REVIEW,ER-nextdex,back|back_shiny|front|front_shiny,True
skeledirge-mega,CUSTOM_MEGA,CONVERT_IF_SOURCE_CLEAN_ELSE_NATIVE_REMAKE,ER-nextdex,back|back_shiny|front|front_shiny,True
skulberus,BASE_OR_OTHER,SEARCH_MORE_DS_SOURCES_THEN_CONVERT,ER-nextdex,back|back_shiny|front|front_shiny,True
slaking-mega,CUSTOM_MEGA,CONVERT_IF_SOURCE_CLEAN_ELSE_NATIVE_REMAKE,ER-nextdex,back|back_shiny|front|front_shiny,True
slaking-mega-ape-shift,CUSTOM_MEGA,CONVERT_IF_SOURCE_CLEAN_ELSE_NATIVE_REMAKE,ER-nextdex,back|back_shiny|front|front_shiny,True
slate,BASE_OR_OTHER,SEARCH_MORE_DS_SOURCES_THEN_CONVERT,ER-nextdex,back|back_shiny|front|front_shiny,True
slowbro-mega-galarian,CUSTOM_MEGA,CONVERT_IF_SOURCE_CLEAN_ELSE_NATIVE_REMAKE,ER-nextdex,back|back_shiny|front|front_shiny,True
slowking-mega,CUSTOM_MEGA,CONVERT_IF_SOURCE_CLEAN_ELSE_NATIVE_REMAKE,ER-nextdex,back|back_shiny|front|front_shiny,True
slowking-mega-galarian,CUSTOM_MEGA,CONVERT_IF_SOURCE_CLEAN_ELSE_NATIVE_REMAKE,ER-nextdex,back|back_shiny|front|front_shiny,True
slugma-redux,REDUX_OR_DELTA_STYLE,CONVERT_IF_SOURCE_CLEAN_ELSE_REVIEW,ER-nextdex,back|back_shiny|front|front_shiny,True
slyduck,BASE_OR_OTHER,SEARCH_MORE_DS_SOURCES_THEN_CONVERT,ER-nextdex,back|back_shiny|front|front_shiny,True
sneasler-mega,CUSTOM_MEGA,CONVERT_IF_SOURCE_CLEAN_ELSE_NATIVE_REMAKE,ER-nextdex,back|back_shiny|front|front_shiny,True
snorlax-mega,CUSTOM_MEGA,CONVERT_IF_SOURCE_CLEAN_ELSE_NATIVE_REMAKE,ER-nextdex,back|back_shiny|front|front_shiny,True
snorlax-primal,SPECIAL_CANON_FORM,SEARCH_MORE_DS_SOURCES_THEN_CONVERT,ER-nextdex,back|back_shiny|front|front_shiny,True
snorlax-redux,REDUX_OR_DELTA_STYLE,CONVERT_IF_SOURCE_CLEAN_ELSE_REVIEW,ER-nextdex,back|back_shiny|front|front_shiny,True
snorlax-redux-mega,REDUX_OR_DELTA_STYLE,CONVERT_IF_SOURCE_CLEAN_ELSE_REVIEW,ER-nextdex,back|back_shiny|front|front_shiny,True
snorunt-redux,REDUX_OR_DELTA_STYLE,CONVERT_IF_SOURCE_CLEAN_ELSE_REVIEW,ER-nextdex,back|back_shiny|front|front_shiny,True
solosis-redux,REDUX_OR_DELTA_STYLE,CONVERT_IF_SOURCE_CLEAN_ELSE_REVIEW,ER-nextdex,back|back_shiny|front|front_shiny,True
solrock-system,BASE_OR_OTHER,SEARCH_MORE_DS_SOURCES_THEN_CONVERT,ER-nextdex,back|back_shiny|front|front_shiny,True
sopranice,BASE_OR_OTHER,SEARCH_MORE_DS_SOURCES_THEN_CONVERT,ER-nextdex,back|back_shiny|front|front_shiny,True
spearow-redux,REDUX_OR_DELTA_STYLE,CONVERT_IF_SOURCE_CLEAN_ELSE_REVIEW,ER-nextdex,back|back_shiny|front|front_shiny,True
spectrier-cloud,BASE_OR_OTHER,SEARCH_MORE_DS_SOURCES_THEN_CONVERT,ER-nextdex,back|back_shiny|front|front_shiny,True
spindaze,BASE_OR_OTHER,SEARCH_MORE_DS_SOURCES_THEN_CONVERT,ER-nextdex,back|back_shiny|front|front_shiny,True
spiritomb-redux,REDUX_OR_DELTA_STYLE,CONVERT_IF_SOURCE_CLEAN_ELSE_REVIEW,ER-nextdex,back|back_shiny|front|front_shiny,True
steenee-redux,REDUX_OR_DELTA_STYLE,CONVERT_IF_SOURCE_CLEAN_ELSE_REVIEW,ER-nextdex,back|back_shiny|front|front_shiny,True
storming,BASE_OR_OTHER,SEARCH_MORE_DS_SOURCES_THEN_CONVERT,ER-nextdex,back|back_shiny|front|front_shiny,True
stufful-redux,REDUX_OR_DELTA_STYLE,CONVERT_IF_SOURCE_CLEAN_ELSE_REVIEW,ER-nextdex,back|back_shiny|front|front_shiny,True
swablu-redux,REDUX_OR_DELTA_STYLE,CONVERT_IF_SOURCE_CLEAN_ELSE_REVIEW,ER-nextdex,back|back_shiny|front|front_shiny,True
swalot-mega,CUSTOM_MEGA,CONVERT_IF_SOURCE_CLEAN_ELSE_NATIVE_REMAKE,ER-nextdex,back|back_shiny|front|front_shiny,True
swampage,BASE_OR_OTHER,SEARCH_MORE_DS_SOURCES_THEN_CONVERT,ER-nextdex,back|back_shiny|front|front_shiny,True
swampage-mega,CUSTOM_MEGA,CONVERT_IF_SOURCE_CLEAN_ELSE_NATIVE_REMAKE,ER-nextdex,back|back_shiny|front|front_shiny,True
swinub-redux,REDUX_OR_DELTA_STYLE,CONVERT_IF_SOURCE_CLEAN_ELSE_REVIEW,ER-nextdex,back|back_shiny|front|front_shiny,True
talonflame-mega,CUSTOM_MEGA,CONVERT_IF_SOURCE_CLEAN_ELSE_NATIVE_REMAKE,ER-nextdex,back|back_shiny|front|front_shiny,True
tatsugiri-mega,CUSTOM_MEGA,CONVERT_IF_SOURCE_CLEAN_ELSE_NATIVE_REMAKE,ER-nextdex,back|back_shiny|front|front_shiny,True
tentagrewl,BASE_OR_OTHER,SEARCH_MORE_DS_SOURCES_THEN_CONVERT,ER-nextdex,back|back_shiny|front|front_shiny,True
throh-redux,REDUX_OR_DELTA_STYLE,CONVERT_IF_SOURCE_CLEAN_ELSE_REVIEW,ER-nextdex,back|back_shiny|front|front_shiny,True
tinkatink-redux,REDUX_OR_DELTA_STYLE,CONVERT_IF_SOURCE_CLEAN_ELSE_REVIEW,ER-nextdex,back|back_shiny|front|front_shiny,True
tinkaton-mega,CUSTOM_MEGA,CONVERT_IF_SOURCE_CLEAN_ELSE_NATIVE_REMAKE,ER-nextdex,back|back_shiny|front|front_shiny,True
tinkaton-redux,REDUX_OR_DELTA_STYLE,CONVERT_IF_SOURCE_CLEAN_ELSE_REVIEW,ER-nextdex,back|back_shiny|front|front_shiny,True
tinkaton-redux-mega,REDUX_OR_DELTA_STYLE,CONVERT_IF_SOURCE_CLEAN_ELSE_REVIEW,ER-nextdex,back|back_shiny|front|front_shiny,True
tinkatuff-redux,REDUX_OR_DELTA_STYLE,CONVERT_IF_SOURCE_CLEAN_ELSE_REVIEW,ER-nextdex,back|back_shiny|front|front_shiny,True
torrentula,BASE_OR_OTHER,SEARCH_MORE_DS_SOURCES_THEN_CONVERT,ER-nextdex,back|back_shiny|front|front_shiny,True
tortemple,BASE_OR_OTHER,SEARCH_MORE_DS_SOURCES_THEN_CONVERT,ER-nextdex,back|back_shiny|front|front_shiny,True
torterra-mega,CUSTOM_MEGA,CONVERT_IF_SOURCE_CLEAN_ELSE_NATIVE_REMAKE,ER-nextdex,back|back_shiny|front|front_shiny,True
torterra-redux,REDUX_OR_DELTA_STYLE,CONVERT_IF_SOURCE_CLEAN_ELSE_REVIEW,ER-nextdex,back|back_shiny|front|front_shiny,True
torterra-redux-mega,REDUX_OR_DELTA_STYLE,CONVERT_IF_SOURCE_CLEAN_ELSE_REVIEW,ER-nextdex,back|back_shiny|front|front_shiny,True
toucannon-mega,CUSTOM_MEGA,CONVERT_IF_SOURCE_CLEAN_ELSE_NATIVE_REMAKE,ER-nextdex,back|back_shiny|front|front_shiny,True
toxel-redux,REDUX_OR_DELTA_STYLE,CONVERT_IF_SOURCE_CLEAN_ELSE_REVIEW,ER-nextdex,back|back_shiny|front|front_shiny,True
toxtricity-mega,CUSTOM_MEGA,CONVERT_IF_SOURCE_CLEAN_ELSE_NATIVE_REMAKE,ER-nextdex,back|back_shiny|front|front_shiny,True
toxtricity-redux,REDUX_OR_DELTA_STYLE,CONVERT_IF_SOURCE_CLEAN_ELSE_REVIEW,ER-nextdex,back|back_shiny|front|front_shiny,True
toxtricity-redux-fuzz,REDUX_OR_DELTA_STYLE,CONVERT_IF_SOURCE_CLEAN_ELSE_REVIEW,ER-nextdex,back|back_shiny|front|front_shiny,True
toxtricity-redux-fuzz-mega,REDUX_OR_DELTA_STYLE,CONVERT_IF_SOURCE_CLEAN_ELSE_REVIEW,ER-nextdex,back|back_shiny|front|front_shiny,True
toxtricity-redux-mega,REDUX_OR_DELTA_STYLE,CONVERT_IF_SOURCE_CLEAN_ELSE_REVIEW,ER-nextdex,back|back_shiny|front|front_shiny,True
trapinch-redux,REDUX_OR_DELTA_STYLE,CONVERT_IF_SOURCE_CLEAN_ELSE_REVIEW,ER-nextdex,back|back_shiny|front|front_shiny,True
tsareena-mega,CUSTOM_MEGA,CONVERT_IF_SOURCE_CLEAN_ELSE_NATIVE_REMAKE,ER-nextdex,back|back_shiny|front|front_shiny,True
tsareena-redux,REDUX_OR_DELTA_STYLE,CONVERT_IF_SOURCE_CLEAN_ELSE_REVIEW,ER-nextdex,back|back_shiny|front|front_shiny,True
tsareena-redux-mega,REDUX_OR_DELTA_STYLE,CONVERT_IF_SOURCE_CLEAN_ELSE_REVIEW,ER-nextdex,back|back_shiny|front|front_shiny,True
turtwig-redux,REDUX_OR_DELTA_STYLE,CONVERT_IF_SOURCE_CLEAN_ELSE_REVIEW,ER-nextdex,back|back_shiny|front|front_shiny,True
typhlosion-hisuian-mega,CUSTOM_MEGA,CONVERT_IF_SOURCE_CLEAN_ELSE_NATIVE_REMAKE,ER-nextdex,back|back_shiny|front|front_shiny,True
typhlosion-mega,CUSTOM_MEGA,CONVERT_IF_SOURCE_CLEAN_ELSE_NATIVE_REMAKE,ER-nextdex,back|back_shiny|front|front_shiny,True
tyranitar-mega-redux,REDUX_OR_DELTA_STYLE,CONVERT_IF_SOURCE_CLEAN_ELSE_REVIEW,ER-nextdex,back|back_shiny|front|front_shiny,True
tyranitar-redux,REDUX_OR_DELTA_STYLE,CONVERT_IF_SOURCE_CLEAN_ELSE_REVIEW,ER-nextdex,back|back_shiny|front|front_shiny,True
tyranjoula,BASE_OR_OTHER,SEARCH_MORE_DS_SOURCES_THEN_CONVERT,ER-nextdex,back|back_shiny|front|front_shiny,True
unown-revelation,BASE_OR_OTHER,SEARCH_MORE_DS_SOURCES_THEN_CONVERT,ER-nextdex,back|back_shiny|front|front_shiny,True
ursaluna-mega,CUSTOM_MEGA,CONVERT_IF_SOURCE_CLEAN_ELSE_NATIVE_REMAKE,ER-nextdex,back|back_shiny|front|front_shiny,True
urshifu-mega,CUSTOM_MEGA,CONVERT_IF_SOURCE_CLEAN_ELSE_NATIVE_REMAKE,ER-nextdex,back|back_shiny|front|front_shiny,True
urshifu-rapid-strike-style-mega,CUSTOM_MEGA,CONVERT_IF_SOURCE_CLEAN_ELSE_NATIVE_REMAKE,ER-nextdex,back|back_shiny|front|front_shiny,True
uxie-redux,REDUX_OR_DELTA_STYLE,CONVERT_IF_SOURCE_CLEAN_ELSE_REVIEW,ER-nextdex,back|back_shiny|front|front_shiny,True
vanillish-redux,REDUX_OR_DELTA_STYLE,CONVERT_IF_SOURCE_CLEAN_ELSE_REVIEW,ER-nextdex,back|back_shiny|front|front_shiny,True
vanillite-redux,REDUX_OR_DELTA_STYLE,CONVERT_IF_SOURCE_CLEAN_ELSE_REVIEW,ER-nextdex,back|back_shiny|front|front_shiny,True
vanilluxe-mega,CUSTOM_MEGA,CONVERT_IF_SOURCE_CLEAN_ELSE_NATIVE_REMAKE,ER-nextdex,back|back_shiny|front|front_shiny,True
vanilluxe-redux,REDUX_OR_DELTA_STYLE,CONVERT_IF_SOURCE_CLEAN_ELSE_REVIEW,ER-nextdex,back|back_shiny|front|front_shiny,True
vanilluxe-redux-mega,REDUX_OR_DELTA_STYLE,CONVERT_IF_SOURCE_CLEAN_ELSE_REVIEW,ER-nextdex,back|back_shiny|front|front_shiny,True
velozel,BASE_OR_OTHER,SEARCH_MORE_DS_SOURCES_THEN_CONVERT,ER-nextdex,back|back_shiny|front|front_shiny,True
venusaur-mega-x,CUSTOM_MEGA,CONVERT_IF_SOURCE_CLEAN_ELSE_NATIVE_REMAKE,ER-nextdex,back|back_shiny|front|front_shiny,True
vibrava-redux,REDUX_OR_DELTA_STYLE,CONVERT_IF_SOURCE_CLEAN_ELSE_REVIEW,ER-nextdex,back|back_shiny|front|front_shiny,True
victini-primal,SPECIAL_CANON_FORM,SEARCH_MORE_DS_SOURCES_THEN_CONVERT,ER-nextdex,back|back_shiny|front|front_shiny,True
victreebel-redux,REDUX_OR_DELTA_STYLE,CONVERT_IF_SOURCE_CLEAN_ELSE_REVIEW,ER-nextdex,back|back_shiny|front|front_shiny,True
volcarona-redux,REDUX_OR_DELTA_STYLE,CONVERT_IF_SOURCE_CLEAN_ELSE_REVIEW,ER-nextdex,back|back_shiny|front|front_shiny,True
weavile-mega,CUSTOM_MEGA,CONVERT_IF_SOURCE_CLEAN_ELSE_NATIVE_REMAKE,ER-nextdex,back|back_shiny|front|front_shiny,True
weavile-redux,REDUX_OR_DELTA_STYLE,CONVERT_IF_SOURCE_CLEAN_ELSE_REVIEW,ER-nextdex,back|back_shiny|front|front_shiny,True
weavile-redux-mega,REDUX_OR_DELTA_STYLE,CONVERT_IF_SOURCE_CLEAN_ELSE_REVIEW,ER-nextdex,back|back_shiny|front|front_shiny,True
weedle-redux,REDUX_OR_DELTA_STYLE,CONVERT_IF_SOURCE_CLEAN_ELSE_REVIEW,ER-nextdex,back|back_shiny|front|front_shiny,True
weepinbell-redux,REDUX_OR_DELTA_STYLE,CONVERT_IF_SOURCE_CLEAN_ELSE_REVIEW,ER-nextdex,back|back_shiny|front|front_shiny,True
whismur-redux,REDUX_OR_DELTA_STYLE,CONVERT_IF_SOURCE_CLEAN_ELSE_REVIEW,ER-nextdex,back|back_shiny|front|front_shiny,True
wigglytuff-apex,BASE_OR_OTHER,SEARCH_MORE_DS_SOURCES_THEN_CONVERT,ER-nextdex,back|back_shiny|front|front_shiny,True
wigglytuff-mega,CUSTOM_MEGA,CONVERT_IF_SOURCE_CLEAN_ELSE_NATIVE_REMAKE,ER-nextdex,back|back_shiny|front|front_shiny,True
wigglytuff-mega-x,CUSTOM_MEGA,CONVERT_IF_SOURCE_CLEAN_ELSE_NATIVE_REMAKE,ER-nextdex,back|back_shiny|front|front_shiny,True
wigglytuff-primal,SPECIAL_CANON_FORM,SEARCH_MORE_DS_SOURCES_THEN_CONVERT,ER-nextdex,back|back_shiny|front|front_shiny,True
wispywaspy,BASE_OR_OTHER,SEARCH_MORE_DS_SOURCES_THEN_CONVERT,ER-nextdex,back|back_shiny|front|front_shiny,True
wispywaspy-hivemind,BASE_OR_OTHER,SEARCH_MORE_DS_SOURCES_THEN_CONVERT,ER-nextdex,back|back_shiny|front|front_shiny,True
wooly-worm,BASE_OR_OTHER,SEARCH_MORE_DS_SOURCES_THEN_CONVERT,ER-nextdex,back|back_shiny|front|front_shiny,True
yveltal-mega,CUSTOM_MEGA,CONVERT_IF_SOURCE_CLEAN_ELSE_NATIVE_REMAKE,ER-nextdex,back|back_shiny|front|front_shiny,True
zapdos-ex,BASE_OR_OTHER,SEARCH_MORE_DS_SOURCES_THEN_CONVERT,ER-nextdex,back|back_shiny|front|front_shiny,True
zapdos-ex-mega,CUSTOM_MEGA,CONVERT_IF_SOURCE_CLEAN_ELSE_NATIVE_REMAKE,ER-nextdex,back|back_shiny|front|front_shiny,True
zweilous-redux,REDUX_OR_DELTA_STYLE,CONVERT_IF_SOURCE_CLEAN_ELSE_REVIEW,ER-nextdex,back|back_shiny|front|front_shiny,True
zygarde-complete-mega,CUSTOM_MEGA,CONVERT_IF_SOURCE_CLEAN_ELSE_NATIVE_REMAKE,ER-nextdex,back|back_shiny|front|front_shiny,True
