key,front,back,front_shiny,back_shiny,complete_4way,redux_named,mega_named
ABOMASNOW,True,True,True,True,True,False,False
ABOMASNOW_MEGA,True,True,True,True,True,False,True
ABOMASNOW_SANTA,True,True,True,True,True,False,False
ABRA,True,True,True,True,True,False,False
ABRA_REDUX,True,True,True,True,True,True,False
ABSOL,True,True,True,True,True,False,False
ABSOL_MEGA,True,True,True,True,True,False,True
ABSOL_MEGA_Z,True,True,True,True,True,False,True
ABYSSAND,True,True,True,True,True,False,False
ACCELGOR,True,True,True,True,True,False,False
AEGISLASH,True,True,True,True,True,False,False
AEGISLASH_BLADE,True,True,True,True,True,False,False
AEGISLASH_BLADE_REDUX,True,True,True,True,True,True,False
AEGISLASH_BLADE_REDUX_MEGA,True,True,True,True,True,True,True
AEGISLASH_REDUX,True,True,True,True,True,True,False
AEGISLASH_REDUX_MEGA,True,True,True,True,True,True,True
AERODACTYL,True,True,True,True,True,False,False
AERODACTYL_MEGA,True,True,True,True,True,False,True
AGGRON,True,True,True,True,True,False,False
AGGRON_MEGA,True,True,True,True,True,False,True
AGGRON_REDUX,True,True,True,True,True,True,False
AGGRON_REDUX_MEGA,True,True,True,True,True,True,True
AIPOM,True,True,True,True,True,False,False
ALAKAZAM,True,True,True,True,True,False,False
ALAKAZAM_MEGA,True,True,True,True,True,False,True
ALAKAZAM_MEGA_REDUX,True,True,True,True,True,True,True
ALAKAZAM_REDUX,True,True,True,True,True,True,False
ALCREMIE,True,True,True,True,True,False,False
ALCREMIE_CARAMEL_SWIRL,True,True,True,True,True,False,False
ALCREMIE_LEMON_CREAM,True,True,True,True,True,False,False
ALCREMIE_MATCHA_CREAM,True,True,True,True,True,False,False
ALCREMIE_MEGA,True,True,True,True,True,False,True
ALCREMIE_MINT_CREAM,True,True,True,True,True,False,False
ALCREMIE_RAINBOW_SWIRL,True,True,True,True,True,False,False
ALCREMIE_RUBY_CREAM,True,True,True,True,True,False,False
ALCREMIE_RUBY_SWIRL,True,True,True,True,True,False,False
ALCREMIE_SALTED_CREAM,True,True,True,True,True,False,False
ALOMOMOLA,True,True,True,True,True,False,False
ALTARIA,True,True,True,True,True,False,False
ALTARIA_MEGA,True,True,True,True,True,False,True
ALTARIA_REDUX,True,True,True,True,True,True,False
ALTARIA_REDUX_MEGA,True,True,True,True,True,True,True
AMAURA,True,True,True,True,True,False,False
AMBIPOM,True,True,True,True,True,False,False
AMOONGUSS,True,True,True,True,True,False,False
AMPHAROS,True,True,True,True,True,False,False
AMPHAROS_MEGA,True,True,True,True,True,False,True
AMPHYBUZZ,True,True,True,True,True,False,False
AMPHYBUZZ_MEGA,True,True,True,True,True,False,True
ANNIHILAPE,True,True,True,True,True,False,False
ANORITH,True,True,True,True,True,False,False
APPLETUN,True,True,True,True,True,False,False
APPLIN,True,True,True,True,True,False,False
ARACHTRES,True,True,True,True,True,False,False
ARAQUANID,True,True,True,True,True,False,False
ARAQUANID_REDUX,True,True,True,True,True,True,False
ARASHINNE,True,True,True,True,True,False,False
ARBOK,True,True,True,True,True,False,False
ARBOK_MEGA,True,True,True,True,True,False,True
ARBOLIVA,True,True,True,True,True,False,False
ARCANINE,True,True,True,True,True,False,False
ARCANINE_HISUIAN,True,True,True,True,True,False,False
ARCANINE_HISUIAN_MEGA,True,True,True,True,True,False,True
ARCANINE_MEGA,True,True,True,True,True,False,True
ARCANINE_MEGA_REDUX,True,True,True,True,True,True,True
ARCANINE_REDUX,True,True,True,True,True,True,False
ARCEUS,True,True,True,True,True,False,False
ARCEUS_BUG,True,True,True,True,True,False,False
ARCEUS_DARK,True,True,True,True,True,False,False
ARCEUS_DRAGON,True,True,True,True,True,False,False
ARCEUS_ELECTRIC,True,True,True,True,True,False,False
ARCEUS_FAIRY,True,True,True,True,True,False,False
ARCEUS_FIGHTING,True,True,True,True,True,False,False
ARCEUS_FIRE,True,True,True,True,True,False,False
ARCEUS_FLYING,True,True,True,True,True,False,False
ARCEUS_GHOST,True,True,True,True,True,False,False
ARCEUS_GRASS,True,True,True,True,True,False,False
ARCEUS_GROUND,True,True,True,True,True,False,False
ARCEUS_ICE,True,True,True,True,True,False,False
ARCEUS_POISON,True,True,True,True,True,False,False
ARCEUS_PSYCHIC,True,True,True,True,True,False,False
ARCEUS_ROCK,True,True,True,True,True,False,False
ARCEUS_STEEL,True,True,True,True,True,False,False
ARCEUS_WATER,True,True,True,True,True,False,False
ARCHALUDON,True,True,True,True,True,False,False
ARCHEN,True,True,True,True,True,False,False
ARCHEOPS,True,True,True,True,True,False,False
ARCTIBAX,True,True,True,True,True,False,False
ARCTOVISH,True,True,True,True,True,False,False
ARCTOZOLT,True,True,True,True,True,False,False
ARIADOS,True,True,True,True,True,False,False
ARMALDO,True,True,True,True,True,False,False
ARMAROUGE,True,True,True,True,True,False,False
AROMATISSE,True,True,True,True,True,False,False
ARON,True,True,True,True,True,False,False
ARON_REDUX,True,True,True,True,True,True,False
ARROKUDA,True,True,True,True,True,False,False
ARTICUNO,True,True,True,True,True,False,False
ARTICUNO_EX,True,True,True,True,True,False,False
ARTICUNO_EX_MEGA,True,True,True,True,True,False,True
ARTICUNO_GALARIAN,True,True,True,True,True,False,False
AUDINO,True,True,True,True,True,False,False
AUDINO_MEGA,True,True,True,True,True,False,True
AURORUS,True,True,True,True,True,False,False
AVALUGG,True,True,True,True,True,False,False
AVALUGG_HISUIAN,True,True,True,True,True,False,False
AXEW,True,True,True,True,True,False,False
AZELF,True,True,True,True,True,False,False
AZELF_REDUX,True,True,True,True,True,True,False
AZUMARILL,True,True,True,True,True,False,False
AZURILL,True,True,True,True,True,False,False
BAGON,True,True,True,True,True,False,False
BALTOY,True,True,True,True,True,False,False
BANETTE,True,True,True,True,True,False,False
BANETTE_MEGA,True,True,True,True,True,False,True
BARBARACLE,True,True,True,True,True,False,False
BARBARACLE_MEGA,True,True,True,True,True,False,True
BARBOACH,True,True,True,True,True,False,False
BARIONG,True,True,True,True,True,False,False
BARRASKEWDA,True,True,True,True,True,False,False
BASCULEGION,True,True,True,True,True,False,False
BASCULEGION_F,True,True,True,True,True,False,False
BASCULIN,True,True,True,True,True,False,False
BASCULIN_BLUE_STRIPED,True,True,True,True,True,False,False
BASCULIN_WHITESTRIPED,True,True,True,True,True,False,False
BASTIODON,True,True,True,True,True,False,False
BAXCALIBUR,True,True,True,True,True,False,False
BAXCALIBUR_MEGA,True,True,True,True,True,False,True
BAYLEEF,True,True,True,True,True,False,False
BEARTIC,True,True,True,True,True,False,False
BEAUTIFLY,True,True,True,True,True,False,False
BEEDRILL,True,True,True,True,True,False,False
BEEDRILL_MEGA,True,True,True,True,True,False,True
BEEDRILL_MEGA_REDUX,True,True,True,True,True,True,True
BEEDRILL_REDUX,True,True,True,True,True,True,False
BEEFENDER,True,True,True,True,True,False,False
BEHEEYEM,True,True,True,True,True,False,False
BELDUM,True,True,True,True,True,False,False
BELLIBOLT,True,True,True,True,True,False,False
BELLOSSOM,True,True,True,True,True,False,False
BELLSPROUT,True,True,True,True,True,False,False
BELLSPROUT_REDUX,True,True,True,True,True,True,False
BENICCINO,True,True,True,True,True,False,False
BERGMITE,True,True,True,True,True,False,False
BEWARDEN,True,True,True,True,True,False,False
BEWARDEN_REDUX,True,True,True,True,True,True,False
BEWEAR,True,True,True,True,True,False,False
BEWEAR_ANGRY,True,True,True,True,True,False,False
BEWEAR_REDUX,True,True,True,True,True,True,False
BIBAREL,True,True,True,True,True,False,False
BIDOOF,True,True,True,True,True,False,False
BINACLE,True,True,True,True,True,False,False
BISHARP,True,True,True,True,True,False,False
BISHARP_REDUX,True,True,True,True,True,True,False
BLACEPHALON,True,True,True,True,True,False,False
BLASTOISE,True,True,True,True,True,False,False
BLASTOISE_MEGA,True,True,True,True,True,False,True
BLASTOISE_MEGA_X,True,True,True,True,True,False,True
BLAZIKEN,True,True,True,True,True,False,False
BLAZIKEN_MEGA,True,True,True,True,True,False,True
BLIPBUG,True,True,True,True,True,False,False
BLISSEY,True,True,True,True,True,False,False
BLISSEY_REDUX,True,True,True,True,True,True,False
BLITZLE,True,True,True,True,True,False,False
BLIZZARD_MAW,True,True,True,True,True,False,False
BLOCLI,True,True,True,True,True,False,False
BLOXTACK,True,True,True,True,True,False,False
BOARLOCK,True,True,True,True,True,False,False
BOLDORE,True,True,True,True,True,False,False
BOLTUND,True,True,True,True,True,False,False
BOMBIRDIER,True,True,True,True,True,False,False
BONSLY,True,True,True,True,True,False,False
BOUFFALANT,True,True,True,True,True,False,False
BOUNSWEET,True,True,True,True,True,False,False
BOUNSWEET_REDUX,True,True,True,True,True,True,False
BRAIXEN,True,True,True,True,True,False,False
BRAMBLEGHAST,True,True,True,True,True,False,False
BRAMBLIN,True,True,True,True,True,False,False
BRAVIARY,True,True,True,True,True,False,False
BRAVIARY_HISUIAN,True,True,True,True,True,False,False
BREEZING,True,True,True,True,True,False,False
BRELOOM,True,True,True,True,True,False,False
BRELOOM_MEGA,True,True,True,True,True,False,True
BRIONNE,True,True,True,True,True,False,False
BRONTONANA,True,True,True,True,True,False,False
BRONZONG,True,True,True,True,True,False,False
BRONZOR,True,True,True,True,True,False,False
BRUTE_BONNET,True,True,True,True,True,False,False
BRUXISH,True,True,True,True,True,False,False
BUBBLEO,True,True,True,True,True,False,False
BUDEW,True,True,True,True,True,False,False
BUIZEL,True,True,True,True,True,False,False
BUIZEL_REDUX,True,True,True,True,True,True,False
BULBASAUR,True,True,True,True,True,False,False
BUNEARY,True,True,True,True,True,False,False
BUNNELBY,True,True,True,True,True,False,False
BURMY,True,True,True,True,True,False,False
BURMY_ETERNA,True,True,True,True,True,False,False
BURMY_SANDY_CLOAK,True,True,True,True,True,False,False
BURMY_TRASH_CLOAK,True,True,True,True,True,False,False
BUTTERFREE,True,True,True,True,True,False,False
BUTTERFREE_MEGA,True,True,True,True,True,False,True
BUZZWOLE,True,True,True,True,True,False,False
CACJACK,True,True,True,True,True,False,False
CACNEA,True,True,True,True,True,False,False
CACTURNE,True,True,True,True,True,False,False
CALYREX,True,True,True,True,True,False,False
CALYREX_CLOUD_RIDER,True,True,True,True,True,False,False
CALYREX_ICE_RIDER,True,True,True,True,True,False,False
CALYREX_SHADOW_RIDER,True,True,True,True,True,False,False
CAMERUPT,True,True,True,True,True,False,False
CAMERUPT_MEGA,True,True,True,True,True,False,True
CAPSAKID,True,True,True,True,True,False,False
CARBINK,True,True,True,True,True,False,False
CARBONIX,True,True,True,True,True,False,False
CARBONIX_MEGA,True,True,True,True,True,False,True
CARKOL,True,True,True,True,True,False,False
CARNIVINE,True,True,True,True,True,False,False
CARRACOSTA,True,True,True,True,True,False,False
CARVANHA,True,True,True,True,True,False,False
CASCOON,True,True,True,True,True,False,False
CASCOON_PRIMAL,True,True,True,True,True,False,False
CASTFORM,True,True,True,True,True,False,False
CASTFORM_FOGGY,True,True,True,True,True,False,False
CASTFORM_RAINY,True,True,True,True,True,False,False
CASTFORM_SANDY,True,True,True,True,True,False,False
CASTFORM_SNOWY,True,True,True,True,True,False,False
CASTFORM_SUNNY,True,True,True,True,True,False,False
CATERPIE,True,True,True,True,True,False,False
CELEBI,True,True,True,True,True,False,False
CELESTEELA,True,True,True,True,True,False,False
CENTISKORCH,True,True,True,True,True,False,False
CENTISKORCH_MEGA,True,True,True,True,True,False,True
CERULEDGE,True,True,True,True,True,False,False
CETITAN,True,True,True,True,True,False,False
CETITAN_REDUX,True,True,True,True,True,True,False
CETODDLE,True,True,True,True,True,False,False
CETODDLE_REDUX,True,True,True,True,True,True,False
CHANDELURE,True,True,True,True,True,False,False
CHANDELURE_MEGA,True,True,True,True,True,False,True
CHANDELURE_MEGA_Y,True,True,True,True,True,False,True
CHANDELURE_REDUX,True,True,True,True,True,True,False
CHANDELURE_REDUX_MEGA,True,True,True,True,True,True,True
CHANSEY,True,True,True,True,True,False,False
CHANSEY_REDUX,True,True,True,True,True,True,False
CHARCADET,True,True,True,True,True,False,False
CHARIZARD,True,True,True,True,True,False,False
CHARIZARD_MEGA_X,True,True,True,True,True,False,True
CHARIZARD_MEGA_Y,True,True,True,True,True,False,True
CHARIZARD_MEGA_Z,True,True,True,True,True,False,True
CHARJABUG,True,True,True,True,True,False,False
CHARMANDER,True,True,True,True,True,False,False
CHARMELEON,True,True,True,True,True,False,False
CHATOT,True,True,True,True,True,False,False
CHERRIM,True,True,True,True,True,False,False
CHERRIM_SUNSHINE,True,True,True,True,True,False,False
CHERUBI,True,True,True,True,True,False,False
CHESNAUGHT,True,True,True,True,True,False,False
CHESNAUGHT_BATTLE_BOND,True,True,True,True,True,False,False
CHESNAUGHT_CLEMONT,True,True,True,True,True,False,False
CHESNAUGHT_MEGA,True,True,True,True,True,False,True
CHESPIN,True,True,True,True,True,False,False
CHEWTLE,True,True,True,True,True,False,False
CHIEN_PAO,True,True,True,True,True,False,False
CHIEN_PAO_MEGA,True,True,True,True,True,False,True
CHIKORITA,True,True,True,True,True,False,False
CHIMCHAR,True,True,True,True,True,False,False
CHIMCHAR_REDUX,True,True,True,True,True,True,False
CHIMECHO,True,True,True,True,True,False,False
CHIMECHO_MEGA,True,True,True,True,True,False,True
CHINCHOU,True,True,True,True,True,False,False
CHINGLING,True,True,True,True,True,False,False
CHI_YU,True,True,True,True,True,False,False
CINCCINO,True,True,True,True,True,False,False
CINCCINO_REDUX,True,True,True,True,True,True,False
CINDERACE,True,True,True,True,True,False,False
CINDERACE_MEGA,True,True,True,True,True,False,True
CLAMPERL,True,True,True,True,True,False,False
CLAUNCHER,True,True,True,True,True,False,False
CLAWITZER,True,True,True,True,True,False,False
CLAWITZER_REDUX,True,True,True,True,True,True,False
CLAYDOL,True,True,True,True,True,False,False
CLEFABLE,True,True,True,True,True,False,False
CLEFABLE_MEGA,True,True,True,True,True,False,True
CLEFABLE_MEGA_Y,True,True,True,True,True,False,True
CLEFABLE_REDUX,True,True,True,True,True,True,False
CLEFABLE_REDUX_MEGA,True,True,True,True,True,True,True
CLEFAIRY,True,True,True,True,True,False,False
CLEFAIRY_REDUX,True,True,True,True,True,True,False
CLEFFA,True,True,True,True,True,False,False
CLEFFA_REDUX,True,True,True,True,True,True,False
CLOBBOPUS,True,True,True,True,True,False,False
CLODSIRE,True,True,True,True,True,False,False
CLODSIRE_MEGA,True,True,True,True,True,False,True
CLOYSTER,True,True,True,True,True,False,False
COALOSSAL,True,True,True,True,True,False,False
COALOSSAL_MEGA,True,True,True,True,True,False,True
COBALION,True,True,True,True,True,False,False
COFAGRIGUS,True,True,True,True,True,False,False
COMBEE,True,True,True,True,True,False,False
COMBUSKEN,True,True,True,True,True,False,False
COMFEY,True,True,True,True,True,False,False
CONKELDURR,True,True,True,True,True,False,False
COPPERAJAH,True,True,True,True,True,False,False
COPPERAJAH_MEGA,True,True,True,True,True,False,True
CORM,True,True,True,True,True,False,False
CORMOTH,True,True,True,True,True,False,False
CORMOTH_MEGA,True,True,True,True,True,False,True
CORPHISH,True,True,True,True,True,False,False
CORSOLA,True,True,True,True,True,False,False
CORSOLA_GALARIAN,True,True,True,True,True,False,False
CORVIKNIGHT,True,True,True,True,True,False,False
CORVIKNIGHT_MEGA,True,True,True,True,True,False,True
CORVISQUIRE,True,True,True,True,True,False,False
COSMOEM,True,True,True,True,True,False,False
COSMOG,True,True,True,True,True,False,False
COTTONEE,True,True,True,True,True,False,False
CRABOMINABLE,True,True,True,True,True,False,False
CRABOMINABLE_MEGA,True,True,True,True,True,False,True
CRABOMINABLE_REDUX,True,True,True,True,True,True,False
CRABRAWLER,True,True,True,True,True,False,False
CRABRAWLER_REDUX,True,True,True,True,True,True,False
CRABRUISER,True,True,True,True,True,False,False
CRABRUISER_REDUX,True,True,True,True,True,True,False
CRADILY,True,True,True,True,True,False,False
CRAMORANT,True,True,True,True,True,False,False
CRAMORANT_GORGING,True,True,True,True,True,False,False
CRAMORANT_GULPING,True,True,True,True,True,False,False
CRANIDOS,True,True,True,True,True,False,False
CRAWDAUNT,True,True,True,True,True,False,False
CRAWDAUNTLES,True,True,True,True,True,False,False
CRESSELIA,True,True,True,True,True,False,False
CROAGUNK,True,True,True,True,True,False,False
CROBAT,True,True,True,True,True,False,False
CROBAT_MEGA,True,True,True,True,True,False,True
CROCALOR,True,True,True,True,True,False,False
CROCONAW,True,True,True,True,True,False,False
CRUSTLE,True,True,True,True,True,False,False
CRYOGONAL,True,True,True,True,True,False,False
CUBCHOO,True,True,True,True,True,False,False
CUBONE,True,True,True,True,True,False,False
CUFANT,True,True,True,True,True,False,False
CURSOLA,True,True,True,True,True,False,False
CUTIEFLY,True,True,True,True,True,False,False
CYCLIZAR,True,True,True,True,True,False,False
CYNDAQUIL,True,True,True,True,True,False,False
DACHSBUN,True,True,True,True,True,False,False
DARKRAI,True,True,True,True,True,False,False
DARKRAI_MEGA,True,True,True,True,True,False,True
DARKRAI_NIGHTMARE,True,True,True,True,True,False,False
DARMANITAN,True,True,True,True,True,False,False
DARMANITAN_GALARIAN,True,True,True,True,True,False,False
DARMANITAN_REDUX,True,True,True,True,True,True,False
DARMANITAN_REDUX_AURA,True,True,True,True,True,True,False
DARMANITAN_REDUX_BLUNDER,True,True,True,True,True,True,False
DARMANITAN_REDUX_BOND,True,True,True,True,True,True,False
DARMANITAN_ZEN_MODE,True,True,True,True,True,False,False
DARMANITAN_ZEN_MODE_GALARIAN,True,True,True,True,True,False,False
DARTRIX,True,True,True,True,True,False,False
DARUMAKA,True,True,True,True,True,False,False
DARUMAKA_GALARIAN,True,True,True,True,True,False,False
DARUMAKA_REDUX,True,True,True,True,True,True,False
DECIDUEYE,True,True,True,True,True,False,False
DECIDUEYE_HISUIAN,True,True,True,True,True,False,False
DECIDUEYE_HISUIAN_MEGA,True,True,True,True,True,False,True
DECIDUEYE_MEGA,True,True,True,True,True,False,True
DEDELIBIRD,True,True,True,True,True,False,False
DEDENNE,True,True,True,True,True,False,False
DEERLING,True,True,True,True,True,False,False
DEERLING_AUTUMN,True,True,True,True,True,False,False
DEERLING_SUMMER,True,True,True,True,True,False,False
DEERLING_WINTER,True,True,True,True,True,False,False
DEINO,True,True,True,True,True,False,False
DEINO_REDUX,True,True,True,True,True,True,False
DELCATTY,True,True,True,True,True,False,False
DELIBIRD,True,True,True,True,True,False,False
DELPHOX,True,True,True,True,True,False,False
DELPHOX_BATTLE_BOND,True,True,True,True,True,False,False
DELPHOX_MEGA,True,True,True,True,True,False,True
DELPHOX_SERENA,True,True,True,True,True,False,False
DEOXYS,True,True,True,True,True,False,False
DEOXYS_ATTACK,True,True,True,True,True,False,False
DEOXYS_DEFENSE,True,True,True,True,True,False,False
DEOXYS_SPEED,True,True,True,True,True,False,False
DEWGONG,True,True,True,True,True,False,False
DEWGONG_MEGA,True,True,True,True,True,False,True
DEWGONG_REDUX,True,True,True,True,True,True,False
DEWOTT,True,True,True,True,True,False,False
DEWPIDER,True,True,True,True,True,False,False
DEWPIDER_REDUX,True,True,True,True,True,True,False
DHELMISE,True,True,True,True,True,False,False
DIALGA,True,True,True,True,True,False,False
DIALGA_ORIGIN,True,True,True,True,True,False,False
DIANCIE,True,True,True,True,True,False,False
DIANCIE_MEGA,True,True,True,True,True,False,True
DIGGERSBY,True,True,True,True,True,False,False
DIGLETT,True,True,True,True,True,False,False
DIGLETT_ALOLAN,True,True,True,True,True,False,False
DIPPLIN,True,True,True,True,True,False,False
DITTO,True,True,True,True,True,False,False
DODRIO,True,True,True,True,True,False,False
DODRIO_REDUX,True,True,True,True,True,True,False
DODUO,True,True,True,True,True,False,False
DODUO_REDUX,True,True,True,True,True,True,False
DOLLIV,True,True,True,True,True,False,False
DONDOZO,True,True,True,True,True,False,False
DONPHAN,True,True,True,True,True,False,False
DOTTLER,True,True,True,True,True,False,False
DOUBLADE,True,True,True,True,True,False,False
DOUBLADE_REDUX,True,True,True,True,True,True,False
DRACOVISH,True,True,True,True,True,False,False
DRACOVISH_MEGA,True,True,True,True,True,False,True
DRACOZOLT,True,True,True,True,True,False,False
DRAGALGE,True,True,True,True,True,False,False
DRAGALGE_MEGA,True,True,True,True,True,False,True
DRAGAPULT,True,True,True,True,True,False,False
DRAGAPULT_MEGA,True,True,True,True,True,False,True
DRAGONAIR,True,True,True,True,True,False,False
DRAGONITE,True,True,True,True,True,False,False
DRAGONITE_DELIVERY,True,True,True,True,True,False,False
DRAGONITE_MEGA,True,True,True,True,True,False,True
DRAGONITE_MEGA_Y,True,True,True,True,True,False,True
DRAKLOAK,True,True,True,True,True,False,False
DRAMPA,True,True,True,True,True,False,False
DRAMPA_MEGA,True,True,True,True,True,False,True
DRAPION,True,True,True,True,True,False,False
DRATINI,True,True,True,True,True,False,False
DREADNAUT,True,True,True,True,True,False,False
DREDNAW,True,True,True,True,True,False,False
DREDNAW_MEGA,True,True,True,True,True,False,True
DREDWOOD,True,True,True,True,True,False,False
DREEPY,True,True,True,True,True,False,False
DRIFBLIM,True,True,True,True,True,False,False
DRIFLOON,True,True,True,True,True,False,False
DRILBUR,True,True,True,True,True,False,False
DRILBUR_REDUX,True,True,True,True,True,True,False
DRIZZILE,True,True,True,True,True,False,False
DROWZEE,True,True,True,True,True,False,False
DRUDDIGON,True,True,True,True,True,False,False
DUBWOOL,True,True,True,True,True,False,False
DUCKLETT,True,True,True,True,True,False,False
DUDUDUNSPARCE,True,True,True,True,True,False,False
DUDUDUNSPARCE_MEGA,True,True,True,True,True,False,True
DUDUNSPARCE,True,True,True,True,True,False,False
DUDUNSPARCE_THREE_SEGMENT,True,True,True,True,True,False,False
DUELUMBER,True,True,True,True,True,False,False
DUGTRIO,True,True,True,True,True,False,False
DUGTRIO_ALOLAN,True,True,True,True,True,False,False
DUNSPARCE,True,True,True,True,True,False,False
DUOSION,True,True,True,True,True,False,False
DUOSION_REDUX,True,True,True,True,True,True,False
DURALUDON,True,True,True,True,True,False,False
DURALUDON_PARTNER_MEGA,True,True,True,True,True,False,True
DURANT,True,True,True,True,True,False,False
DUSCLOPS,True,True,True,True,True,False,False
DUSKNOIR,True,True,True,True,True,False,False
DUSKULL,True,True,True,True,True,False,False
DUSTOX,True,True,True,True,True,False,False
DWEBBLE,True,True,True,True,True,False,False
EELEKTRIK,True,True,True,True,True,False,False
EELEKTROSS,True,True,True,True,True,False,False
EELEKTROSS_MEGA,True,True,True,True,True,False,True
EEVEE,True,True,True,True,True,False,False
EEVEE_PARTNER,True,True,True,True,True,False,False
EEVEE_PARTNER_MEGA,True,True,True,True,True,False,True
EISCUE,True,True,True,True,True,False,False
EISCUE_NOICE_FACE,True,True,True,True,True,False,False
EKANS,True,True,True,True,True,False,False
ELDEGOSS,True,True,True,True,True,False,False
ELECTABUZZ,True,True,True,True,True,False,False
ELECTIVIRE,True,True,True,True,True,False,False
ELECTRIKE,True,True,True,True,True,False,False
ELECTRODE,True,True,True,True,True,False,False
ELECTRODE_HISUIAN,True,True,True,True,True,False,False
ELEKID,True,True,True,True,True,False,False
ELGYEM,True,True,True,True,True,False,False
EMBOAR,True,True,True,True,True,False,False
EMBOAR_MEGA,True,True,True,True,True,False,True
EMOLGA,True,True,True,True,True,False,False
EMPOLEON,True,True,True,True,True,False,False
EMPOLEON_MEGA,True,True,True,True,True,False,True
EMPOLEON_REDUX,True,True,True,True,True,True,False
EMPOLEON_REDUX_MEGA,True,True,True,True,True,True,True
ENAMORUS,True,True,True,True,True,False,False
ENAMORUS_THERIAN,True,True,True,True,True,False,False
ENTEI,True,True,True,True,True,False,False
ERATICATE,True,True,True,True,True,False,False
ESCARGINITE,True,True,True,True,True,False,False
ESCARGINITE_REDUX,True,True,True,True,True,True,False
ESCAVALIER,True,True,True,True,True,False,False
ESPATHRA,True,True,True,True,True,False,False
ESPEON,True,True,True,True,True,False,False
ESPEON_GALAXY,True,True,True,True,True,False,False
ESPURR,True,True,True,True,True,False,False
ETERNATUS,True,True,True,True,True,False,False
ETERNATUS_ETERNAMAX,True,True,True,True,True,False,False
EXCADRILL,True,True,True,True,True,False,False
EXCADRILL_MEGA,True,True,True,True,True,False,True
EXCADRILL_REDUX,True,True,True,True,True,True,False
EXEGGCUTE,True,True,True,True,True,False,False
EXEGGCUTE_REDUX,True,True,True,True,True,True,False
EXEGGUTOR,True,True,True,True,True,False,False
EXEGGUTOR_ALOLAN,True,True,True,True,True,False,False
EXEGGUTOR_REDUX,True,True,True,True,True,True,False
EXPLOUD,True,True,True,True,True,False,False
EXPLOUD_REDUX,True,True,True,True,True,True,False
FALINKS,True,True,True,True,True,False,False
FALINKS_MEGA,True,True,True,True,True,False,True
FARFETCHD,True,True,True,True,True,False,False
FARFETCHD_GALARIAN,True,True,True,True,True,False,False
FARIGIRAF,True,True,True,True,True,False,False
FEAROW,True,True,True,True,True,False,False
FEAROW_REDUX,True,True,True,True,True,True,False
FEAROW_REDUX_EVO,True,True,True,True,True,True,False
FEEBAS,True,True,True,True,True,False,False
FENNEKIN,True,True,True,True,True,False,False
FERALIGATR,True,True,True,True,True,False,False
FERALIGATR_MEGA_X,True,True,True,True,True,False,True
FERALIGATR_MEGA_Y,True,True,True,True,True,False,True
FERROSEED,True,True,True,True,True,False,False
FERROTHORN,True,True,True,True,True,False,False
FEZANDIPITI,True,True,True,True,True,False,False
FIDOUGH,True,True,True,True,True,False,False
FIDOUGH_PARTNER,True,True,True,True,True,False,False
FIDOUGH_PARTNER_MEGA,True,True,True,True,True,False,True
FINIZEN,True,True,True,True,True,False,False
FINNEON,True,True,True,True,True,False,False
FLAAFFY,True,True,True,True,True,False,False
FLABEBE,True,True,True,True,True,False,False
FLABEBE_BLUE_FLOWER,True,True,True,True,True,False,False
FLABEBE_ORANGE_FLOWER,True,True,True,True,True,False,False
FLABEBE_WHITE_FLOWER,True,True,True,True,True,False,False
FLABEBE_YELLOW_FLOWER,True,True,True,True,True,False,False
FLAIRGRANCE,True,True,True,True,True,False,False
FLAMIGO,True,True,True,True,True,False,False
FLAPPLE,True,True,True,True,True,False,False
FLAREON,True,True,True,True,True,False,False
FLETCHINDER,True,True,True,True,True,False,False
FLETCHLING,True,True,True,True,True,False,False
FLITTLE,True,True,True,True,True,False,False
FLOATZEL,True,True,True,True,True,False,False
FLOATZEL_REDUX,True,True,True,True,True,True,False
FLOETTE,True,True,True,True,True,False,False
FLOETTE_BLUE_FLOWER,True,True,True,True,True,False,False
FLOETTE_ETERNAL_FLOWER,True,True,True,True,True,False,False
FLOETTE_ETERNAL_FLOWER_MEGA,True,True,True,True,True,False,True
FLOETTE_ORANGE_FLOWER,True,True,True,True,True,False,False
FLOETTE_WHITE_FLOWER,True,True,True,True,True,False,False
FLOETTE_YELLOW_FLOWER,True,True,True,True,True,False,False
FLORAGATO,True,True,True,True,True,False,False
FLORGES,True,True,True,True,True,False,False
FLORGES_BLUE_FLOWER,True,True,True,True,True,False,False
FLORGES_ORANGE_FLOWER,True,True,True,True,True,False,False
FLORGES_WHITE_FLOWER,True,True,True,True,True,False,False
FLORGES_YELLOW_FLOWER,True,True,True,True,True,False,False
FLUFFBEE,True,True,True,True,True,False,False
FLUTTER_MANE,True,True,True,True,True,False,False
FLYGON,True,True,True,True,True,False,False
FLYGON_MEGA,True,True,True,True,True,False,True
FLYGON_REDUX,True,True,True,True,True,True,False
FLYGON_REDUX_B,True,True,True,True,True,True,False
FLYGON_REDUX_B_MEGA,True,True,True,True,True,True,True
FLYGON_REDUX_MEGA,True,True,True,True,True,True,True
FOGGING,True,True,True,True,True,False,False
FOMANTIS,True,True,True,True,True,False,False
FOONGUS,True,True,True,True,True,False,False
FORRETRESS,True,True,True,True,True,False,False
FRAXURE,True,True,True,True,True,False,False
FRIGIBAX,True,True,True,True,True,False,False
FRILLISH,True,True,True,True,True,False,False
FROAKIE,True,True,True,True,True,False,False
FROGADIER,True,True,True,True,True,False,False
FROSLASS,True,True,True,True,True,False,False
FROSLASS_MEGA,True,True,True,True,True,False,True
FROSLASS_MEGA_Y,True,True,True,True,True,False,True
FROSLASS_REDUX,True,True,True,True,True,True,False
FROSLASS_REDUX_MEGA,True,True,True,True,True,True,True
FROSMOTH,True,True,True,True,True,False,False
FROSTUCCINO,True,True,True,True,True,False,False
FROSTULA,True,True,True,True,True,False,False
FUECOCO,True,True,True,True,True,False,False
FUJIFLAP,True,True,True,True,True,False,False
FURFROU,True,True,True,True,True,False,False
FURFROU_DANDY_TRIM,True,True,True,True,True,False,False
FURFROU_DEBUTANTE_TRIM,True,True,True,True,True,False,False
FURFROU_DIAMOND_TRIM,True,True,True,True,True,False,False
FURFROU_HEART_TRIM,True,True,True,True,True,False,False
FURFROU_KABUKI_TRIM,True,True,True,True,True,False,False
FURFROU_LA_REINE_TRIM,True,True,True,True,True,False,False
FURFROU_MATRON_TRIM,True,True,True,True,True,False,False
FURFROU_PHARAOH_TRIM,True,True,True,True,True,False,False
FURFROU_STAR_TRIM,True,True,True,True,True,False,False
FURRET,True,True,True,True,True,False,False
GABITE,True,True,True,True,True,False,False
GABITE_REDUX,True,True,True,True,True,True,False
GALLADE,True,True,True,True,True,False,False
GALLADE_MEGA,True,True,True,True,True,False,True
GALLADE_REDUX,True,True,True,True,True,True,False
GALLADE_REDUX_MEGA,True,True,True,True,True,True,True
GALVANTULA,True,True,True,True,True,False,False
GARBODOR,True,True,True,True,True,False,False
GARBODOR_MEGA,True,True,True,True,True,False,True
GARCHOMP,True,True,True,True,True,False,False
GARCHOMP_MEGA,True,True,True,True,True,False,True
GARCHOMP_MEGA_REDUX,True,True,True,True,True,True,True
GARCHOMP_MEGA_Z,True,True,True,True,True,False,True
GARCHOMP_REDUX,True,True,True,True,True,True,False
GARDEVOIR,True,True,True,True,True,False,False
GARDEVOIR_MEGA,True,True,True,True,True,False,True
GARDEVOIR_REDUX,True,True,True,True,True,True,False
GARDEVOIR_REDUX_MEGA,True,True,True,True,True,True,True
GARGABLOX,True,True,True,True,True,False,False
GARGANACL,True,True,True,True,True,False,False
GASTLY,True,True,True,True,True,False,False
GASTRODON,True,True,True,True,True,False,False
GASTRODON_EAST_SEA,True,True,True,True,True,False,False
GENESECT,True,True,True,True,True,False,False
GENESECT_BURN_DRIVE,True,True,True,True,True,False,False
GENESECT_CHILL_DRIVE,True,True,True,True,True,False,False
GENESECT_DOUSE_DRIVE,True,True,True,True,True,False,False
GENESECT_SHOCK_DRIVE,True,True,True,True,True,False,False
GENGAR,True,True,True,True,True,False,False
GENGAR_MEGA,True,True,True,True,True,False,True
GENGAR_MEGA_X,True,True,True,True,True,False,True
GEODUDE,True,True,True,True,True,False,False
GEODUDE_ALOLAN,True,True,True,True,True,False,False
GHOLDENGO,True,True,True,True,True,False,False
GIBLE,True,True,True,True,True,False,False
GIBLE_REDUX,True,True,True,True,True,True,False
GIGALITH,True,True,True,True,True,False,False
GIMMIGHOUL,True,True,True,True,True,False,False
GIMMIGHOUL_ROAMING,True,True,True,True,True,False,False
GIRAFARIG,True,True,True,True,True,False,False
GIRATINA,True,True,True,True,True,False,False
GIRATINA_ORIGIN,True,True,True,True,True,False,False
GLACEON,True,True,True,True,True,False,False
GLALIE,True,True,True,True,True,False,False
GLALIE_MEGA,True,True,True,True,True,False,True
GLALIE_REDUX,True,True,True,True,True,True,False
GLALIE_REDUX_MEGA,True,True,True,True,True,True,True
GLAMEOW,True,True,True,True,True,False,False
GLASTRIER,True,True,True,True,True,False,False
GLIGAR,True,True,True,True,True,False,False
GLIGAR_REDUX,True,True,True,True,True,True,False
GLIMMET,True,True,True,True,True,False,False
GLIMMORA,True,True,True,True,True,False,False
GLIMMORA_MEGA,True,True,True,True,True,False,True
GLISCOR,True,True,True,True,True,False,False
GLISCOR_REDUX,True,True,True,True,True,True,False
GLOOM,True,True,True,True,True,False,False
GOGOAT,True,True,True,True,True,False,False
GOLBAT,True,True,True,True,True,False,False
GOLDEEN,True,True,True,True,True,False,False
GOLDUCK,True,True,True,True,True,False,False
GOLEM,True,True,True,True,True,False,False
GOLEM_ALOLAN,True,True,True,True,True,False,False
GOLETT,True,True,True,True,True,False,False
GOLISOPOD,True,True,True,True,True,False,False
GOLISOPOD_MEGA,True,True,True,True,True,False,True
GOLISOPOD_MEGA_Y,True,True,True,True,True,False,True
GOLURK,True,True,True,True,True,False,False
GOLURK_MEGA,True,True,True,True,True,False,True
GOODRA,True,True,True,True,True,False,False
GOODRA_HISUIAN,True,True,True,True,True,False,False
GOODRA_HISUIAN_MEGA,True,True,True,True,True,False,True
GOODRA_MEGA,True,True,True,True,True,False,True
GOOMY,True,True,True,True,True,False,False
GOOSCHASE,True,True,True,True,True,False,False
GOREBYSS,True,True,True,True,True,False,False
GOSSIFLEUR,True,True,True,True,True,False,False
GOTHITA,True,True,True,True,True,False,False
GOTHITELLE,True,True,True,True,True,False,False
GOTHITELLE_MEGA,True,True,True,True,True,False,True
GOTHORITA,True,True,True,True,True,False,False
GOUGING_FIRE,True,True,True,True,True,False,False
GOURGEIST,True,True,True,True,True,False,False
GOURGEIST_LARGE,True,True,True,True,True,False,False
GOURGEIST_SMALL,True,True,True,True,True,False,False
GOURGEIST_SUPER,True,True,True,True,True,False,False
GRAFAIAI,True,True,True,True,True,False,False
GRANBULL,True,True,True,True,True,False,False
GRANBULL_MEGA,True,True,True,True,True,False,True
GRANITUN,True,True,True,True,True,False,False
GRAPPLOCT,True,True,True,True,True,False,False
GRAVELER,True,True,True,True,True,False,False
GRAVELER_ALOLAN,True,True,True,True,True,False,False
GREAT_TUSK,True,True,True,True,True,False,False
GREAVARD,True,True,True,True,True,False,False
GREEDENT,True,True,True,True,True,False,False
GRENINJA,True,True,True,True,True,False,False
GRENINJA_ASH,True,True,True,True,True,False,False
GRENINJA_BATTLE_BOND,True,True,True,True,True,False,False
GRENINJA_MEGA,True,True,True,True,True,False,True
GRIMER,True,True,True,True,True,False,False
GRIMER_ALOLAN,True,True,True,True,True,False,False
GRIMMSNARL,True,True,True,True,True,False,False
GRIMMSNARL_MEGA,True,True,True,True,True,False,True
GROOKEY,True,True,True,True,True,False,False
GROTLE,True,True,True,True,True,False,False
GROTLE_REDUX,True,True,True,True,True,True,False
GROTOM,True,True,True,True,True,False,False
GROTOM_DRUM,True,True,True,True,True,False,False
GROTOM_FILL,True,True,True,True,True,False,False
GROTOM_GLASS,True,True,True,True,True,False,False
GROTOM_KICK,True,True,True,True,True,False,False
GROTOM_ROLL,True,True,True,True,True,False,False
GROUDON,True,True,True,True,True,False,False
GROUDON_PRIMAL,True,True,True,True,True,False,False
GROVYLE,True,True,True,True,True,False,False
GROWLITHE,True,True,True,True,True,False,False
GROWLITHE_HISUIAN,True,True,True,True,True,False,False
GROWLITHE_REDUX,True,True,True,True,True,True,False
GRUBBIN,True,True,True,True,True,False,False
GRUMPIG,True,True,True,True,True,False,False
GUARDOZEL,True,True,True,True,True,False,False
GULPIN,True,True,True,True,True,False,False
GUMSHOOS,True,True,True,True,True,False,False
GURDURR,True,True,True,True,True,False,False
GUZZLORD,True,True,True,True,True,False,False
GYARADEATH,True,True,True,True,True,False,False
GYARADEATH_MEGA_X,True,True,True,True,True,False,True
GYARADEATH_MEGA_Y,True,True,True,True,True,False,True
GYARADOS,True,True,True,True,True,False,False
GYARADOS_MEGA,True,True,True,True,True,False,True
GYARADOS_MEGA_Y,True,True,True,True,True,False,True
GYAREVALRY,True,True,True,True,True,False,False
HAKAMO_O,True,True,True,True,True,False,False
HAPPINY,True,True,True,True,True,False,False
HAPPINY_REDUX,True,True,True,True,True,True,False
HARIYAMA,True,True,True,True,True,False,False
HARIYAMA_MEGA,True,True,True,True,True,False,True
HARIYAMA_REDUX,True,True,True,True,True,True,False
HARVESTING_TYRANT,True,True,True,True,True,False,False
HATENNA,True,True,True,True,True,False,False
HATTERENE,True,True,True,True,True,False,False
HATTERENE_MEGA,True,True,True,True,True,False,True
HATTREM,True,True,True,True,True,False,False
HAUNTER,True,True,True,True,True,False,False
HAWLUCHA,True,True,True,True,True,False,False
HAWLUCHA_MEGA,True,True,True,True,True,False,True
HAXORUS,True,True,True,True,True,False,False
HAXORUS_MEGA,True,True,True,True,True,False,True
HEATMOR,True,True,True,True,True,False,False
HEATRAN,True,True,True,True,True,False,False
HEATRAN_MEGA,True,True,True,True,True,False,True
HELIOLISK,True,True,True,True,True,False,False
HELIOPTILE,True,True,True,True,True,False,False
HELIOSUNNY,True,True,True,True,True,False,False
HERACREUS,True,True,True,True,True,False,False
HERACREUS_MEGA,True,True,True,True,True,False,True
HERACROSS,True,True,True,True,True,False,False
HERACROSS_MEGA,True,True,True,True,True,False,True
HERDIER,True,True,True,True,True,False,False
HIPPOPOTAS,True,True,True,True,True,False,False
HIPPOPOTATO,True,True,True,True,True,False,False
HIPPOTATON,True,True,True,True,True,False,False
HIPPOWDON,True,True,True,True,True,False,False
HITMONCHAN,True,True,True,True,True,False,False
HITMONCHAN_MEGA,True,True,True,True,True,False,True
HITMONLEE,True,True,True,True,True,False,False
HITMONLEE_MEGA,True,True,True,True,True,False,True
HITMONTOP,True,True,True,True,True,False,False
HITMONTOP_MEGA,True,True,True,True,True,False,True
HONCHKROW,True,True,True,True,True,False,False
HONEDGE,True,True,True,True,True,False,False
HONEDGE_REDUX,True,True,True,True,True,True,False
HOOPA,True,True,True,True,True,False,False
HOOPA_UNBOUND,True,True,True,True,True,False,False
HOOTHOOT,True,True,True,True,True,False,False
HOPPIP,True,True,True,True,True,False,False
HORSEA,True,True,True,True,True,False,False
HOUNDOOM,True,True,True,True,True,False,False
HOUNDOOM_MEGA,True,True,True,True,True,False,True
HOUNDOOM_MEGA_REDUX,True,True,True,True,True,True,True
HOUNDOOM_REDUX,True,True,True,True,True,True,False
HOUNDOUR,True,True,True,True,True,False,False
HOUNDOUR_REDUX,True,True,True,True,True,True,False
HOUNDSTONE,True,True,True,True,True,False,False
HO_OH,True,True,True,True,True,False,False
HUNTAIL,True,True,True,True,True,False,False
HYDRAPPLE,True,True,True,True,True,False,False
HYDREIGON,True,True,True,True,True,False,False
HYDREIGON_MEGA,True,True,True,True,True,False,True
HYDREIGON_REDUX,True,True,True,True,True,True,False
HYDREIGON_REDUX_MEGA,True,True,True,True,True,True,True
HYDROAR,True,True,True,True,True,False,False
HYDROAR_F,True,True,True,True,True,False,False
HYPNO,True,True,True,True,True,False,False
HYPNOCROAK,True,True,True,True,True,False,False
IGGLYBUFF,True,True,True,True,True,False,False
ILLUMISE,True,True,True,True,True,False,False
IMPIDIMP,True,True,True,True,True,False,False
INCINEROAR,True,True,True,True,True,False,False
INCINEROAR_MEGA,True,True,True,True,True,False,True
INDEEDEE,True,True,True,True,True,False,False
INDEEDEE_FEMALE,True,True,True,True,True,False,False
INFERNAPE,True,True,True,True,True,False,False
INFERNAPE_MEGA,True,True,True,True,True,False,True
INFERNAPE_REDUX,True,True,True,True,True,True,False
INFERNAPE_REDUX_B,True,True,True,True,True,True,False
INFERNAPE_REDUX_MEGA,True,True,True,True,True,True,True
INKAY,True,True,True,True,True,False,False
INTELEON,True,True,True,True,True,False,False
INTELEON_MEGA,True,True,True,True,True,False,True
IRON_BOULDER,True,True,True,True,True,False,False
IRON_BUNDLE,True,True,True,True,True,False,False
IRON_CARAPACE,True,True,True,True,True,False,False
IRON_CROWN,True,True,True,True,True,False,False
IRON_EXO,True,True,True,True,True,False,False
IRON_HANDS,True,True,True,True,True,False,False
IRON_JUGULIS,True,True,True,True,True,False,False
IRON_LEAVES,True,True,True,True,True,False,False
IRON_MOTH,True,True,True,True,True,False,False
IRON_PALETTE,True,True,True,True,True,False,False
IRON_SABER,True,True,True,True,True,False,False
IRON_SCYTHE,True,True,True,True,True,False,False
IRON_SPIRALS,True,True,True,True,True,False,False
IRON_THORNS,True,True,True,True,True,False,False
IRON_TREADS,True,True,True,True,True,False,False
IRON_VALIANT,True,True,True,True,True,False,False
IRON_VOCA,True,True,True,True,True,False,False
IVYSAUR,True,True,True,True,True,False,False
JAGGED_CHUNGULIS,True,True,True,True,True,False,False
JANGMO_O,True,True,True,True,True,False,False
JELLICENT,True,True,True,True,True,False,False
JIGGLYPUFF,True,True,True,True,True,False,False
JIRACHI,True,True,True,True,True,False,False
JOLTEON,True,True,True,True,True,False,False
JOLTIK,True,True,True,True,True,False,False
JUMPLUFF,True,True,True,True,True,False,False
JYNX,True,True,True,True,True,False,False
KABUTO,True,True,True,True,True,False,False
KABUTOPS,True,True,True,True,True,False,False
KADABRA,True,True,True,True,True,False,False
KADABRA_REDUX,True,True,True,True,True,True,False
KAIOSEA,True,True,True,True,True,False,False
KAKUNA,True,True,True,True,True,False,False
KAKUNA_REDUX,True,True,True,True,True,True,False
KANGASKHAN,True,True,True,True,True,False,False
KANGASKHAN_MEGA,True,True,True,True,True,False,True
KARRABLAST,True,True,True,True,True,False,False
KARTANA,True,True,True,True,True,False,False
KARTANA_FALLEN,True,True,True,True,True,False,False
KECLEON,True,True,True,True,True,False,False
KECLEONG,True,True,True,True,True,False,False
KELDEO,True,True,True,True,True,False,False
KELDEO_RESOLUTE,True,True,True,True,True,False,False
KILOWATTREL,True,True,True,True,True,False,False
KILOZUNA,True,True,True,True,True,False,False
KILOZUNA_MEGA,True,True,True,True,True,False,True
KINGAMBIT,True,True,True,True,True,False,False
KINGAMBIT_REDUX,True,True,True,True,True,True,False
KINGAMBIT_REDUX_MEGA,True,True,True,True,True,True,True
KINGDRA,True,True,True,True,True,False,False
KINGDRA_MEGA,True,True,True,True,True,False,True
KINGDRA_MEGA_Y,True,True,True,True,True,False,True
KINGLER,True,True,True,True,True,False,False
KINGLER_MEGA,True,True,True,True,True,False,True
KINGLER_REDUX,True,True,True,True,True,True,False
KINGLER_REDUX_MEGA,True,True,True,True,True,True,True
KIPMODO,True,True,True,True,True,False,False
KIRLIA,True,True,True,True,True,False,False
KIRLIA_REDUX,True,True,True,True,True,True,False
KLANG,True,True,True,True,True,False,False
KLAWF,True,True,True,True,True,False,False
KLEAVOR,True,True,True,True,True,False,False
KLEAVOR_MEGA,True,True,True,True,True,False,True
KLEAVOR_REDUX,True,True,True,True,True,True,False
KLEAVOR_REDUX_MEGA,True,True,True,True,True,True,True
KLEFKI,True,True,True,True,True,False,False
KLEFKI_REDUX,True,True,True,True,True,True,False
KLINK,True,True,True,True,True,False,False
KLINKLANG,True,True,True,True,True,False,False
KNAIVER,True,False,True,False,False,False,False
KNAIVER_REDUX,True,True,True,True,True,True,False
KOFFING,True,True,True,True,True,False,False
KOMALA,True,True,True,True,True,False,False
KOMMO_O,True,True,True,True,True,False,False
KORAIDON,True,True,True,True,True,False,False
KRABBY,True,True,True,True,True,False,False
KRABBY_REDUX,True,True,True,True,True,True,False
KRAMPIRD,True,True,True,True,True,False,False
KRICKETOT,True,True,True,True,True,False,False
KRICKETUNE,True,True,True,True,True,False,False
KROKOROK,True,True,True,True,True,False,False
KROOKODILE,True,True,True,True,True,False,False
KROOKODILE_MEGA,True,True,True,True,True,False,True
KUBFU,True,True,True,True,True,False,False
KYOGRE,True,True,True,True,True,False,False
KYOGRE_PRIMAL,True,True,True,True,True,False,False
KYUREM,True,True,True,True,True,False,False
KYUREM_BLACK,True,True,True,True,True,False,False
KYUREM_WHITE,True,True,True,True,True,False,False
LAIRON,True,True,True,True,True,False,False
LAIRON_REDUX,True,True,True,True,True,True,False
LAMPENT,True,True,True,True,True,False,False
LAMPENT_REDUX,True,True,True,True,True,True,False
LANDORUS,True,True,True,True,True,False,False
LANDORUS_THERIAN,True,True,True,True,True,False,False
LANTURN,True,True,True,True,True,False,False
LANTURN_MEGA,True,True,True,True,True,False,True
LAPRAS,True,True,True,True,True,False,False
LAPRAS_MEGA,True,True,True,True,True,False,True
LAPRAS_MEGA_X,True,True,True,True,True,False,True
LARVESTA,True,True,True,True,True,False,False
LARVESTA_REDUX,True,True,True,True,True,True,False
LARVITAR,True,True,True,True,True,False,False
LARVITAR_REDUX,True,True,True,True,True,True,False
LATIAS,True,True,True,True,True,False,False
LATIAS_MEGA,True,True,True,True,True,False,True
LATIOS,True,True,True,True,True,False,False
LATIOS_MEGA,True,True,True,True,True,False,True
LEAFEON,True,True,True,True,True,False,False
LEAVANNY,True,True,True,True,True,False,False
LECHONK,True,True,True,True,True,False,False
LEDIAN,True,True,True,True,True,False,False
LEDIAN_PARADOX,True,True,True,True,True,False,False
LEDYBA,True,True,True,True,True,False,False
LEPASTRY,True,True,True,True,True,False,False
LICKILICKY,True,True,True,True,True,False,False
LICKITUNG,True,True,True,True,True,False,False
LIEPARD,True,True,True,True,True,False,False
LILEEP,True,True,True,True,True,False,False
LILLIGANT,True,True,True,True,True,False,False
LILLIGANT_HISUIAN,True,True,True,True,True,False,False
LILLIPUP,True,True,True,True,True,False,False
LINOONE,True,True,True,True,True,False,False
LINOONE_GALARIAN,True,True,True,True,True,False,False
LITLEO,True,True,True,True,True,False,False
LITTEN,True,True,True,True,True,False,False
LITWICK,True,True,True,True,True,False,False
LITWICK_REDUX,True,True,True,True,True,True,False
LOKIX,True,True,True,True,True,False,False
LOMBRE,True,True,True,True,True,False,False
LOPUNNY,True,True,True,True,True,False,False
LOPUNNY_MEGA,True,True,True,True,True,False,True
LOTAD,True,True,True,True,True,False,False
LOUDRED,True,True,True,True,True,False,False
LOUDRED_REDUX,True,True,True,True,True,True,False
LUCARIO,True,True,True,True,True,False,False
LUCARIO_MEGA,True,True,True,True,True,False,True
LUCARIO_MEGA_Y,True,True,True,True,True,False,True
LUCARIO_MEGA_Z,True,True,True,True,True,False,True
LUDICOLO,True,True,True,True,True,False,False
LUGIA,True,True,True,True,True,False,False
LUMBERING_SLOTH,True,True,True,True,True,False,False
LUMBERING_SLOTH_ENGULFED,True,True,True,True,True,False,False
LUMINEON,True,True,True,True,True,False,False
LUMINOSITEON,True,True,True,True,True,False,False
LUNALA,True,True,True,True,True,False,False
LUNATONE,True,True,True,True,True,False,False
LURANTIS,True,True,True,True,True,False,False
LUVDISC,True,True,True,True,True,False,False
LUXIO,True,True,True,True,True,False,False
LUXIO_REDUX,True,True,True,True,True,True,False
LUXRAY,True,True,True,True,True,False,False
LUXRAY_MEGA,True,True,True,True,True,False,True
LUXRAY_REDUX,True,True,True,True,True,True,False
LUXRAY_REDUX_B,True,True,True,True,True,True,False
LUXRAY_REDUX_B_MEGA,True,True,True,True,True,True,True
LUXRAY_REDUX_MEGA,True,True,True,True,True,True,True
LUXZERO,True,True,True,True,True,False,False
LUXZERO_MEGA,True,True,True,True,True,False,True
LYCANROC,True,True,True,True,True,False,False
LYCANROC_DUSK,True,True,True,True,True,False,False
LYCANROC_ECLIPSE,True,True,True,True,True,False,False
LYCANROC_MIDNIGHT,True,True,True,True,True,False,False
LYCANROC_TWILIGHT,True,True,True,True,True,False,False
MABOSSTIFF,True,True,True,True,True,False,False
MACHAMP,True,True,True,True,True,False,False
MACHAMP_MEGA,True,True,True,True,True,False,True
MACHAMP_MEGA_REDUX,True,True,True,True,True,True,True
MACHAMP_REDUX,True,True,True,True,True,True,False
MACHOKE,True,True,True,True,True,False,False
MACHOKE_REDUX,True,True,True,True,True,True,False
MACHOP,True,True,True,True,True,False,False
MACHOP_REDUX,True,True,True,True,True,True,False
MAGBY,True,True,True,True,True,False,False
MAGCARGO,True,True,True,True,True,False,False
MAGCARGO_REDUX,True,True,True,True,True,True,False
MAGEARNA,True,True,True,True,True,False,False
MAGEARNA_MEGA,True,True,True,True,True,False,True
MAGEARNA_ORIGINAL_COLOR,True,True,True,True,True,False,False
MAGIKARP,True,True,True,True,True,False,False
MAGMAR,True,True,True,True,True,False,False
MAGMENOUS,True,True,True,True,True,False,False
MAGMORTAR,True,True,True,True,True,False,False
MAGNEMITE,True,True,True,True,True,False,False
MAGNETON,True,True,True,True,True,False,False
MAGNEZONE,True,True,True,True,True,False,False
MAGNEZONE_MEGA,True,True,True,True,True,False,True
MAKUHITA,True,True,True,True,True,False,False
MAKUHITA_REDUX,True,True,True,True,True,True,False
MALAMAR,True,True,True,True,True,False,False
MALAMAR_MEGA,True,True,True,True,True,False,True
MAMOSWINE,True,True,True,True,True,False,False
MAMOSWINE_REDUX,True,True,True,True,True,True,False
MAMOSWINE_REDUX_MEGA,True,True,True,True,True,True,True
MANAPHY,True,True,True,True,True,False,False
MANDIBUZZ,True,True,True,True,True,False,False
MANECTRIC,True,True,True,True,True,False,False
MANECTRIC_MEGA,True,True,True,True,True,False,True
MANKEY,True,True,True,True,True,False,False
MANTINE,True,True,True,True,True,False,False
MANTYKE,True,True,True,True,True,False,False
MARACTUS,True,True,True,True,True,False,False
MARBEEP,True,True,True,True,True,False,False
MAREANIE,True,True,True,True,True,False,False
MAREEP,True,True,True,True,True,False,False
MARILL,True,True,True,True,True,False,False
MAROWAK,True,True,True,True,True,False,False
MAROWAK_ALOLAN,True,True,True,True,True,False,False
MARSHADOW,True,True,True,True,True,False,False
MARSHMODO,True,True,True,True,True,False,False
MARSHTOMP,True,True,True,True,True,False,False
MASCHIFF,True,True,True,True,True,False,False
MASQUERAIN,True,True,True,True,True,False,False
MAUSHOLD,True,True,True,True,True,False,False
MAUSHOLD_FOUR,True,True,True,True,True,False,False
MAWILE,True,True,True,True,True,False,False
MAWILE_MEGA,True,True,True,True,True,False,True
MAWILE_MEGA_REDUX,True,True,True,True,True,True,True
MAWILE_REDUX,True,True,True,True,True,True,False
MAWILE_REDUX_B,True,True,True,True,True,True,False
MAWILE_REDUX_B_MEGA,True,True,True,True,True,True,True
MEDICHAM,True,True,True,True,True,False,False
MEDICHAM_MEGA,True,True,True,True,True,False,True
MEDITITE,True,True,True,True,True,False,False
MEGANIUM,True,True,True,True,True,False,True
MEGANIUM_MEGA,True,True,True,True,True,False,True
MELMETAL,True,True,True,True,True,False,False
MELMETAL_MEGA,True,True,True,True,True,False,True
MELOETTA,True,True,True,True,True,False,False
MELOETTA_PIROUETTE,True,True,True,True,True,False,False
MELTAN,True,True,True,True,True,False,False
MEOWSCARADA,True,True,True,True,True,False,False
MEOWSCARADA_MEGA,True,True,True,True,True,False,True
MEOWSTIC,True,True,True,True,True,False,False
MEOWSTIC_FEMALE,True,True,True,True,True,False,False
MEOWSTIC_MEGA,True,True,True,True,True,False,True
MEOWTH,True,True,True,True,True,False,False
MEOWTH_ALOLAN,True,True,True,True,True,False,False
MEOWTH_GALARIAN,True,True,True,True,True,False,False
MEOWTH_PARTNER,True,True,True,True,True,False,False
MEOWTH_PARTNER_MEGA,True,True,True,True,True,False,True
MERRYKARP,True,True,True,True,True,False,False
MESPRIT,True,True,True,True,True,False,False
MESPRIT_REDUX,True,True,True,True,True,True,False
METAGROSS,True,True,True,True,True,False,False
METAGROSS_MEGA,True,True,True,True,True,False,True
METANG,True,True,True,True,True,False,False
METAPOD,True,True,True,True,True,False,False
MEW,True,True,True,True,True,False,False
MEWTWO,True,True,True,True,True,False,False
MEWTWO_MEGA_X,True,True,True,True,True,False,True
MEWTWO_MEGA_Y,True,True,True,True,True,False,True
MIENFOO,True,True,True,True,True,False,False
MIENSHAO,True,True,True,True,True,False,False
MIENSHAO_MEGA,True,True,True,True,True,False,True
MIGHTYENA,True,True,True,True,True,False,False
MILCERY,True,True,True,True,True,False,False
MILOTIC,True,True,True,True,True,False,False
MILOTIC_MEGA,True,True,True,True,True,False,True
MILTANK,True,True,True,True,True,False,False
MIME_JR,True,True,True,True,True,False,False
MIMIKYU,True,True,True,True,True,False,False
MIMIKYU_APEX,True,True,True,True,True,False,False
MIMIKYU_APEX_BUSTED,True,True,True,True,True,False,False
MIMIKYU_BUSTED,True,True,True,True,True,False,False
MIMIKYU_RAYQUAZA,True,True,True,True,True,False,False
MIMIKYU_RAYQUAZA_BUSTED,True,True,True,True,True,False,False
MINCCINO,True,True,True,True,True,False,False
MINCCINO_REDUX,True,True,True,True,True,True,False
MINIOR,True,True,True,True,True,False,False
MINIOR_CORE_BLUE,True,True,True,True,True,False,False
MINIOR_CORE_GREEN,True,True,True,True,True,False,False
MINIOR_CORE_INDIGO,True,True,True,True,True,False,False
MINIOR_CORE_ORANGE,True,True,True,True,True,False,False
MINIOR_CORE_RED,True,True,True,True,True,False,False
MINIOR_CORE_VIOLET,True,True,True,True,True,False,False
MINIOR_CORE_YELLOW,True,True,True,True,True,False,False
MINIOR_METEOR_BLUE,True,True,True,True,True,False,False
MINIOR_METEOR_GREEN,True,True,True,True,True,False,False
MINIOR_METEOR_INDIGO,True,True,True,True,True,False,False
MINIOR_METEOR_ORANGE,True,True,True,True,True,False,False
MINIOR_METEOR_VIOLET,True,True,True,True,True,False,False
MINIOR_METEOR_YELLOW,True,True,True,True,True,False,False
MINUN,True,True,True,True,True,False,False
MIRAIDON,True,True,True,True,True,False,False
MISDREAVUS,True,True,True,True,True,False,False
MISMAGIUS,True,True,True,True,True,False,False
MOLTRES,True,True,True,True,True,False,False
MOLTRES_EX,True,True,True,True,True,False,False
MOLTRES_EX_MEGA,True,True,True,True,True,False,True
MOLTRES_GALARIAN,True,True,True,True,True,False,False
MONFERNO,True,True,True,True,True,False,False
MONFERNO_REDUX,True,True,True,True,True,True,False
MORELULL,True,True,True,True,True,False,False
MORGREM,True,True,True,True,True,False,False
MORPEKO,True,True,True,True,True,False,False
MORPEKO_HANGRY,True,True,True,True,True,False,False
MORPEKYLL,True,True,True,True,True,False,False
MORPEKYLL_HANGRY,True,True,True,True,True,False,False
MOTHIM,True,True,True,True,True,False,False
MR_MIME,True,True,True,True,True,False,False
MR_MIME_GALARIAN,True,True,True,True,True,False,False
MR_RIME,True,True,True,True,True,False,False
MUDBRAY,True,True,True,True,True,False,False
MUDKIP,True,True,True,True,True,False,False
MUDSDALE,True,True,True,True,True,False,False
MUK,True,True,True,True,True,False,False
MUK_ALOLAN,True,True,True,True,True,False,False
MUNCHLAX,True,True,True,True,True,False,False
MUNCHLAX_REDUX,True,True,True,True,True,True,False
MUNKIDORI,True,True,True,True,True,False,False
MUNNA,True,True,True,True,True,False,False
MURKROW,True,True,True,True,True,False,False
MUSHARNA,True,True,True,True,True,False,False
NACLI,True,True,True,True,True,False,False
NACLSTACK,True,True,True,True,True,False,False
NAGANADEL,True,True,True,True,True,False,False
NATU,True,True,True,True,True,False,False
NECROZMA,True,True,True,True,True,False,False
NECROZMA_DAWN_WINGS,True,True,True,True,True,False,False
NECROZMA_DUSK_MANE,True,True,True,True,True,False,False
NECROZMA_ULTRA,True,True,True,True,True,False,False
NICKIT,True,True,True,True,True,False,False
NIDOKING,True,True,True,True,True,False,False
NIDOKING_MEGA,True,True,True,True,True,False,True
NIDOQUEEN,True,True,True,True,True,False,False
NIDOQUEEN_MEGA,True,True,True,True,True,False,True
NIDORAN_F,True,True,True,True,True,False,False
NIDORAN_M,True,True,True,True,True,False,False
NIDORINA,True,True,True,True,True,False,False
NIDORINO,True,True,True,True,True,False,False
NIHILEGO,True,True,True,True,True,False,False
NINCADA,True,True,True,True,True,False,False
NINETALES,True,True,True,True,True,False,False
NINETALES_ALOLAN,True,True,True,True,True,False,False
NINJASK,True,True,True,True,True,False,False
NOCTOWL,True,True,True,True,True,False,False
NOIBAT,True,True,True,True,True,False,False
NOIBAT_REDUX,True,True,True,True,True,True,False
NOIVERN,True,True,True,True,True,False,False
NOIVERN_REDUX,True,True,True,True,True,True,False
NOSEPASS,True,True,True,True,True,False,False
NUMEL,True,True,True,True,True,False,False
NUZLEAF,True,True,True,True,True,False,False
NYMBLE,True,True,True,True,True,False,False
OBSTAGOON,True,True,True,True,True,False,False
OCTILLERY,True,True,True,True,True,False,False
ODDISH,True,True,True,True,True,False,False
OGERPON,True,True,True,True,True,False,False
OGERPON_CORNERSTONE_MASK,True,True,True,True,True,False,False
OGERPON_CORNERSTONE_MASK_MEGA,True,True,True,True,True,False,True
OGERPON_HEARTHFLAME_MASK,True,True,True,True,True,False,False
OGERPON_HEARTHFLAME_MASK_MEGA,True,True,True,True,True,False,True
OGERPON_MEGA,True,True,True,True,True,False,True
OGERPON_WELLSPRING_MASK,True,True,True,True,True,False,False
OGERPON_WELLSPRING_MASK_MEGA,True,True,True,True,True,False,True
OINKOLOGNE,True,True,True,True,True,False,False
OKIDOGI,True,True,True,True,True,False,False
OMANYTE,True,True,True,True,True,False,False
OMASTAR,True,True,True,True,True,False,False
ONIX,True,True,True,True,True,False,False
ORANGURU,True,True,True,True,True,False,False
ORBEETLE,True,True,True,True,True,False,False
ORBEETLE_MEGA,True,True,True,True,True,False,True
ORCHESTOT,True,True,True,True,True,False,False
ORICORIO,True,True,True,True,True,False,False
ORICORIO_MEGA,True,True,True,True,True,False,True
ORICORIO_PAU,True,True,True,True,True,False,False
ORICORIO_POM_POM,True,True,True,True,True,False,False
ORICORIO_SENSU,True,True,True,True,True,False,False
ORTHWORM,True,True,True,True,True,False,False
OSHAWOTT,True,True,True,True,True,False,False
OVERQWIL,True,True,True,True,True,False,False
PACHIRISU,True,True,True,True,True,False,False
PALAFIN,True,True,True,True,True,False,False
PALAFIN_HERO,True,True,True,True,True,False,False
PALKIA,True,True,True,True,True,False,False
PALKIA_ORIGIN,True,True,True,True,True,False,False
PALOSSAND,True,True,True,True,True,False,False
PALPITOAD,True,True,True,True,True,False,False
PANCHAM,True,True,True,True,True,False,False
PANGORO,True,True,True,True,True,False,False
PANPOUR,True,True,True,True,True,False,False
PANPOUR_REDUX,True,True,True,True,True,True,False
PANSAGE,True,True,True,True,True,False,False
PANSAGE_REDUX,True,True,True,True,True,True,False
PANSEAR,True,True,True,True,True,False,False
PANSEAR_REDUX,True,True,True,True,True,True,False
PARAS,True,True,True,True,True,False,False
PARASECT,True,True,True,True,True,False,False
PASSIMIAN,True,True,True,True,True,False,False
PATRAT,True,True,True,True,True,False,False
PAWMI,True,True,True,True,True,False,False
PAWMO,True,True,True,True,True,False,False
PAWMOT,True,True,True,True,True,False,False
PAWNIARD,True,True,True,True,True,False,False
PAWNIARD_REDUX,True,True,True,True,True,True,False
PECHARUNT,True,True,True,True,True,False,False
PELIPPER,True,True,True,True,True,False,False
PENTADUG,True,True,True,True,True,False,False
PENTADUG_ALOLAN,True,True,True,True,True,False,False
PENTAWUG,True,True,True,True,True,False,False
PERRSERKER,True,True,True,True,True,False,False
PERSIAN,True,True,True,True,True,False,False
PERSIAN_ALOLAN,True,True,True,True,True,False,False
PETILIL,True,True,True,True,True,False,False
PHANFERNAL,True,True,True,True,True,False,False
PHANPY,True,True,True,True,True,False,False
PHANTOWL,True,True,True,True,True,False,False
PHANTUMP,True,True,True,True,True,False,False
PHEROMOSA,True,True,True,True,True,False,False
PHIONE,True,True,True,True,True,False,False
PICHU,True,True,True,True,True,False,False
PICHU_SPIKY_EARED,True,True,True,True,True,False,False
PIDGEOT,True,True,True,True,True,False,False
PIDGEOTTO,True,True,True,True,True,False,False
PIDGEOT_MEGA,True,True,True,True,True,False,True
PIDGEY,True,True,True,True,True,False,False
PIDOVE,True,True,True,True,True,False,False
PIGNITE,True,True,True,True,True,False,False
PIKACHU,True,True,True,True,True,False,False
PIKACHU_ALOLA_CAP,True,True,True,True,True,False,False
PIKACHU_BELLE,True,True,True,True,True,False,False
PIKACHU_COSPLAY,True,True,True,True,True,False,False
PIKACHU_HOENN_CAP,True,True,True,True,True,False,False
PIKACHU_KALOS_CAP,True,True,True,True,True,False,False
PIKACHU_LIBRE,True,True,True,True,True,False,False
PIKACHU_ORIGINAL_CAP,True,True,True,True,True,False,False
PIKACHU_PARTNER,True,True,True,True,True,False,False
PIKACHU_PARTNER_CAP,True,True,True,True,True,False,False
PIKACHU_PARTNER_MEGA,True,True,True,True,True,False,True
PIKACHU_PH_D,True,True,True,True,True,False,False
PIKACHU_POP_STAR,True,True,True,True,True,False,False
PIKACHU_ROCK_STAR,True,True,True,True,True,False,False
PIKACHU_SINNOH_CAP,True,True,True,True,True,False,False
PIKACHU_UNOVA_CAP,True,True,True,True,True,False,False
PIKACHU_WORLD_CAP,True,True,True,True,True,False,False
PIKIPEK,True,True,True,True,True,False,False
PILOSWINE,True,True,True,True,True,False,False
PILOSWINE_REDUX,True,True,True,True,True,True,False
PINCURCHIN,True,True,True,True,True,False,False
PINECO,True,True,True,True,True,False,False
PINSIR,True,True,True,True,True,False,False
PINSIR_MEGA,True,True,True,True,True,False,True
PIPLUP,True,True,True,True,True,False,False
PIPLUP_REDUX,True,True,True,True,True,True,False
PLUNDERTOW,True,True,True,True,True,False,False
PLUSLE,True,True,True,True,True,False,False
POIPOLE,True,True,True,True,True,False,False
POLARTIC,True,True,True,True,True,False,False
POLARTIC_BLUEMOON,True,True,True,True,True,False,False
POLITOED,True,True,True,True,True,False,False
POLIWAG,True,True,True,True,True,False,False
POLIWHIRL,True,True,True,True,True,False,False
POLIWRATH,True,True,True,True,True,False,False
POLTCHAGEIST,True,True,True,True,True,False,False
POLTEAGEIST,True,True,True,True,True,False,False
POLTEAGEIST_ANTIQUE,True,True,True,True,True,False,False
POLTEAGEIST_REDUX,True,True,True,True,True,True,False
PONYTA,True,True,True,True,True,False,False
PONYTA_GALARIAN,True,True,True,True,True,False,False
POOCHYENA,True,True,True,True,True,False,False
POPCORM,True,True,True,True,True,False,False
POPCORM_MEGA,True,True,True,True,True,False,True
POPPLIO,True,True,True,True,True,False,False
PORYGON,True,True,True,True,True,False,False
PORYGON2,True,True,True,True,True,False,False
PORYGON_Z,True,True,True,True,True,False,False
PRIMARINA,True,True,True,True,True,False,False
PRIMARINA_MEGA,True,True,True,True,True,False,True
PRIMEAPE,True,True,True,True,True,False,False
PRINPLUP,True,True,True,True,True,False,False
PRINPLUP_REDUX,True,True,True,True,True,True,False
PROBOPASS,True,True,True,True,True,False,False
PSYDUCK,True,True,True,True,True,False,False
PSYDUCK_REDUX,True,True,True,True,True,True,False
PUMPKABOO,True,True,True,True,True,False,False
PUMPKABOO_LARGE,True,True,True,True,True,False,False
PUMPKABOO_SMALL,True,True,True,True,True,False,False
PUMPKABOO_SUPER,True,True,True,True,True,False,False
PUPITAR,True,True,True,True,True,False,False
PUPITAR_REDUX,True,True,True,True,True,True,False
PURRLOIN,True,True,True,True,True,False,False
PURUGLY,True,True,True,True,True,False,False
PYROAR,True,True,True,True,True,False,False
PYROAR_MEGA,True,True,True,True,True,False,True
PYUKUMUKU,True,True,True,True,True,False,False
QUAGSIRE,True,True,True,True,True,False,False
QUAGSIRE_MEGA,True,True,True,True,True,False,True
QUAQUAVAL,True,True,True,True,True,False,False
QUAQUAVAL_MEGA,True,True,True,True,True,False,True
QUAXLY,True,True,True,True,True,False,False
QUAXWELL,True,True,True,True,True,False,False
QUEENGAMBIT,True,True,True,True,True,False,False
QUILAVA,True,True,True,True,True,False,False
QUILLADIN,True,True,True,True,True,False,False
QWILFISH,True,True,True,True,True,False,False
QWILFISH_HISUIAN,True,True,True,True,True,False,False
RABOOT,True,True,True,True,True,False,False
RABSCA,True,True,True,True,True,False,False
RAGING_BOLT,True,True,True,True,True,False,False
RAICHU,True,True,True,True,True,False,False
RAICHU_ALOLAN,True,True,True,True,True,False,False
RAICHU_MEGA_X,True,True,True,True,True,False,True
RAICHU_MEGA_Y,True,True,True,True,True,False,True
RAIKOU,True,True,True,True,True,False,False
RALTS,True,True,True,True,True,False,False
RALTS_REDUX,True,True,True,True,True,True,False
RAMPARDOS,True,True,True,True,True,False,False
RAPIDASH,True,True,True,True,True,False,False
RAPIDASH_GALARIAN,True,True,True,True,True,False,False
RAPIDASH_MEGA,True,True,True,True,True,False,True
RAPIDASH_MEGA_GALARIAN,True,True,True,True,True,False,True
RATFIOSO,True,True,True,True,True,False,False
RATICATE,True,True,True,True,True,False,False
RATICATE_ALOLAN,True,True,True,True,True,False,False
RATICATE_REDUX,True,True,True,True,True,True,False
RATIKING,True,True,True,True,True,False,False
RATTATA,True,True,True,True,True,False,False
RATTATA_ALOLAN,True,True,True,True,True,False,False
RATTATA_REDUX,True,True,True,True,True,True,False
RAYQUAZA,True,True,True,True,True,False,False
RAYQUAZA_MEGA,True,True,True,True,True,False,True
REGICE,True,True,True,True,True,False,False
REGIDRAGO,True,True,True,True,True,False,False
REGIELEKI,True,True,True,True,True,False,False
REGIGIGAS,True,True,True,True,True,False,False
REGIROCK,True,True,True,True,True,False,False
REGISTEEL,True,True,True,True,True,False,False
RELICANTH,True,True,True,True,True,False,False
RELICANTH_MEGA,True,True,True,True,True,False,True
RELLOR,True,True,True,True,True,False,False
REMORAID,True,True,True,True,True,False,False
RESHIRAM,True,True,True,True,True,False,False
REUNICLUS,True,True,True,True,True,False,False
REUNICLUS_MEGA,True,True,True,True,True,False,True
REUNICLUS_REDUX,True,True,True,True,True,True,False
REUNICLUS_REDUX_MEGA,True,True,True,True,True,True,True
REVAVROOM,True,True,True,True,True,False,False
REXCADRILL,True,True,True,True,True,False,False
RHYDON,True,True,True,True,True,False,False
RHYHORN,True,True,True,True,True,False,False
RHYPERIOR,True,True,True,True,True,False,False
RIBOMBEE,True,True,True,True,True,False,False
RIBOMBEE_MEGA,True,True,True,True,True,False,True
RIBOMBEE_REDUX,True,True,True,True,True,True,False
RIBOMBEE_REDUX_MEGA,True,True,True,True,True,True,True
RILLABOOM,True,True,True,True,True,False,False
RILLABOOM_MEGA,True,True,True,True,True,False,True
RIOLU,True,True,True,True,True,False,False
ROARING_MOON,True,True,True,True,True,False,False
ROCKRUFF,True,True,True,True,True,False,False
ROCKRUFF_OWN_TEMPO,True,True,True,True,True,False,False
ROGGENROLA,True,True,True,True,True,False,False
ROLYCOLY,True,True,True,True,True,False,False
ROOKIDEE,True,True,True,True,True,False,False
ROSELIA,True,True,True,True,True,False,False
ROSERADE,True,True,True,True,True,False,False
ROSERADE_MEGA,True,True,True,True,True,False,True
ROTOM,True,True,True,True,True,False,False
ROTOM_FAN,True,True,True,True,True,False,False
ROTOM_FROST,True,True,True,True,True,False,False
ROTOM_HEAT,True,True,True,True,True,False,False
ROTOM_MOW,True,True,True,True,True,False,False
ROTOM_WASH,True,True,True,True,True,False,False
ROWLET,True,True,True,True,True,False,False
RUFFLET,True,True,True,True,True,False,False
RUNERIGUS,True,True,True,True,True,False,False
SABLEYE,True,True,True,True,True,False,False
SABLEYE_MEGA,True,True,True,True,True,False,True
SABLEYE_MEGA_REDUX,True,True,True,True,True,True,True
SABLEYE_REDUX,True,True,True,True,True,True,False
SAGARACAS,True,True,True,True,True,False,False
SALAMENCE,True,True,True,True,True,False,False
SALAMENCE_MEGA,True,True,True,True,True,False,True
SALANDIT,True,True,True,True,True,False,False
SALAZARUS,True,True,True,True,True,False,False
SALAZZLE,True,True,True,True,True,False,False
SAMUROTT,True,True,True,True,True,False,False
SAMUROTT_HISUIAN,True,True,True,True,True,False,False
SAMUROTT_HISUIAN_MEGA,True,True,True,True,True,False,True
SAMUROTT_MEGA,True,True,True,True,True,False,True
SANDACONDA,True,True,True,True,True,False,False
SANDACONDA_MEGA,True,True,True,True,True,False,True
SANDILE,True,True,True,True,True,False,False
SANDSHREW,True,True,True,True,True,False,False
SANDSHREW_ALOLAN,True,True,True,True,True,False,False
SANDSLASH,True,True,True,True,True,False,False
SANDSLASH_ALOLAN,True,True,True,True,True,False,False
SANDSLASH_ALOLAN_MEGA,True,True,True,True,True,False,True
SANDSLASH_MEGA,True,True,True,True,True,False,True
SANDYGAST,True,True,True,True,True,False,False
SANDY_SHOCKS,True,True,True,True,True,False,False
SAWK,True,True,True,True,True,False,False
SAWK_REDUX,True,True,True,True,True,True,False
SAWSBUCK,True,True,True,True,True,False,False
SAWSBUCK_AUTUMN,True,True,True,True,True,False,False
SAWSBUCK_SUMMER,True,True,True,True,True,False,False
SAWSBUCK_WINTER,True,True,True,True,True,False,False
SCATTERBUG,True,True,True,True,True,False,False
SCEPTILE,True,True,True,True,True,False,False
SCEPTILE_MEGA,True,True,True,True,True,False,True
SCIZOR,True,True,True,True,True,False,False
SCIZOR_MEGA,True,True,True,True,True,False,True
SCIZOR_REDUX,True,True,True,True,True,True,False
SCIZOR_REDUX_MEGA,True,True,True,True,True,True,True
SCOLIPEDE,True,True,True,True,True,False,False
SCOLIPEDE_MEGA,True,True,True,True,True,False,True
SCORBUNNY,True,True,True,True,True,False,False
SCOVILLAIN,True,True,True,True,True,False,False
SCOVILLAIN_MEGA,True,True,True,True,True,False,True
SCRAFSTER,True,True,True,True,True,False,False
SCRAFTY,True,True,True,True,True,False,False
SCRAFTY_MEGA,True,True,True,True,True,False,True
SCRAGGY,True,True,True,True,True,False,False
SCREAM_TAIL,True,True,True,True,True,False,False
SCYTHER,True,True,True,True,True,False,False
SCYTHER_MEGA,True,True,True,True,True,False,True
SCYTHER_REDUX,True,True,True,True,True,True,False
SCYTHER_REDUX_MEGA,True,True,True,True,True,True,True
SEADRA,True,True,True,True,True,False,False
SEAKING,True,True,True,True,True,False,False
SEALEO,True,True,True,True,True,False,False
SEEDOT,True,True,True,True,True,False,False
SEEL,True,True,True,True,True,False,False
SEEL_REDUX,True,True,True,True,True,True,False
SEERKAT,True,True,True,True,True,False,False
SEISMITOAD,True,True,True,True,True,False,False
SELENUMBRA,True,True,True,True,True,False,False
SENTRET,True,True,True,True,True,False,False
SERPERIOR,True,True,True,True,True,False,False
SERPERIOR_MEGA,True,True,True,True,True,False,True
SERVINE,True,True,True,True,True,False,False
SEVIPER,True,True,True,True,True,False,False
SEWADDLE,True,True,True,True,True,False,False
SHARPEDO,True,True,True,True,True,False,False
SHARPEDO_MEGA,True,True,True,True,True,False,True
SHAYMIN,True,True,True,True,True,False,False
SHAYMIN_SKY,True,True,True,True,True,False,False
SHEDINJA,True,True,True,True,True,False,False
SHEDINJA_MEGA,True,True,True,True,True,False,True
SHELGON,True,True,True,True,True,False,False
SHELLDER,True,True,True,True,True,False,False
SHELLOS,True,True,True,True,True,False,False
SHELLOS_EAST_SEA,True,True,True,True,True,False,False
SHELMET,True,True,True,True,True,False,False
SHIELDON,True,True,True,True,True,False,False
SHIFTRY,True,True,True,True,True,False,False
SHIINOTIC,True,True,True,True,True,False,False
SHINX,True,True,True,True,True,False,False
SHINX_REDUX,True,True,True,True,True,True,False
SHROODLE,True,True,True,True,True,False,False
SHROOMISH,True,True,True,True,True,False,False
SHUCKLE,True,True,True,True,True,False,False
SHUCKLE_MEGA,True,True,True,True,True,False,True
SHUPPET,True,True,True,True,True,False,False
SHYDUCK,True,True,True,True,True,False,False
SIGILYPH,True,True,True,True,True,False,False
SILCOON,True,True,True,True,True,False,False
SILICOBRA,True,True,True,True,True,False,False
SILVALLY,True,True,True,True,True,False,False
SILVALLY_BUG,True,True,True,True,True,False,False
SILVALLY_DARK,True,True,True,True,True,False,False
SILVALLY_DRAGON,True,True,True,True,True,False,False
SILVALLY_ELECTRIC,True,True,True,True,True,False,False
SILVALLY_FAIRY,True,True,True,True,True,False,False
SILVALLY_FIGHTING,True,True,True,True,True,False,False
SILVALLY_FIRE,True,True,True,True,True,False,False
SILVALLY_FLYING,True,True,True,True,True,False,False
SILVALLY_GHOST,True,True,True,True,True,False,False
SILVALLY_GRASS,True,True,True,True,True,False,False
SILVALLY_GROUND,True,True,True,True,True,False,False
SILVALLY_ICE,True,True,True,True,True,False,False
SILVALLY_POISON,True,True,True,True,True,False,False
SILVALLY_PSYCHIC,True,True,True,True,True,False,False
SILVALLY_ROCK,True,True,True,True,True,False,False
SILVALLY_STEEL,True,True,True,True,True,False,False
SILVALLY_WATER,True,True,True,True,True,False,False
SIMIPOUR,True,True,True,True,True,False,False
SIMIPOUR_REDUX,True,True,True,True,True,True,False
SIMISAGE,True,True,True,True,True,False,False
SIMISAGE_REDUX,True,True,True,True,True,True,False
SIMISEAR,True,True,True,True,True,False,False
SIMISEAR_REDUX,True,True,True,True,True,True,False
SINISTCHA,True,True,True,True,True,False,False
SINISTEA,True,True,True,True,True,False,False
SINISTEA_ANTIQUE,True,True,True,True,True,False,False
SINISTEA_REDUX,True,True,True,True,True,True,False
SIRFETCHD,True,True,True,True,True,False,False
SIZZLIPEDE,True,True,True,True,True,False,False
SKARMORY,True,True,True,True,True,False,False
SKARMORY_MEGA,True,True,True,True,True,False,True
SKARMORY_MEGA_REDUX,True,True,True,True,True,True,True
SKARMORY_MEGA_Y,True,True,True,True,True,False,True
SKARMORY_REDUX,True,True,True,True,True,True,False
SKELEDIRGE,True,True,True,True,True,False,False
SKELEDIRGE_MEGA,True,True,True,True,True,False,True
SKIDDO,True,True,True,True,True,False,False
SKIPLOOM,True,True,True,True,True,False,False
SKITTY,True,True,True,True,True,False,False
SKORUPI,True,True,True,True,True,False,False
SKRELP,True,True,True,True,True,False,False
SKULBERUS,True,True,True,True,True,False,False
SKUNTANK,True,True,True,True,True,False,False
SKWOVET,True,True,True,True,True,False,False
SLAKING,True,True,True,True,True,False,False
SLAKING_MEGA,True,True,True,True,True,False,True
SLAKING_MEGA_APE_SHIFT,True,True,True,True,True,False,True
SLAKOTH,True,True,True,True,True,False,False
SLATE,True,True,True,True,True,False,False
SLIGGOO,True,True,True,True,True,False,False
SLIGGOO_HISUIAN,True,True,True,True,True,False,False
SLITHER_WING,True,True,True,True,True,False,False
SLOWBRO,True,True,True,True,True,False,False
SLOWBRO_GALARIAN,True,True,True,True,True,False,False
SLOWBRO_MEGA,True,True,True,True,True,False,True
SLOWBRO_MEGA_GALARIAN,True,True,True,True,True,False,True
SLOWKING,True,True,True,True,True,False,False
SLOWKING_GALARIAN,True,True,True,True,True,False,False
SLOWKING_MEGA,True,True,True,True,True,False,True
SLOWKING_MEGA_GALARIAN,True,True,True,True,True,False,True
SLOWPOKE,True,True,True,True,True,False,False
SLOWPOKE_GALARIAN,True,True,True,True,True,False,False
SLUGMA,True,True,True,True,True,False,False
SLUGMA_REDUX,True,True,True,True,True,True,False
SLURPUFF,True,True,True,True,True,False,False
SLYDUCK,True,True,True,True,True,False,False
SMEARGLE,True,True,True,True,True,False,False
SMOLIV,True,True,True,True,True,False,False
SMOOCHUM,True,True,True,True,True,False,False
SNEASEL,True,True,True,True,True,False,False
SNEASEL_HISUIAN,True,True,True,True,True,False,False
SNEASLER,True,True,True,True,True,False,False
SNEASLER_MEGA,True,True,True,True,True,False,True
SNIVY,True,True,True,True,True,False,False
SNOM,True,True,True,True,True,False,False
SNORLAX,True,True,True,True,True,False,False
SNORLAX_MEGA,True,True,True,True,True,False,True
SNORLAX_PRIMAL,True,True,True,True,True,False,False
SNORLAX_REDUX,True,True,True,True,True,True,False
SNORLAX_REDUX_MEGA,True,True,True,True,True,True,True
SNORUNT,True,True,True,True,True,False,False
SNORUNT_REDUX,True,True,True,True,True,True,False
SNOVER,True,True,True,True,True,False,False
SNUBBULL,True,True,True,True,True,False,False
SOBBLE,True,True,True,True,True,False,False
SOLGALEO,True,True,True,True,True,False,False
SOLOSIS,True,True,True,True,True,False,False
SOLOSIS_REDUX,True,True,True,True,True,True,False
SOLROCK,True,True,True,True,True,False,False
SOLROCK_SYSTEM,True,True,True,True,True,False,False
SOPRANICE,True,True,True,True,True,False,False
SPEAROW,True,True,True,True,True,False,False
SPEAROW_REDUX,True,True,True,True,True,True,False
SPECTRIER,True,True,True,True,True,False,False
SPECTRIER_CLOUD,True,True,True,True,True,False,False
SPEWPA,True,True,True,True,True,False,False
SPHEAL,True,True,True,True,True,False,False
SPIDOPS,True,True,True,True,True,False,False
SPINARAK,True,True,True,True,True,False,False
SPINDA,True,True,True,True,True,False,False
SPINDAZE,True,True,True,True,True,False,False
SPIRITOMB,True,True,True,True,True,False,False
SPIRITOMB_REDUX,True,True,True,True,True,True,False
SPOINK,True,True,True,True,True,False,False
SPRIGATITO,True,True,True,True,True,False,False
SPRITZEE,True,True,True,True,True,False,False
SQUAWKABILLY,True,True,True,True,True,False,False
SQUAWKABILLY_BLUE_PLUMAGE,True,True,True,True,True,False,False
SQUAWKABILLY_GREEN_PLUMAGE,True,True,True,True,True,False,False
SQUAWKABILLY_WHITE_PLUMAGE,True,True,True,True,True,False,False
SQUAWKABILLY_YELLOW_PLUMAGE,True,True,True,True,True,False,False
SQUIRTLE,True,True,True,True,True,False,False
STAKATAKA,True,True,True,True,True,False,False
STANTLER,True,True,True,True,True,False,False
STARAPTOR,True,True,True,True,True,False,False
STARAPTOR_MEGA,True,True,True,True,True,False,True
STARAVIA,True,True,True,True,True,False,False
STARLY,True,True,True,True,True,False,False
STARMIE,True,True,True,True,True,False,False
STARMIE_MEGA,True,True,True,True,True,False,True
STARYU,True,True,True,True,True,False,False
STEELIX,True,True,True,True,True,False,False
STEELIX_MEGA,True,True,True,True,True,False,True
STEENEE,True,True,True,True,True,False,False
STEENEE_REDUX,True,True,True,True,True,True,False
STEVE,True,True,True,True,True,False,False
STEVE_REAL,True,True,True,True,True,False,False
STONJOURNER,True,True,True,True,True,False,False
STORMING,True,True,True,True,True,False,False
STOUTLAND,True,True,True,True,True,False,False
STUFFUL,True,True,True,True,True,False,False
STUFFUL_REDUX,True,True,True,True,True,True,False
STUNFISK,True,True,True,True,True,False,False
STUNFISK_GALARIAN,True,True,True,True,True,False,False
STUNKY,True,True,True,True,True,False,False
SUDOWOODO,True,True,True,True,True,False,False
SUICUNE,True,True,True,True,True,False,False
SUNFLORA,True,True,True,True,True,False,False
SUNKERN,True,True,True,True,True,False,False
SURSKIT,True,True,True,True,True,False,False
SWABLU,True,True,True,True,True,False,False
SWABLU_REDUX,True,True,True,True,True,True,False
SWADLOON,True,True,True,True,True,False,False
SWALOT,True,True,True,True,True,False,False
SWALOT_MEGA,True,True,True,True,True,False,True
SWAMPAGE,True,True,True,True,True,False,False
SWAMPAGE_MEGA,True,True,True,True,True,False,True
SWAMPERT,True,True,True,True,True,False,False
SWAMPERT_MEGA,True,True,True,True,True,False,True
SWANNA,True,True,True,True,True,False,False
SWELLOW,True,True,True,True,True,False,False
SWINUB,True,True,True,True,True,False,False
SWINUB_REDUX,True,True,True,True,True,True,False
SWIRLIX,True,True,True,True,True,False,False
SWOOBAT,True,True,True,True,True,False,False
SYLVEON,True,True,True,True,True,False,False
TADBULB,True,True,True,True,True,False,False
TAILLOW,True,True,True,True,True,False,False
TALONFLAME,True,True,True,True,True,False,False
TALONFLAME_MEGA,True,True,True,True,True,False,True
TANDEMAUS,True,True,True,True,True,False,False
TANGELA,True,True,True,True,True,False,False
TANGROWTH,True,True,True,True,True,False,False
TAPU_BULU,True,True,True,True,True,False,False
TAPU_FINI,True,True,True,True,True,False,False
TAPU_KOKO,True,True,True,True,True,False,False
TAPU_LELE,True,True,True,True,True,False,False
TAROUNTULA,True,True,True,True,True,False,False
TATSUGIRI,True,True,True,True,True,False,False
TATSUGIRI_CURLY,True,True,True,True,True,False,False
TATSUGIRI_DROOPY,True,True,True,True,True,False,False
TATSUGIRI_MEGA,True,True,True,True,True,False,True
TATSUGIRI_STRETCHY,True,True,True,True,True,False,False
TAUROS,True,True,True,True,True,False,False
TAUROS_PALDEAN_AQUA_BREED,True,True,True,True,True,False,False
TAUROS_PALDEAN_BLAZE_BREED,True,True,True,True,True,False,False
TAUROS_PALDEAN_COMBAT_BREED,True,True,True,True,True,False,False
TEDDIURSA,True,True,True,True,True,False,False
TENTACOOL,True,True,True,True,True,False,False
TENTACRUEL,True,True,True,True,True,False,False
TENTAGREWL,True,True,True,True,True,False,False
TEPIG,True,True,True,True,True,False,False
TERAPAGOS,True,True,True,True,True,False,False
TERAPAGOS_STELLAR,True,True,True,True,True,False,False
TERRAKION,True,True,True,True,True,False,False
THIEVUL,True,True,True,True,True,False,False
THROH,True,True,True,True,True,False,False
THROH_REDUX,True,True,True,True,True,True,False
THUNDURUS,True,True,True,True,True,False,False
THUNDURUS_THERIAN,True,True,True,True,True,False,False
THWACKEY,True,True,True,True,True,False,False
TIMBURR,True,True,True,True,True,False,False
TING_LU,True,True,True,True,True,False,False
TINKATINK,True,True,True,True,True,False,False
TINKATINK_REDUX,True,True,True,True,True,True,False
TINKATON,True,True,True,True,True,False,False
TINKATON_MEGA,True,True,True,True,True,False,True
TINKATON_REDUX,True,True,True,True,True,True,False
TINKATON_REDUX_MEGA,True,True,True,True,True,True,True
TINKATUFF,True,True,True,True,True,False,False
TINKATUFF_REDUX,True,True,True,True,True,True,False
TIRTOUGA,True,True,True,True,True,False,False
TOEDSCOOL,True,True,True,True,True,False,False
TOEDSCRUEL,True,True,True,True,True,False,False
TOGEDEMARU,True,True,True,True,True,False,False
TOGEKISS,True,True,True,True,True,False,False
TOGEPI,True,True,True,True,True,False,False
TOGETIC,True,True,True,True,True,False,False
TORCHIC,True,True,True,True,True,False,False
TORKOAL,True,True,True,True,True,False,False
TORNADUS,True,True,True,True,True,False,False
TORNADUS_THERIAN,True,True,True,True,True,False,False
TORRACAT,True,True,True,True,True,False,False
TORRENTULA,True,True,True,True,True,False,False
TORTEMPLE,True,True,True,True,True,False,False
TORTERRA,True,True,True,True,True,False,False
TORTERRA_MEGA,True,True,True,True,True,False,True
TORTERRA_REDUX,True,True,True,True,True,True,False
TORTERRA_REDUX_MEGA,True,True,True,True,True,True,True
TOTODILE,True,True,True,True,True,False,False
TOUCANNON,True,True,True,True,True,False,False
TOUCANNON_MEGA,True,True,True,True,True,False,True
TOXAPEX,True,True,True,True,True,False,False
TOXEL,True,True,True,True,True,False,False
TOXEL_REDUX,True,True,True,True,True,True,False
TOXICROAK,True,True,True,True,True,False,False
TOXTRICITY,True,True,True,True,True,False,False
TOXTRICITY_LOW_KEY,True,True,True,True,True,False,False
TOXTRICITY_MEGA,True,True,True,True,True,False,True
TOXTRICITY_REDUX,True,True,True,True,True,True,False
TOXTRICITY_REDUX_FUZZ,True,True,True,True,True,True,False
TOXTRICITY_REDUX_FUZZ_MEGA,True,True,True,True,True,True,True
TOXTRICITY_REDUX_MEGA,True,True,True,True,True,True,True
TRANQUILL,True,True,True,True,True,False,False
TRAPINCH,True,True,True,True,True,False,False
TRAPINCH_REDUX,True,True,True,True,True,True,False
TREECKO,True,True,True,True,True,False,False
TREVENANT,True,True,True,True,True,False,False
TROPIUS,True,True,True,True,True,False,False
TRUBBISH,True,True,True,True,True,False,False
TRUMBEAK,True,True,True,True,True,False,False
TSAREENA,True,True,True,True,True,False,False
TSAREENA_MEGA,True,True,True,True,True,False,True
TSAREENA_REDUX,True,True,True,True,True,True,False
TSAREENA_REDUX_MEGA,True,True,True,True,True,True,True
TURTONATOR,True,True,True,True,True,False,False
TURTWIG,True,True,True,True,True,False,False
TURTWIG_REDUX,True,True,True,True,True,True,False
TYMPOLE,True,True,True,True,True,False,False
TYNAMO,True,True,True,True,True,False,False
TYPE_NULL,True,True,True,True,True,False,False
TYPHLOSION,True,True,True,True,True,False,False
TYPHLOSION_HISUIAN,True,True,True,True,True,False,False
TYPHLOSION_HISUIAN_MEGA,True,True,True,True,True,False,True
TYPHLOSION_MEGA,True,True,True,True,True,False,True
TYRANITAR,True,True,True,True,True,False,False
TYRANITAR_MEGA,True,True,True,True,True,False,True
TYRANITAR_MEGA_REDUX,True,True,True,True,True,True,True
TYRANITAR_REDUX,True,True,True,True,True,True,False
TYRANJOULA,True,True,True,True,True,False,False
TYRANTRUM,True,True,True,True,True,False,False
TYROGUE,True,True,True,True,True,False,False
TYRUNT,True,True,True,True,True,False,False
UMBREON,True,True,True,True,True,False,False
UNFEZANT,True,True,True,True,True,False,False
UNOWN,True,True,True,True,True,False,False
UNOWN_B,True,True,True,True,True,False,False
UNOWN_C,True,True,True,True,True,False,False
UNOWN_D,True,True,True,True,True,False,False
UNOWN_E,True,True,True,True,True,False,False
UNOWN_EMARK,True,True,True,True,True,False,False
UNOWN_F,True,True,True,True,True,False,False
UNOWN_G,True,True,True,True,True,False,False
UNOWN_H,True,True,True,True,True,False,False
UNOWN_I,True,True,True,True,True,False,False
UNOWN_J,True,True,True,True,True,False,False
UNOWN_K,True,True,True,True,True,False,False
UNOWN_L,True,True,True,True,True,False,False
UNOWN_M,True,True,True,True,True,False,False
UNOWN_N,True,True,True,True,True,False,False
UNOWN_O,True,True,True,True,True,False,False
UNOWN_P,True,True,True,True,True,False,False
UNOWN_Q,True,True,True,True,True,False,False
UNOWN_QMARK,True,True,True,True,True,False,False
UNOWN_R,True,True,True,True,True,False,False
UNOWN_REVELATION,True,True,True,True,True,False,False
UNOWN_REVELATION_shiny,True,False,False,False,False,False,False
UNOWN_S,True,True,True,True,True,False,False
UNOWN_T,True,True,True,True,True,False,False
UNOWN_U,True,True,True,True,True,False,False
UNOWN_V,True,True,True,True,True,False,False
UNOWN_W,True,True,True,True,True,False,False
UNOWN_X,True,True,True,True,True,False,False
UNOWN_Y,True,True,True,True,True,False,False
UNOWN_Z,True,True,True,True,True,False,False
URSALUNA,True,True,True,True,True,False,False
URSALUNA_BLOODMOON,True,True,True,True,True,False,False
URSALUNA_MEGA,True,True,True,True,True,False,True
URSARING,True,True,True,True,True,False,False
URSHIFU,True,True,True,True,True,False,False
URSHIFU_MEGA,True,True,True,True,True,False,True
URSHIFU_RAPID_STRIKE_STYLE,True,True,True,True,True,False,False
URSHIFU_RAPID_STRIKE_STYLE_MEGA,True,True,True,True,True,False,True
UXIE,True,True,True,True,True,False,False
UXIE_REDUX,True,True,True,True,True,True,False
VANILLISH,True,True,True,True,True,False,False
VANILLISH_REDUX,True,True,True,True,True,True,False
VANILLITE,True,True,True,True,True,False,False
VANILLITE_REDUX,True,True,True,True,True,True,False
VANILLUXE,True,True,True,True,True,False,False
VANILLUXE_MEGA,True,True,True,True,True,False,True
VANILLUXE_REDUX,True,True,True,True,True,True,False
VANILLUXE_REDUX_MEGA,True,True,True,True,True,True,True
VAPOREON,True,True,True,True,True,False,False
VAROOM,True,True,True,True,True,False,False
VELOZEL,True,True,True,True,True,False,False
VELUZA,True,True,True,True,True,False,False
VENIPEDE,True,True,True,True,True,False,False
VENOMOTH,True,True,True,True,True,False,False
VENONAT,True,True,True,True,True,False,False
VENUSAUR,True,True,True,True,True,False,False
VENUSAUR_MEGA,True,True,True,True,True,False,True
VENUSAUR_MEGA_X,True,True,True,True,True,False,True
VESPIQUEN,True,True,True,True,True,False,False
VIBRAVA,True,True,True,True,True,False,False
VIBRAVA_REDUX,True,True,True,True,True,True,False
VICTINI,True,True,True,True,True,False,False
VICTINI_PRIMAL,True,True,True,True,True,False,False
VICTREEBEL,True,True,True,True,True,False,False
VICTREEBEL_MEGA,True,True,True,True,True,False,True
VICTREEBEL_REDUX,True,True,True,True,True,True,False
VIGOROTH,True,True,True,True,True,False,False
VIKAVOLT,True,True,True,True,True,False,False
VILEPLUME,True,True,True,True,True,False,False
VIRIZION,True,True,True,True,True,False,False
VIVILLON,True,True,True,True,True,False,False
VIVILLON_ARCHIPELAGO,True,True,True,True,True,False,False
VIVILLON_CONTINENTAL,True,True,True,True,True,False,False
VIVILLON_ELEGANT,True,True,True,True,True,False,False
VIVILLON_FANCY,True,True,True,True,True,False,False
VIVILLON_GARDEN,True,True,True,True,True,False,False
VIVILLON_HIGH_PLAINS,True,True,True,True,True,False,False
VIVILLON_JUNGLE,True,True,True,True,True,False,False
VIVILLON_MARINE,True,True,True,True,True,False,False
VIVILLON_MEADOW,True,True,True,True,True,False,False
VIVILLON_MODERN,True,True,True,True,True,False,False
VIVILLON_MONSOON,True,True,True,True,True,False,False
VIVILLON_OCEAN,True,True,True,True,True,False,False
VIVILLON_POKE_BALL,True,True,True,True,True,False,False
VIVILLON_POLAR,True,True,True,True,True,False,False
VIVILLON_RIVER,True,True,True,True,True,False,False
VIVILLON_SANDSTORM,True,True,True,True,True,False,False
VIVILLON_SAVANNA,True,True,True,True,True,False,False
VIVILLON_SUN,True,True,True,True,True,False,False
VIVILLON_TUNDRA,True,True,True,True,True,False,False
VOLBEAT,True,True,True,True,True,False,False
VOLCANION,True,True,True,True,True,False,False
VOLCARONA,True,True,True,True,True,False,False
VOLCARONA_REDUX,True,True,True,True,True,True,False
VOLTORB,True,True,True,True,True,False,False
VOLTORB_HISUIAN,True,True,True,True,True,False,False
VULLABY,True,True,True,True,True,False,False
VULPIX,True,True,True,True,True,False,False
VULPIX_ALOLAN,True,True,True,True,True,False,False
WAILMER,True,True,True,True,True,False,False
WAILORD,True,True,True,True,True,False,False
WALKING_WAKE,True,True,True,True,True,False,False
WALREIN,True,True,True,True,True,False,False
WARTORTLE,True,True,True,True,True,False,False
WATCHOG,True,True,True,True,True,False,False
WATTREL,True,True,True,True,True,False,False
WEAVILE,True,True,True,True,True,False,False
WEAVILE_MEGA,True,True,True,True,True,False,True
WEAVILE_REDUX,True,True,True,True,True,True,False
WEAVILE_REDUX_MEGA,True,True,True,True,True,True,True
WEEDLE,True,True,True,True,True,False,False
WEEDLE_REDUX,True,True,True,True,True,True,False
WEEPINBELL,True,True,True,True,True,False,False
WEEPINBELL_REDUX,True,True,True,True,True,True,False
WEEZING,True,True,True,True,True,False,False
WEEZING_GALARIAN,True,True,True,True,True,False,False
WHIMSICOTT,True,True,True,True,True,False,False
WHIRLIPEDE,True,True,True,True,True,False,False
WHISCASH,True,True,True,True,True,False,False
WHISMUR,True,True,True,True,True,False,False
WHISMUR_REDUX,True,True,True,True,True,True,False
WIGGLYTUFF,True,True,True,True,True,False,False
WIGGLYTUFF_APEX,True,True,True,True,True,False,False
WIGGLYTUFF_MEGA,True,True,True,True,True,False,True
WIGGLYTUFF_MEGA_X,True,True,True,True,True,False,True
WIGGLYTUFF_PRIMAL,True,True,True,True,True,False,False
WIGLETT,True,True,True,True,True,False,False
WIMPOD,True,True,True,True,True,False,False
WINGULL,True,True,True,True,True,False,False
WISHIWASHI,True,True,True,True,True,False,False
WISHIWASHI_SCHOOL,True,True,True,True,True,False,False
WISPYWASPY,True,True,True,True,True,False,False
WISPYWASPY_HIVEMIND,True,True,True,True,True,False,False
WOBBUFFET,True,True,True,True,True,False,False
WOOBAT,True,True,True,True,True,False,False
WOOLOO,True,True,True,True,True,False,False
WOOLY_WORM,True,True,True,True,True,False,False
WOOPER,True,True,True,True,True,False,False
WOOPER_PALDEAN,True,True,True,True,True,False,False
WORMADAM,True,True,True,True,True,False,False
WORMADAM_SANDY_CLOAK,True,True,True,True,True,False,False
WORMADAM_TRASH_CLOAK,True,True,True,True,True,False,False
WO_CHIEN,True,True,True,True,True,False,False
WUGTRIO,True,True,True,True,True,False,False
WURMPLE,True,True,True,True,True,False,False
WYNAUT,True,True,True,True,True,False,False
WYRDEER,True,True,True,True,True,False,False
XATU,True,True,True,True,True,False,False
XERNEAS,True,True,True,True,True,False,False
XERNEAS_ACTIVE,True,True,True,True,True,False,False
XURKITREE,True,True,True,True,True,False,False
YAMASK,True,True,True,True,True,False,False
YAMASK_GALARIAN,True,True,True,True,True,False,False
YAMPER,True,True,True,True,True,False,False
YANMA,True,True,True,True,True,False,False
YANMEGA,True,True,True,True,True,False,True
YUNGOOS,True,True,True,True,True,False,False
YVELTAL,True,True,True,True,True,False,False
YVELTAL_MEGA,True,True,True,True,True,False,True
ZACIAN,True,True,True,True,True,False,False
ZACIAN_CROWNED_SWORD,True,True,True,True,True,False,False
ZAMAZENTA,True,True,True,True,True,False,False
ZAMAZENTA_CROWNED_SHIELD,True,True,True,True,True,False,False
ZANGOOSE,True,True,True,True,True,False,False
ZAPDOS,True,True,True,True,True,False,False
ZAPDOS_EX,True,True,True,True,True,False,False
ZAPDOS_EX_MEGA,True,True,True,True,True,False,True
ZAPDOS_GALARIAN,True,True,True,True,True,False,False
ZARUDE,True,True,True,True,True,False,False
ZARUDE_DADA,True,True,True,True,True,False,False
ZEBSTRIKA,True,True,True,True,True,False,False
ZEKROM,True,True,True,True,True,False,False
ZERAORA,True,True,True,True,True,False,False
ZERAORA_MEGA,True,True,True,True,True,False,True
ZIGZAGOON,True,True,True,True,True,False,False
ZIGZAGOON_GALARIAN,True,True,True,True,True,False,False
ZOROARK,True,True,True,True,True,False,False
ZOROARK_HISUIAN,True,True,True,True,True,False,False
ZORUA,True,True,True,True,True,False,False
ZORUA_HISUIAN,True,True,True,True,True,False,False
ZUBAT,True,True,True,True,True,False,False
ZWEILOUS,True,True,True,True,True,False,False
ZWEILOUS_REDUX,True,True,True,True,True,True,False
ZYGARDE,True,True,True,True,True,False,False
ZYGARDE_10,True,True,True,True,True,False,False
ZYGARDE_10_POWER_CONSTRUCT,True,True,True,True,True,False,False
ZYGARDE_50_POWER_CONSTRUCT,True,True,True,True,True,False,False
ZYGARDE_COMPLETE,True,True,True,True,True,False,False
ZYGARDE_COMPLETE_MEGA,True,True,True,True,True,False,True
