source_family,catalog_id,identity,species,form_variant,type1,type2,source_png_count,converted_views,complete_4_view,repaired_corrupt_pngs,original_sizes,already_in_current_mercury_converted_pool,audit_action,existing_evidence,source_views,polished_views,design_class,pure_recolor_of_vanilla,vanilla_match,polish_notes
Reborn_Plates,CPF-0026,abra_alternate_form_1,Abra,Abra — Alternate (Form 1),Psychic,Steel,2,back.png;front.png,NO,0,160x160;192x192,NO,NEW_CANDIDATE_IMPORT,,back|front,back|front,ACTUAL_DESIGN__SOURCE_GBA_ART_PRESERVED,False,,2x source de-scaled
Reborn_Plates,CPF-0027,abra_alternate_form_2,Abra,Abra — Alternate (Form 2),Psychic,Ice,4,back-shiny.png;back.png;front-shiny.png;front.png,YES,1,160x160;192x192,NO,NEW_CANDIDATE_IMPORT,,back|back-shiny|front|front-shiny,back|back-shiny|front|front-shiny,ACTUAL_DESIGN__TECH_CLEANUP_APPLIED,False,,2x source de-scaled | palette reduced 17→15 | palette reduced 20→15
Reborn_Plates,CPF-0185,absol_alternate_form_2,Absol,Absol — Alternate (Form 2),Dark,Fairy,4,back-shiny.png;back.png;front-shiny.png;front.png,YES,0,160x160;192x192,NO,NEW_CANDIDATE_IMPORT,,back|back-shiny|front|front-shiny,back|back-shiny|front|front-shiny,PURE_RECOLOR_OF_VANILLA,True,DS_CUSTOM_LIBRARY/packs/DrPrettyman_DS_64x64/sprites-processed/front/absol.png,2x source de-scaled | palette reduced 34→15 | palette reduced 48→15
Reborn_Plates,CPF-0186,absol_alternate_mega_form_3,Absol,Absol — Alternate Mega (Form 3),Dark,Fairy,4,back-shiny.png;back.png;front-shiny.png;front.png,YES,0,192x192,NO,NEW_CANDIDATE_IMPORT,,back|back-shiny|front|front-shiny,back|back-shiny|front|front-shiny,ACTUAL_DESIGN__TECH_CLEANUP_APPLIED,False,,2x source de-scaled | nearest-neighbor fit to DS canvas | palette reduced 29→15 | palette reduced 35→15
Reborn_Plates,CPF-0078,aerodactyl_alternate_form_2,Aerodactyl,Aerodactyl — Alternate (Form 2),Dragon,Flying,4,back-shiny.png;back.png;front-shiny.png;front.png,YES,0,160x160;192x192,NO,NEW_CANDIDATE_IMPORT,,back|back-shiny|front|front-shiny,back|back-shiny|front|front-shiny,ACTUAL_DESIGN__TECH_CLEANUP_APPLIED,False,,2x source de-scaled | nearest-neighbor fit to DS canvas | palette reduced 16→15 | palette reduced 29→15 | palette reduced 33→15
Reborn_Plates,CPF-0079,aerodactyl_alternate_mega_form_3,Aerodactyl,Aerodactyl — Alternate Mega (Form 3),Dragon,Flying,4,back-shiny.png;back.png;front-shiny.png;front.png,YES,0,192x192,NO,NEW_CANDIDATE_IMPORT,,back|back-shiny|front|front-shiny,back|back-shiny|front|front-shiny,ACTUAL_DESIGN__TECH_CLEANUP_APPLIED,False,,2x source de-scaled | nearest-neighbor fit to DS canvas | palette reduced 18→15 | palette reduced 29→15 | palette reduced 30→15
Reborn_Plates,CPF-0029,alakazam_alternate_form_2,Alakazam,Alakazam — Alternate (Form 2),Psychic,Ice,4,back-shiny.png;back.png;front-shiny.png;front.png,YES,0,160x160;192x192,NO,NEW_CANDIDATE_IMPORT,,back|back-shiny|front|front-shiny,back|back-shiny|front|front-shiny,ACTUAL_DESIGN__TECH_CLEANUP_APPLIED,False,,2x source de-scaled | nearest-neighbor fit to DS canvas | palette reduced 17→15
Reborn_Plates,CPF-0030,alakazam_mega_alternate_form_3,Alakazam,Alakazam — Mega Alternate (Form 3),Psychic,Ice,4,back-shiny.png;back.png;front-shiny.png;front.png,YES,0,192x192,NO,NEW_CANDIDATE_IMPORT,,back|back-shiny|front|front-shiny,back|back-shiny|front|front-shiny,ACTUAL_DESIGN__TECH_CLEANUP_APPLIED,False,,2x source de-scaled | nearest-neighbor fit to DS canvas | palette reduced 19→15 | palette reduced 24→15 | palette reduced 25→15
Reborn_Plates,CPF-0180,anorith_alternate_form_1,Anorith,Anorith — Alternate (Form 1),Bug,,4,back-shiny.png;back.png;front-shiny.png;front.png,YES,0,160x160;192x192,NO,NEW_CANDIDATE_IMPORT,,back|back-shiny|front|front-shiny,back|back-shiny|front|front-shiny,ACTUAL_DESIGN__SOURCE_GBA_ART_PRESERVED,False,,2x source de-scaled
Reborn_Plates,CPF-0343,araquanid_alternate_form_1,Araquanid,Araquanid — Alternate (Form 1),Water,Steel,4,back-shiny.png;back.png;front-shiny.png;front.png,YES,0,192x192,NO,NEW_CANDIDATE_IMPORT,,back|back-shiny|front|front-shiny,back|back-shiny|front|front-shiny,ACTUAL_DESIGN__TECH_CLEANUP_APPLIED,False,,2x source de-scaled | nearest-neighbor fit to DS canvas | palette reduced 19→15 | palette reduced 24→15 | palette reduced 25→15
Reborn_Plates,CPF-0272,archen_alternate_form_1,Archen,Archen — Alternate (Form 1),Dragon,Flying,4,back-shiny.png;back.png;front-shiny.png;front.png,YES,0,192x192,NO,NEW_CANDIDATE_IMPORT,,back|back-shiny|front|front-shiny,back|back-shiny|front|front-shiny,ACTUAL_DESIGN__TECH_CLEANUP_APPLIED,False,,2x source de-scaled | palette reduced 18→15 | palette reduced 19→15
Reborn_Plates,CPF-0273,archeops_alternate_form_1,Archeops,Archeops — Alternate (Form 1),Dragon,Flying,4,back-shiny.png;back.png;front-shiny.png;front.png,YES,0,192x192,NO,NEW_CANDIDATE_IMPORT,,back|back-shiny|front|front-shiny,back|back-shiny|front|front-shiny,ACTUAL_DESIGN__TECH_CLEANUP_APPLIED,False,,2x source de-scaled | nearest-neighbor fit to DS canvas | palette reduced 21→15 | palette reduced 23→15
Reborn_Plates,CPF-0181,armaldo_alternate_form_1,Armaldo,Armaldo — Alternate (Form 1),Bug,,4,back-shiny.png;back.png;front-shiny.png;front.png,YES,0,160x160;192x192,NO,NEW_CANDIDATE_IMPORT,,back|back-shiny|front|front-shiny,back|back-shiny|front|front-shiny,ACTUAL_DESIGN__TECH_CLEANUP_APPLIED,False,,2x source de-scaled | nearest-neighbor fit to DS canvas | palette reduced 16→15
Reborn_Plates,CPF-0316,aromatisse_alternate_form_2,Aromatisse,Aromatisse — Alternate (Form 2),Fairy,Fire,4,back-shiny.png;back.png;front-shiny.png;front.png,YES,0,192x192,NO,NEW_CANDIDATE_IMPORT,,back|back-shiny|front|front-shiny,back|back-shiny|front|front-shiny,ACTUAL_DESIGN__TECH_CLEANUP_APPLIED,False,,2x source de-scaled | nearest-neighbor fit to DS canvas | palette reduced 23→15 | palette reduced 26→15
Reborn_Plates,CPF-0358,arrokuda_alternate_form_1,Arrokuda,Arrokuda — Alternate (Form 1),Water,Poison,4,back-shiny.png;back.png;front-shiny.png;front.png,YES,0,192x192,NO,NEW_CANDIDATE_IMPORT,,back|back-shiny|front|front-shiny,back|back-shiny|front|front-shiny,ACTUAL_DESIGN__TECH_CLEANUP_APPLIED,False,,2x source de-scaled | nearest-neighbor fit to DS canvas
Reborn_Plates,CPF-0187,bagon_alternate_form_2,Bagon,Bagon — Alternate (Form 2),Dragon,,4,back-shiny.png;back.png;front-shiny.png;front.png,YES,0,160x160;192x192,NO,NEW_CANDIDATE_IMPORT,,back|back-shiny|front|front-shiny,back|back-shiny|front|front-shiny,ACTUAL_DESIGN__TECH_CLEANUP_APPLIED,False,,2x source de-scaled | palette reduced 17→15 | palette reduced 21→15
Reborn_Plates,CPF-0176,baltoy_alternate_form_1,Baltoy,Baltoy — Alternate (Form 1),Rock,Psychic,4,back-shiny.png;back.png;front-shiny.png;front.png,YES,0,160x160;192x192,NO,NEW_CANDIDATE_IMPORT,,back|back-shiny|front|front-shiny,back|back-shiny|front|front-shiny,ACTUAL_DESIGN__SOURCE_GBA_ART_PRESERVED,False,,2x source de-scaled
Reborn_Plates,CPF-0317,barbaracle_alternate_form_1,Barbaracle,Barbaracle — Alternate (Form 1),Rock,Fighting,4,back-shiny.png;back.png;front-shiny.png;front.png,YES,0,192x192,NO,NEW_CANDIDATE_IMPORT,,back|back-shiny|front|front-shiny,back|back-shiny|front|front-shiny,ACTUAL_DESIGN__TECH_CLEANUP_APPLIED,False,,2x source de-scaled | nearest-neighbor fit to DS canvas
Reborn_Plates,CPF-0359,barraskewda_alternate_form_1,Barraskewda,Barraskewda — Alternate (Form 1),Water,Poison,4,back-shiny.png;back.png;front-shiny.png;front.png,YES,0,192x192,NO,NEW_CANDIDATE_IMPORT,,back|back-shiny|front|front-shiny,back|back-shiny|front|front-shiny,ACTUAL_DESIGN__TECH_CLEANUP_APPLIED,False,,2x source de-scaled | nearest-neighbor fit to DS canvas
Reborn_Plates,CPF-0204,bastiodon_alternate_form_1,Bastiodon,Bastiodon — Alternate (Form 1),Dragon,Steel,4,back-shiny.png;back.png;front-shiny.png;front.png,YES,0,160x160;192x192,NO,NEW_CANDIDATE_IMPORT,,back|back-shiny|front|front-shiny,back|back-shiny|front|front-shiny,ACTUAL_DESIGN__TECH_CLEANUP_APPLIED,False,,2x source de-scaled | nearest-neighbor fit to DS canvas | palette reduced 18→15
Reborn_Plates,CPF-0084,bayleef_bluetowel_alternate_form_form_1,Bayleef,Bayleef — BlueTowel Alternate form (Form 1),Grass,Normal,4,back-shiny.png;back.png;front-shiny.png;front.png,YES,0,160x160;192x192,NO,NEW_CANDIDATE_IMPORT,,back|back-shiny|front|front-shiny,back|back-shiny|front|front-shiny,ACTUAL_DESIGN__TECH_CLEANUP_APPLIED,False,,2x source de-scaled | palette reduced 18→15
Reborn_Plates,CPF-0005,beedrill_alternate_form_2,Beedrill,Beedrill — Alternate (Form 2),Bug,Ice,4,back-shiny.png;back.png;front-shiny.png;front.png,YES,0,160x160;192x192,NO,NEW_CANDIDATE_IMPORT,,back|back-shiny|front|front-shiny,back|back-shiny|front|front-shiny,ACTUAL_DESIGN__TECH_CLEANUP_APPLIED,False,,2x source de-scaled | palette reduced 16→15
Reborn_Plates,CPF-0006,beedrill_alternate_mega_form_3,Beedrill,Beedrill — Alternate Mega (Form 3),Bug,Ice,4,back-shiny.png;back.png;front-shiny.png;front.png,YES,0,192x192,NO,NEW_CANDIDATE_IMPORT,,back|back-shiny|front|front-shiny,back|back-shiny|front|front-shiny,ACTUAL_DESIGN__TECH_CLEANUP_APPLIED,False,,2x source de-scaled | nearest-neighbor fit to DS canvas | palette reduced 16→15 | palette reduced 18→15
Reborn_Plates,CPF-0300,bisharp_alternate_form_1,Bisharp,Bisharp — Alternate (Form 1),Psychic,Steel,4,back-shiny.png;back.png;front-shiny.png;front.png,YES,0,192x192,NO,NEW_CANDIDATE_IMPORT,,back|back-shiny|front|front-shiny,back|back-shiny|front|front-shiny,ACTUAL_DESIGN__TECH_CLEANUP_APPLIED,False,,2x source de-scaled | nearest-neighbor fit to DS canvas | palette reduced 18→15
Reborn_Plates,CPF-0143,blaziken_alternate_mega_form_2,Blaziken,Blaziken — Alternate / Mega (Form 2),Fire,Electric,4,back-shiny.png;back.png;front-shiny.png;front.png,YES,0,160x160;192x192,NO,NEW_CANDIDATE_IMPORT,,back|back-shiny|front|front-shiny,back|back-shiny|front|front-shiny,ACTUAL_DESIGN__TECH_CLEANUP_APPLIED,False,,2x source de-scaled | nearest-neighbor fit to DS canvas | palette reduced 16→15 | palette reduced 17→15 | palette reduced 19→15
Reborn_Plates,CPF-0144,blaziken_alternate_mega_form_3,Blaziken,Blaziken — Alternate / Mega (Form 3),Fire,Electric,4,back-shiny.png;back.png;front-shiny.png;front.png,YES,0,192x192,NO,NEW_CANDIDATE_IMPORT,,back|back-shiny|front|front-shiny,back|back-shiny|front|front-shiny,ACTUAL_DESIGN__TECH_CLEANUP_APPLIED,False,,2x source de-scaled | nearest-neighbor fit to DS canvas | palette reduced 18→15 | palette reduced 21→15
Reborn_Plates,CPF-0130,blissey_alternate_form_1,Blissey,Blissey — Alternate (Form 1),Fairy,,4,back-shiny.png;back.png;front-shiny.png;front.png,YES,0,160x160;192x192,NO,NEW_CANDIDATE_IMPORT,,back|back-shiny|front|front-shiny,back|back-shiny|front|front-shiny,ACTUAL_DESIGN__TECH_CLEANUP_APPLIED,False,,2x source de-scaled | palette reduced 16→15 | palette reduced 19→15
Reborn_Plates,CPF-0252,boldore_alternate_form_1,Boldore,Boldore — Alternate (Form 1),Rock,,4,back-shiny.png;back.png;front-shiny.png;front.png,YES,1,192x192,NO,NEW_CANDIDATE_IMPORT,,back|back-shiny|front|front-shiny,back|back-shiny|front|front-shiny,ACTUAL_DESIGN__SOURCE_GBA_ART_PRESERVED,False,,2x source de-scaled
Reborn_Plates,CPF-0152,breloom_alternate_form_2,Breloom,Breloom — Alternate (Form 2),Steel,Fighting,2,back.png;front.png,NO,0,160x160;192x192,NO,NEW_CANDIDATE_IMPORT,,back|front,back|front,ACTUAL_DESIGN__TECH_CLEANUP_APPLIED,False,,2x source de-scaled | palette reduced 20→15
Reborn_Plates,CPF-0208,buneary_alternate_form_2,Buneary,Buneary — Alternate (Form 2),Ice,,4,back-shiny.png;back.png;front-shiny.png;front.png,YES,1,160x160;192x192,NO,NEW_CANDIDATE_IMPORT,,back|back-shiny|front|front-shiny,back|back-shiny|front|front-shiny,ACTUAL_DESIGN__SOURCE_GBA_ART_PRESERVED,False,,2x source de-scaled
Reborn_Plates,CPF-0311,bunnelby_alternate_form_1,Bunnelby,Bunnelby — Alternate (Form 1),Fairy,Normal,4,back-shiny.png;back.png;front-shiny.png;front.png,YES,0,192x192,NO,NEW_CANDIDATE_IMPORT,,back|back-shiny|front|front-shiny,back|back-shiny|front|front-shiny,ACTUAL_DESIGN__TECH_CLEANUP_APPLIED,False,,2x source de-scaled | palette reduced 25→15 | palette reduced 29→15 | palette reduced 30→15 | palette reduced 31→15
Reborn_Plates,CPF-0165,camerupt_alternate_form_3,Camerupt,Camerupt — Alternate (Form 3),Fire,Ice,4,back-shiny.png;back.png;front-shiny.png;front.png,YES,0,160x160;192x192,NO,NEW_CANDIDATE_IMPORT,,back|back-shiny|front|front-shiny,back|back-shiny|front|front-shiny,ACTUAL_DESIGN__TECH_CLEANUP_APPLIED,False,,2x source de-scaled | nearest-neighbor fit to DS canvas
Reborn_Plates,CPF-0166,camerupt_mega_alternate_form_4,Camerupt,Camerupt — Mega Alternate (Form 4),Fire,Ice,3,back.png;front-shiny.png;front.png,NO,0,192x192,NO,NEW_CANDIDATE_IMPORT,,back|front|front-shiny,back|front|front-shiny,ACTUAL_DESIGN__TECH_CLEANUP_APPLIED,False,,2x source de-scaled | nearest-neighbor fit to DS canvas | palette reduced 18→15 | palette reduced 21→15 | palette reduced 22→15
Reborn_Plates,CPF-0224,carnivine_bluetowel_alternate_form_form_1,Carnivine,Carnivine — BlueTowel Alternate form (Form 1),Grass,Fire,4,back-shiny.png;back.png;front-shiny.png;front.png,YES,0,160x160;192x192,NO,NEW_CANDIDATE_IMPORT,,back|back-shiny|front|front-shiny,back|back-shiny|front|front-shiny,ACTUAL_DESIGN__TECH_CLEANUP_APPLIED,False,,2x source de-scaled | nearest-neighbor fit to DS canvas | palette reduced 17→15 | palette reduced 19→15
Reborn_Plates,CPF-0271,carracosta_alternate_form_1,Carracosta,Carracosta — Alternate (Form 1),Water,Rock,4,back-shiny.png;back.png;front-shiny.png;front.png,YES,1,192x192,NO,NEW_CANDIDATE_IMPORT,,back|back-shiny|front|front-shiny,back|back-shiny|front|front-shiny,ACTUAL_DESIGN__TECH_CLEANUP_APPLIED,False,,2x source de-scaled | nearest-neighbor fit to DS canvas
Reborn_Plates,CPF-0001,caterpie_alternate_form_1,Caterpie,Caterpie — Alternate (Form 1),Bug,,4,back-shiny.png;back.png;front-shiny.png;front.png,YES,0,160x160;192x192,NO,NEW_CANDIDATE_IMPORT,,back|back-shiny|front|front-shiny,back|back-shiny|front|front-shiny,PURE_RECOLOR_OF_VANILLA,True,DS_CUSTOM_LIBRARY/packs/DrPrettyman_DS_64x64/sprites-processed/front/caterpie.png,2x source de-scaled
Reborn_Plates,CPF-0291,chandelure_alternate_form_1,Chandelure,Chandelure — Alternate (Form 1),Ghost,Electric,4,back-shiny.png;back.png;front-shiny.png;front.png,YES,1,192x192,NO,NEW_CANDIDATE_IMPORT,,back|back-shiny|front|front-shiny,back|back-shiny|front|front-shiny,ACTUAL_DESIGN__TECH_CLEANUP_APPLIED,False,,2x source de-scaled | nearest-neighbor fit to DS canvas
Reborn_Plates,CPF-0058,chansey_alternate_form_1,Chansey,Chansey — Alternate (Form 1),Fairy,,4,back-shiny.png;back.png;front-shiny.png;front.png,YES,0,160x160;192x192,NO,NEW_CANDIDATE_IMPORT,,back|back-shiny|front|front-shiny,back|back-shiny|front|front-shiny,ACTUAL_DESIGN__SOURCE_GBA_ART_PRESERVED,False,,2x source de-scaled
Reborn_Plates,CPF-0308,chesnaught_alternate_form_1,Chesnaught,Chesnaught — Alternate (Form 1),Grass,Steel,4,back-shiny.png;back.png;front-shiny.png;front.png,YES,0,192x192,NO,NEW_CANDIDATE_IMPORT,,back|back-shiny|front|front-shiny,back|back-shiny|front|front-shiny,ACTUAL_DESIGN__TECH_CLEANUP_APPLIED,False,,2x source de-scaled | nearest-neighbor fit to DS canvas | palette reduced 16→15 | palette reduced 18→15 | palette reduced 19→15 | palette reduced 21→15
Reborn_Plates,CPF-0184,chimecho_alternate_form_1,Chimecho,Chimecho — Alternate (Form 1),Psychic,Grass,4,back-shiny.png;back.png;front-shiny.png;front.png,YES,0,160x160;192x192,NO,NEW_CANDIDATE_IMPORT,,back|back-shiny|front|front-shiny,back|back-shiny|front|front-shiny,ACTUAL_DESIGN__SOURCE_GBA_ART_PRESERVED,False,,2x source de-scaled
Reborn_Plates,CPF-0183,chingling_alternate_form_1,Chingling,Chingling — Alternate (Form 1),Psychic,Grass,4,back-shiny.png;back.png;front-shiny.png;front.png,YES,0,160x160;192x192,NO,NEW_CANDIDATE_IMPORT,,back|back-shiny|front|front-shiny,back|back-shiny|front|front-shiny,ACTUAL_DESIGN__SOURCE_GBA_ART_PRESERVED,False,,2x source de-scaled
Reborn_Plates,CPF-0354,cinderace_alternate_form_2,Cinderace,Cinderace — Alternate (Form 2),Fire,Fairy,4,back-shiny.png;back.png;front-shiny.png;front.png,YES,0,192x192,NO,NEW_CANDIDATE_IMPORT,,back|back-shiny|front|front-shiny,back|back-shiny|front|front-shiny,ACTUAL_DESIGN__TECH_CLEANUP_APPLIED,False,,2x source de-scaled | nearest-neighbor fit to DS canvas | palette reduced 24→15 | palette reduced 31→15 | palette reduced 45→15
Reborn_Plates,CPF-0320,clauncher_alternate_form_1,Clauncher,Clauncher — Alternate (Form 1),Water,Fire,4,back-shiny.png;back.png;front-shiny.png;front.png,YES,0,192x192,NO,NEW_CANDIDATE_IMPORT,,back|back-shiny|front|front-shiny,back|back-shiny|front|front-shiny,ACTUAL_DESIGN__TECH_CLEANUP_APPLIED,False,,2x source de-scaled | nearest-neighbor fit to DS canvas | palette reduced 18→15 | palette reduced 24→15 | palette reduced 28→15 | palette reduced 33→15
Reborn_Plates,CPF-0321,clawitzer_alternate_form_1,Clawitzer,Clawitzer — Alternate (Form 1),Water,Fire,4,back-shiny.png;back.png;front-shiny.png;front.png,YES,0,192x192;200x192,NO,NEW_CANDIDATE_IMPORT,,back|back-shiny|front|front-shiny,back|back-shiny|front|front-shiny,ACTUAL_DESIGN__TECH_CLEANUP_APPLIED,False,,2x source de-scaled | nearest-neighbor fit to DS canvas | palette reduced 23→15 | palette reduced 26→15 | palette reduced 29→15 | palette reduced 34→15
Reborn_Plates,CPF-0177,claydol_alternate_form_1,Claydol,Claydol — Alternate (Form 1),Rock,Psychic,4,back-shiny.png;back.png;front-shiny.png;front.png,YES,0,160x160;192x192,NO,NEW_CANDIDATE_IMPORT,,back|back-shiny|front|front-shiny,back|back-shiny|front|front-shiny,ACTUAL_DESIGN__TECH_CLEANUP_APPLIED,False,,2x source de-scaled | nearest-neighbor fit to DS canvas | palette reduced 21→15 | palette reduced 22→15
Reborn_Plates,CPF-0012,clefable_alternate_form_1,Clefable,Clefable — Alternate (Form 1),Fairy,Ghost,4,back-shiny.png;back.png;front-shiny.png;front.png,YES,0,160x160;192x192,NO,NEW_CANDIDATE_IMPORT,,back|back-shiny|front|front-shiny,back|back-shiny|front|front-shiny,ACTUAL_DESIGN__SOURCE_GBA_ART_PRESERVED,False,,2x source de-scaled
Reborn_Plates,CPF-0011,clefairy_alternate_form_1,Clefairy,Clefairy — Alternate (Form 1),Fairy,Ghost,4,back-shiny.png;back.png;front-shiny.png;front.png,YES,0,160x160;192x192,NO,NEW_CANDIDATE_IMPORT,,back|back-shiny|front|front-shiny,back|back-shiny|front|front-shiny,ACTUAL_DESIGN__TECH_CLEANUP_APPLIED,False,,2x source de-scaled | palette reduced 16→15 | palette reduced 17→15
Reborn_Plates,CPF-0269,cofagrigus_alternate_form_1,Cofagrigus,Cofagrigus — Alternate (Form 1),Ghost,Ground,4,back-shiny.png;back.png;front-shiny.png;front.png,YES,0,192x192,NO,NEW_CANDIDATE_IMPORT,,back|back-shiny|front|front-shiny,back|back-shiny|front|front-shiny,ACTUAL_DESIGN__TECH_CLEANUP_APPLIED,False,,2x source de-scaled | nearest-neighbor fit to DS canvas | palette reduced 19→15 | palette reduced 20→15
Reborn_Plates,CPF-0142,combusken_alternate_form_2,Combusken,Combusken — Alternate (Form 2),Fire,Electric,4,back-shiny.png;back.png;front-shiny.png;front.png,YES,0,160x160;192x192,NO,NEW_CANDIDATE_IMPORT,,back|back-shiny|front|front-shiny,back|back-shiny|front|front-shiny,ACTUAL_DESIGN__TECH_CLEANUP_APPLIED,False,,2x source de-scaled | nearest-neighbor fit to DS canvas | palette reduced 16→15 | palette reduced 18→15
Reborn_Plates,CPF-0255,conkeldurr_alternate_form_1,Conkeldurr,Conkeldurr — Alternate (Form 1),Fighting,Fairy,4,back-shiny.png;back.png;front-shiny.png;front.png,YES,0,192x192,NO,NEW_CANDIDATE_IMPORT,,back|back-shiny|front|front-shiny,back|back-shiny|front|front-shiny,ACTUAL_DESIGN__TECH_CLEANUP_APPLIED,False,,2x source de-scaled | nearest-neighbor fit to DS canvas | palette reduced 33→15 | palette reduced 34→15 | palette reduced 37→15 | palette reduced 39→15
Reborn_Plates,CPF-0121,corsola_alternate_form_1,Corsola,Corsola — Alternate (Form 1),Ghost,,4,back-shiny.png;back.png;front-shiny.png;front.png,YES,0,192x192,NO,NEW_CANDIDATE_IMPORT,,back|back-shiny|front|front-shiny,back|back-shiny|front|front-shiny,ACTUAL_DESIGN__TECH_CLEANUP_APPLIED,False,,2x source de-scaled | palette reduced 17→15
Reborn_Plates,CPF-0179,cradily_alternate_form_1,Cradily,Cradily — Alternate (Form 1),Water,Grass,2,back.png;front.png,NO,0,160x160;192x192,NO,NEW_CANDIDATE_IMPORT,,back|front,back|front,ACTUAL_DESIGN__TECH_CLEANUP_APPLIED,False,,2x source de-scaled | nearest-neighbor fit to DS canvas
Reborn_Plates,CPF-0089,croconaw_alternate_form_1,Croconaw,Croconaw — Alternate (Form 1),Water,,4,back-shiny.png;back.png;front-shiny.png;front.png,YES,0,160x160;192x192,NO,NEW_CANDIDATE_IMPORT,,back|back-shiny|front|front-shiny,back|back-shiny|front|front-shiny,ACTUAL_DESIGN__TECH_CLEANUP_APPLIED,False,,2x source de-scaled | palette reduced 17→15 | palette reduced 23→15
Reborn_Plates,CPF-0334,dartrix_alternate_form_1,Dartrix,Dartrix — Alternate (Form 1),Grass,Flying,4,back-shiny.png;back.png;front-shiny.png;front.png,YES,0,192x192,NO,NEW_CANDIDATE_IMPORT,,back|back-shiny|front|front-shiny,back|back-shiny|front|front-shiny,ACTUAL_DESIGN__TECH_CLEANUP_APPLIED,False,,2x source de-scaled | palette reduced 17→15 | palette reduced 19→15
Reborn_Plates,CPF-0335,dartrix_alternate_form_2,Dartrix,Dartrix — Alternate (Form 2),Grass,Flying,4,back-shiny.png;back.png;front-shiny.png;front.png,YES,0,192x192,NO,NEW_CANDIDATE_IMPORT,,back|back-shiny|front|front-shiny,back|back-shiny|front|front-shiny,ACTUAL_DESIGN__SOURCE_GBA_ART_PRESERVED,False,,2x source de-scaled
Reborn_Plates,CPF-0336,decidueye_alternate_form_1,Decidueye,Decidueye — Alternate (Form 1),Grass,Dark,4,back-shiny.png;back.png;front-shiny.png;front.png,YES,0,192x192,NO,NEW_CANDIDATE_IMPORT,,back|back-shiny|front|front-shiny,back|back-shiny|front|front-shiny,ACTUAL_DESIGN__TECH_CLEANUP_APPLIED,False,,2x source de-scaled | nearest-neighbor fit to DS canvas | palette reduced 18→15
Reborn_Plates,CPF-0337,decidueye_alternate_form_2,Decidueye,Decidueye — Alternate (Form 2),Grass,Fighting,4,back-shiny.png;back.png;front-shiny.png;front.png,YES,0,192x192,NO,NEW_CANDIDATE_IMPORT,,back|back-shiny|front|front-shiny,back|back-shiny|front|front-shiny,ACTUAL_DESIGN__TECH_CLEANUP_APPLIED,False,,2x source de-scaled | nearest-neighbor fit to DS canvas
Reborn_Plates,CPF-0326,dedenne_alternate_form_1,Dedenne,Dedenne — Alternate (Form 1),Grass,Fairy,4,back-shiny.png;back.png;front-shiny.png;front.png,YES,0,192x192,NO,NEW_CANDIDATE_IMPORT,,back|back-shiny|front|front-shiny,back|back-shiny|front|front-shiny,ACTUAL_DESIGN__TECH_CLEANUP_APPLIED,False,,2x source de-scaled | nearest-neighbor fit to DS canvas | palette reduced 16→15 | palette reduced 21→15
Reborn_Plates,CPF-0302,deino_cybertank_form_1,Deino,Deino — Cybertank (Form 1),Steel,Dragon,4,back-shiny.png;back.png;front-shiny.png;front.png,YES,0,192x192,NO,NEW_CANDIDATE_IMPORT,,back|back-shiny|front|front-shiny,back|back-shiny|front|front-shiny,ACTUAL_DESIGN__SOURCE_GBA_ART_PRESERVED,False,,2x source de-scaled
Reborn_Plates,CPF-0303,deino_telepathic_form_2,Deino,Deino — Telepathic (Form 2),Psychic,Dragon,4,back-shiny.png;back.png;front-shiny.png;front.png,YES,0,192x192,NO,NEW_CANDIDATE_IMPORT,,back|back-shiny|front|front-shiny,back|back-shiny|front|front-shiny,ACTUAL_DESIGN__SOURCE_GBA_ART_PRESERVED,False,,2x source de-scaled
Reborn_Plates,CPF-0309,delphox_alternate_form_1,Delphox,Delphox — Alternate (Form 1),Fire,Dark,4,back-shiny.png;back.png;front-shiny.png;front.png,YES,0,192x192;226x192,NO,NEW_CANDIDATE_IMPORT,,back|back-shiny|front|front-shiny,back|back-shiny|front|front-shiny,ACTUAL_DESIGN__TECH_CLEANUP_APPLIED,False,,2x source de-scaled | nearest-neighbor fit to DS canvas | palette reduced 24→15 | palette reduced 25→15 | palette reduced 26→15
Reborn_Plates,CPF-0342,dewpider_alternate_form_1,Dewpider,Dewpider — Alternate (Form 1),Water,Steel,4,back-shiny.png;back.png;front-shiny.png;front.png,YES,0,192x192,NO,NEW_CANDIDATE_IMPORT,,back|back-shiny|front|front-shiny,back|back-shiny|front|front-shiny,ACTUAL_DESIGN__TECH_CLEANUP_APPLIED,False,,2x source de-scaled | palette reduced 20→15
Reborn_Plates,CPF-0312,diggersby_alternate_form_1,Diggersby,Diggersby — Alternate (Form 1),Fairy,Ground,4,back-shiny.png;back.png;front-shiny.png;front.png,YES,0,192x192,NO,NEW_CANDIDATE_IMPORT,,back|back-shiny|front|front-shiny,back|back-shiny|front|front-shiny,ACTUAL_DESIGN__TECH_CLEANUP_APPLIED,False,,2x source de-scaled | nearest-neighbor fit to DS canvas | palette reduced 33→15 | palette reduced 35→15 | palette reduced 39→15
Reborn_Plates,CPF-0044,dodrio_alternate_form_1,Dodrio,Dodrio — Alternate (Form 1),Ground,Flying,4,back-shiny.png;back.png;front-shiny.png;front.png,YES,0,160x160;192x192,NO,NEW_CANDIDATE_IMPORT,,back|back-shiny|front|front-shiny,back|back-shiny|front|front-shiny,ACTUAL_DESIGN__TECH_CLEANUP_APPLIED,False,,2x source de-scaled | nearest-neighbor fit to DS canvas
Reborn_Plates,CPF-0043,doduo_alternate_form_1,Doduo,Doduo — Alternate (Form 1),Ground,Flying,4,back-shiny.png;back.png;front-shiny.png;front.png,YES,0,160x160;192x192,NO,NEW_CANDIDATE_IMPORT,,back|back-shiny|front|front-shiny,back|back-shiny|front|front-shiny,ACTUAL_DESIGN__SOURCE_GBA_ART_PRESERVED,False,,2x source de-scaled
Reborn_Plates,CPF-0319,dragalge_alternate_form_1,Dragalge,Dragalge — Alternate (Form 1),Grass,Dragon,4,back-shiny.png;back.png;front-shiny.png;front.png,YES,0,192x192,NO,NEW_CANDIDATE_IMPORT,,back|back-shiny|front|front-shiny,back|back-shiny|front|front-shiny,ACTUAL_DESIGN__TECH_CLEANUP_APPLIED,False,,2x source de-scaled | nearest-neighbor fit to DS canvas | palette reduced 17→15
Reborn_Plates,CPF-0223,drapion_alternate_form_1,Drapion,Drapion — Alternate (Form 1),Dark,Bug,4,back-shiny.png;back.png;front-shiny.png;front.png,YES,0,160x160;192x192,NO,NEW_CANDIDATE_IMPORT,,back|back-shiny|front|front-shiny,back|back-shiny|front|front-shiny,ACTUAL_DESIGN__TECH_CLEANUP_APPLIED,False,,2x source de-scaled | nearest-neighbor fit to DS canvas
Reborn_Plates,CPF-0356,drizzile_alternate_form_2,Drizzile,Drizzile — Alternate (Form 2),Water,Flying,4,back-shiny.png;back.png;front-shiny.png;front.png,YES,0,192x192,NO,NEW_CANDIDATE_IMPORT,,back|back-shiny|front|front-shiny,back|back-shiny|front|front-shiny,ACTUAL_DESIGN__TECH_CLEANUP_APPLIED,False,,2x source de-scaled | nearest-neighbor fit to DS canvas | palette reduced 17→15
Reborn_Plates,CPF-0050,drowzee_alternate_form_2,Drowzee,Drowzee — Alternate (Form 2),Psychic,,4,back-shiny.png;back.png;front-shiny.png;front.png,YES,0,160x160;192x192,NO,NEW_CANDIDATE_IMPORT,,back|back-shiny|front|front-shiny,back|back-shiny|front|front-shiny,ACTUAL_DESIGN__TECH_CLEANUP_APPLIED,False,,2x source de-scaled | palette reduced 17→15
Reborn_Plates,CPF-0296,druddigon_alternate_form_1,Druddigon,Druddigon — Alternate (Form 1),Dragon,Rock,4,back-shiny.png;back.png;front-shiny.png;front.png,YES,0,192x192,NO,NEW_CANDIDATE_IMPORT,,back|back-shiny|front|front-shiny,back|back-shiny|front|front-shiny,ACTUAL_DESIGN__TECH_CLEANUP_APPLIED,False,,2x source de-scaled | nearest-neighbor fit to DS canvas | palette reduced 16→15 | palette reduced 19→15
Reborn_Plates,CPF-0116,dunsparce_bt_alt_forms_draco_form_6,Dunsparce,Dunsparce — BT Alt Forms - Draco (Form 6),Normal,Dragon,4,back-shiny.png;back.png;front-shiny.png;front.png,YES,2,160x160;192x192,NO,NEW_CANDIDATE_IMPORT,,back|back-shiny|front|front-shiny,back|back-shiny|front|front-shiny,ACTUAL_DESIGN__TECH_CLEANUP_APPLIED,False,,2x source de-scaled | nearest-neighbor fit to DS canvas | palette reduced 17→15
Reborn_Plates,CPF-0114,dunsparce_bt_alt_forms_insect_form_4,Dunsparce,Dunsparce — BT Alt Forms - Insect (Form 4),Normal,Bug,4,back-shiny.png;back.png;front-shiny.png;front.png,YES,2,160x160;192x192,NO,NEW_CANDIDATE_IMPORT,,back|back-shiny|front|front-shiny,back|back-shiny|front|front-shiny,ACTUAL_DESIGN__TECH_CLEANUP_APPLIED,False,,2x source de-scaled | palette reduced 16→15 | palette reduced 18→15 | palette reduced 19→15 | palette reduced 21→15
Reborn_Plates,CPF-0113,dunsparce_bt_alt_forms_sky_form_3,Dunsparce,Dunsparce — BT Alt Forms - Sky (Form 3),Normal,Flying,4,back-shiny.png;back.png;front-shiny.png;front.png,YES,2,160x160;192x192,NO,NEW_CANDIDATE_IMPORT,,back|back-shiny|front|front-shiny,back|back-shiny|front|front-shiny,ACTUAL_DESIGN__TECH_CLEANUP_APPLIED,False,,2x source de-scaled | palette reduced 19→15 | palette reduced 23→15 | palette reduced 26→15 | palette reduced 31→15
Reborn_Plates,CPF-0115,dunsparce_bt_alt_forms_spooky_form_5,Dunsparce,Dunsparce — BT Alt Forms - Spooky (Form 5),Normal,Ghost,4,back-shiny.png;back.png;front-shiny.png;front.png,YES,2,160x160;192x192,NO,NEW_CANDIDATE_IMPORT,,back|back-shiny|front|front-shiny,back|back-shiny|front|front-shiny,ACTUAL_DESIGN__TECH_CLEANUP_APPLIED,False,,2x source de-scaled | palette reduced 17→15 | palette reduced 18→15 | palette reduced 21→15 | palette reduced 26→15
Reborn_Plates,CPF-0111,dunsparce_bt_alt_forms_toxic_form_1,Dunsparce,Dunsparce — BT Alt Forms - Toxic (Form 1),Normal,Poison,4,back-shiny.png;back.png;front-shiny.png;front.png,YES,2,160x160;192x192,NO,NEW_CANDIDATE_IMPORT,,back|back-shiny|front|front-shiny,back|back-shiny|front|front-shiny,ACTUAL_DESIGN__TECH_CLEANUP_APPLIED,False,,2x source de-scaled | palette reduced 19→15
Reborn_Plates,CPF-0277,duosion_alternate_form_1,Duosion,Duosion — Alternate (Form 1),Psychic,Water,4,back-shiny.png;back.png;front-shiny.png;front.png,YES,2,192x192,NO,NEW_CANDIDATE_IMPORT,,back|back-shiny|front|front-shiny,back|back-shiny|front|front-shiny,ACTUAL_DESIGN__SOURCE_GBA_ART_PRESERVED,False,,2x source de-scaled
Reborn_Plates,CPF-0234,dusclops_alternate_form_1,Dusclops,Dusclops — Alternate (Form 1),Ghost,Steel,4,back-shiny.png;back.png;front-shiny.png;front.png,YES,0,160x160;192x192,NO,NEW_CANDIDATE_IMPORT,,back|back-shiny|front|front-shiny,back|back-shiny|front|front-shiny,ACTUAL_DESIGN__TECH_CLEANUP_APPLIED,False,,2x source de-scaled | nearest-neighbor fit to DS canvas
Reborn_Plates,CPF-0061,electabuzz_alternate_form_1,Electabuzz,Electabuzz — Alternate (Form 1),Electric,Fighting,4,back-shiny.png;back.png;front-shiny.png;front.png,YES,0,160x160;192x192,NO,NEW_CANDIDATE_IMPORT,,back|back-shiny|front|front-shiny,back|back-shiny|front|front-shiny,ACTUAL_DESIGN__SOURCE_GBA_ART_PRESERVED,False,,2x source de-scaled
Reborn_Plates,CPF-0228,electivire_alternate_form_1,Electivire,Electivire — Alternate (Form 1),Electric,Fighting,4,back-shiny.png;back.png;front-shiny.png;front.png,YES,0,192x160;192x192,NO,NEW_CANDIDATE_IMPORT,,back|back-shiny|front|front-shiny,back|back-shiny|front|front-shiny,ACTUAL_DESIGN__TECH_CLEANUP_APPLIED,False,,2x source de-scaled | nearest-neighbor fit to DS canvas
Reborn_Plates,CPF-0243,emboar_alternate_form_1,Emboar,Emboar — Alternate (Form 1),Fire,Rock,4,back-shiny.png;back.png;front-shiny.png;front.png,YES,0,192x192,NO,NEW_CANDIDATE_IMPORT,,back|back-shiny|front|front-shiny,back|back-shiny|front|front-shiny,ACTUAL_DESIGN__TECH_CLEANUP_APPLIED,False,,2x source de-scaled | nearest-neighbor fit to DS canvas | palette reduced 19→15 | palette reduced 21→15 | palette reduced 22→15
Reborn_Plates,CPF-0199,empoleon_alternate_form_1,Empoleon,Empoleon — Alternate (Form 1),Water,Ice,4,back-shiny.png;back.png;front-shiny.png;front.png,YES,0,160x160;192x192,NO,NEW_CANDIDATE_IMPORT,,back|back-shiny|front|front-shiny,back|back-shiny|front|front-shiny,ACTUAL_DESIGN__TECH_CLEANUP_APPLIED,False,,2x source de-scaled | nearest-neighbor fit to DS canvas | palette reduced 16→15 | palette reduced 17→15 | palette reduced 21→15
Reborn_Plates,CPF-0069,espeon_alternate_form_3,Espeon,Espeon — Alternate (Form 3),Psychic,,4,back-shiny.png;back.png;front-shiny.png;front.png,YES,0,160x160;192x192,NO,NEW_CANDIDATE_IMPORT,,back|back-shiny|front|front-shiny,back|back-shiny|front|front-shiny,ACTUAL_DESIGN__SOURCE_GBA_ART_PRESERVED,False,,2x source de-scaled
Reborn_Plates,CPF-0041,farfetch_d_alternate_form_1,Farfetch'd,Farfetch'd — Alternate (Form 1),Fighting,,4,back-shiny.png;back.png;front-shiny.png;front.png,YES,0,192x160;192x192,NO,NEW_CANDIDATE_IMPORT,,,,ACTUAL_DESIGN__SOURCE_GBA_ART_PRESERVED,False,,source art preserved
Reborn_Plates,CPF-0283,ferroseed_alternate_form_1,Ferroseed,Ferroseed — Alternate (Form 1),Ghost,,4,back-shiny.png;back.png;front-shiny.png;front.png,YES,0,192x192,NO,NEW_CANDIDATE_IMPORT,,back|back-shiny|front|front-shiny,back|back-shiny|front|front-shiny,ACTUAL_DESIGN__TECH_CLEANUP_APPLIED,False,,2x source de-scaled | palette reduced 17→15 | palette reduced 20→15
Reborn_Plates,CPF-0284,ferrothorn_alternate_form_1,Ferrothorn,Ferrothorn — Alternate (Form 1),Ghost,Fairy,4,back-shiny.png;back.png;front-shiny.png;front.png,YES,2,192x192,NO,NEW_CANDIDATE_IMPORT,,back|back-shiny|front|front-shiny,back|back-shiny|front|front-shiny,ACTUAL_DESIGN__TECH_CLEANUP_APPLIED,False,,2x source de-scaled | nearest-neighbor fit to DS canvas | palette reduced 16→15 | palette reduced 19→15
Reborn_Plates,CPF-0097,flaaffy_alternate_form_2,Flaaffy,Flaaffy — Alternate (Form 2),Electric,,4,back-shiny.png;back.png;front-shiny.png;front.png,YES,0,160x160;192x192,NO,NEW_CANDIDATE_IMPORT,,back|back-shiny|front|front-shiny,back|back-shiny|front|front-shiny,ACTUAL_DESIGN__TECH_CLEANUP_APPLIED,False,,2x source de-scaled | palette reduced 17→15
Reborn_Plates,CPF-0173,flygon_alternate_form_1,Flygon,Flygon — Alternate (Form 1),Bug,Dragon,4,back-shiny.png;back.png;front-shiny.png;front.png,YES,0,160x160;192x192,NO,NEW_CANDIDATE_IMPORT,,back|back-shiny|front|front-shiny,back|back-shiny|front|front-shiny,ACTUAL_DESIGN__TECH_CLEANUP_APPLIED,False,,2x source de-scaled | nearest-neighbor fit to DS canvas | palette reduced 17→15 | palette reduced 20→15 | palette reduced 22→15
Reborn_Plates,CPF-0344,fomantis_alternate_form_1,Fomantis,Fomantis — Alternate (Form 1),Rock,,4,back-shiny.png;back.png;front-shiny.png;front.png,YES,0,192x192,NO,NEW_CANDIDATE_IMPORT,,back|back-shiny|front|front-shiny,back|back-shiny|front|front-shiny,ACTUAL_DESIGN__TECH_CLEANUP_APPLIED,False,,2x source de-scaled | palette reduced 17→15
Reborn_Plates,CPF-0214,gabite_bluetowel_alternate_forms_form_2,Gabite,Gabite — BlueTowel Alternate forms (Form 2),Dragon,Water,4,back-shiny.png;back.png;front-shiny.png;front.png,YES,0,160x160;192x192,NO,NEW_CANDIDATE_IMPORT,,back|back-shiny|front|front-shiny,back|back-shiny|front|front-shiny,ACTUAL_DESIGN__TECH_CLEANUP_APPLIED,False,,2x source de-scaled | palette reduced 19→15 | palette reduced 21→15 | palette reduced 22→15
Reborn_Plates,CPF-0275,garbodor_alternate_form_1,Garbodor,Garbodor — Alternate (Form 1),Poison,Ground,4,back-shiny.png;back.png;front-shiny.png;front.png,YES,0,192x192,NO,NEW_CANDIDATE_IMPORT,,back|back-shiny|front|front-shiny,back|back-shiny|front|front-shiny,ACTUAL_DESIGN__TECH_CLEANUP_APPLIED,False,,2x source de-scaled | nearest-neighbor fit to DS canvas | palette reduced 112→15 | palette reduced 33→15 | palette reduced 34→15 | palette reduced 64→15
Reborn_Plates,CPF-0216,garchomp_alternate_form_2,Garchomp,Garchomp — Alternate (Form 2),Dragon,Water,4,back-shiny.png;back.png;front-shiny.png;front.png,YES,0,160x160;192x192,NO,NEW_CANDIDATE_IMPORT,,back|back-shiny|front|front-shiny,back|back-shiny|front|front-shiny,ACTUAL_DESIGN__TECH_CLEANUP_APPLIED,False,,2x source de-scaled | nearest-neighbor fit to DS canvas | palette reduced 20→15 | palette reduced 21→15 | palette reduced 22→15
Reborn_Plates,CPF-0217,garchomp_alternate_mega_form_3,Garchomp,Garchomp — Alternate Mega (Form 3),Dragon,Water,4,back-shiny.png;back.png;front-shiny.png;front.png,YES,0,192x192,NO,NEW_CANDIDATE_IMPORT,,back|back-shiny|front|front-shiny,back|back-shiny|front|front-shiny,ACTUAL_DESIGN__TECH_CLEANUP_APPLIED,False,,2x source de-scaled | nearest-neighbor fit to DS canvas | palette reduced 18→15 | palette reduced 25→15
Reborn_Plates,CPF-0215,garchomp_bluetowel_alternate_forms_form_1,Garchomp,Garchomp — BlueTowel Alternate forms (Form 1),Dragon,Ground,4,back-shiny.png;back.png;front-shiny.png;front.png,YES,0,192x192,NO,NEW_CANDIDATE_IMPORT,,back|back-shiny|front|front-shiny,back|back-shiny|front|front-shiny,ACTUAL_DESIGN__TECH_CLEANUP_APPLIED,False,,2x source de-scaled | nearest-neighbor fit to DS canvas | palette reduced 17→15
Reborn_Plates,CPF-0150,gardevoir_alternate_form_3,Gardevoir,Gardevoir — Alternate (Form 3),Flying,,4,back-shiny.png;back.png;front-shiny.png;front.png,YES,0,160x160;192x192,NO,NEW_CANDIDATE_IMPORT,,back|back-shiny|front|front-shiny,back|back-shiny|front|front-shiny,ACTUAL_DESIGN__TECH_CLEANUP_APPLIED,False,,2x source de-scaled | nearest-neighbor fit to DS canvas | palette reduced 16→15
Reborn_Plates,CPF-0151,gardevoir_mega_alternate_form_4,Gardevoir,Gardevoir — Mega Alternate (Form 4),Flying,,4,back-shiny.png;back.png;front-shiny.png;front.png,YES,0,192x192,NO,NEW_CANDIDATE_IMPORT,,back|back-shiny|front|front-shiny,back|back-shiny|front|front-shiny,ACTUAL_DESIGN__TECH_CLEANUP_APPLIED,False,,2x source de-scaled | nearest-neighbor fit to DS canvas | palette reduced 18→15 | palette reduced 19→15
Reborn_Plates,CPF-0047,gengar_alternate_form_2,Gengar,Gengar — Alternate (Form 2),Ghost,Dark,4,back-shiny.png;back.png;front-shiny.png;front.png,YES,0,160x160;192x192,NO,NEW_CANDIDATE_IMPORT,,back|back-shiny|front|front-shiny,back|back-shiny|front|front-shiny,ACTUAL_DESIGN__SOURCE_GBA_ART_PRESERVED,False,,2x source de-scaled
Reborn_Plates,CPF-0048,gengar_alternate_form_3,Gengar,Gengar — Alternate (Form 3),Ghost,Dark,4,back-shiny.png;back.png;front-shiny.png;front.png,YES,0,192x192,NO,NEW_CANDIDATE_IMPORT,,back|back-shiny|front|front-shiny,back|back-shiny|front|front-shiny,ACTUAL_DESIGN__TECH_CLEANUP_APPLIED,False,,2x source de-scaled | nearest-neighbor fit to DS canvas | palette reduced 143→15 | palette reduced 203→15
Reborn_Plates,CPF-0213,gible_bluetowel_alternate_forms_form_2,Gible,Gible — BlueTowel Alternate forms (Form 2),Dragon,Water,4,back-shiny.png;back.png;front-shiny.png;front.png,YES,0,160x160;192x192,NO,NEW_CANDIDATE_IMPORT,,back|back-shiny|front|front-shiny,back|back-shiny|front|front-shiny,ACTUAL_DESIGN__TECH_CLEANUP_APPLIED,False,,2x source de-scaled | palette reduced 18→15 | palette reduced 19→15 | palette reduced 23→15
Reborn_Plates,CPF-0110,girafarig_bluetowel_alternate_form_form_1,Girafarig,Girafarig — BlueTowel Alternate form (Form 1),Psychic,Normal,4,back-shiny.png;back.png;front-shiny.png;front.png,YES,0,160x160;192x192,NO,NEW_CANDIDATE_IMPORT,,back|back-shiny|front|front-shiny,back|back-shiny|front|front-shiny,ACTUAL_DESIGN__TECH_CLEANUP_APPLIED,False,,2x source de-scaled | nearest-neighbor fit to DS canvas | palette reduced 16→15
Reborn_Plates,CPF-0219,glameow_alternate_form_1,Glameow,Glameow — Alternate (Form 1),Normal,Ground,4,back-shiny.png;back.png;front-shiny.png;front.png,YES,0,160x160;192x192,NO,NEW_CANDIDATE_IMPORT,,back|back-shiny|front|front-shiny,back|back-shiny|front|front-shiny,ACTUAL_DESIGN__TECH_CLEANUP_APPLIED,False,,2x source de-scaled | palette reduced 19→15
Reborn_Plates,CPF-0230,gligar_alternate_form_1,Gligar,Gligar — Alternate (Form 1),Ground,Poison,4,back-shiny.png;back.png;front-shiny.png;front.png,YES,0,160x160;192x192,NO,NEW_CANDIDATE_IMPORT,,back|back-shiny|front|front-shiny,back|back-shiny|front|front-shiny,ACTUAL_DESIGN__SOURCE_GBA_ART_PRESERVED,False,,2x source de-scaled
Reborn_Plates,CPF-0330,goodra_alternate_form_1,Goodra,Goodra — Alternate (Form 1),Dragon,Poison,4,back-shiny.png;back.png;front-shiny.png;front.png,YES,0,192x192,NO,NEW_CANDIDATE_IMPORT,,back|back-shiny|front|front-shiny,back|back-shiny|front|front-shiny,ACTUAL_DESIGN__TECH_CLEANUP_APPLIED,False,,2x source de-scaled | nearest-neighbor fit to DS canvas | palette reduced 21→15 | palette reduced 25→15 | palette reduced 29→15
Reborn_Plates,CPF-0331,goodra_alternate_form_2,Goodra,Goodra — Alternate (Form 2),Dragon,Steel,4,back-shiny.png;back.png;front-shiny.png;front.png,YES,0,192x192,NO,NEW_CANDIDATE_IMPORT,,back|back-shiny|front|front-shiny,back|back-shiny|front|front-shiny,ACTUAL_DESIGN__TECH_CLEANUP_APPLIED,False,,2x source de-scaled | nearest-neighbor fit to DS canvas | palette reduced 16→15
Reborn_Plates,CPF-0327,goomy_alternate_form_1,Goomy,Goomy — Alternate (Form 1),Dragon,Poison,4,back-shiny.png;back.png;front-shiny.png;front.png,YES,0,192x192,NO,NEW_CANDIDATE_IMPORT,,back|back-shiny|front|front-shiny,back|back-shiny|front|front-shiny,ACTUAL_DESIGN__SOURCE_GBA_ART_PRESERVED,False,,2x source de-scaled
Reborn_Plates,CPF-0310,greninja_alternate_form_1,Greninja,Greninja — Alternate (Form 1),Water,Fighting,4,back-shiny.png;back.png;front-shiny.png;front.png,YES,0,192x192,NO,NEW_CANDIDATE_IMPORT,,back|back-shiny|front|front-shiny,back|back-shiny|front|front-shiny,ACTUAL_DESIGN__TECH_CLEANUP_APPLIED,False,,2x source de-scaled | nearest-neighbor fit to DS canvas | palette reduced 18→15
Reborn_Plates,CPF-0139,grovyle_alternate_form_2,Grovyle,Grovyle — Alternate (Form 2),Grass,Flying,4,back-shiny.png;back.png;front-shiny.png;front.png,YES,0,160x160;192x192,NO,NEW_CANDIDATE_IMPORT,,back|back-shiny|front|front-shiny,back|back-shiny|front|front-shiny,ACTUAL_DESIGN__TECH_CLEANUP_APPLIED,False,,2x source de-scaled | nearest-neighbor fit to DS canvas
Reborn_Plates,CPF-0170,grumpig_alternate_form_1,Grumpig,Grumpig — Alternate (Form 1),Psychic,Poison,4,back-shiny.png;back.png;front-shiny.png;front.png,YES,0,160x160;192x192,NO,NEW_CANDIDATE_IMPORT,,back|back-shiny|front|front-shiny,back|back-shiny|front|front-shiny,ACTUAL_DESIGN__TECH_CLEANUP_APPLIED,False,,2x source de-scaled | nearest-neighbor fit to DS canvas | palette reduced 20→15 | palette reduced 22→15 | palette reduced 23→15
Reborn_Plates,CPF-0254,gurdurr_alternate_form_1,Gurdurr,Gurdurr — Alternate (Form 1),Fighting,Fairy,4,back-shiny.png;back.png;front-shiny.png;front.png,YES,0,192x192,NO,NEW_CANDIDATE_IMPORT,,back|back-shiny|front|front-shiny,back|back-shiny|front|front-shiny,ACTUAL_DESIGN__TECH_CLEANUP_APPLIED,False,,2x source de-scaled | nearest-neighbor fit to DS canvas | palette reduced 30→15 | palette reduced 31→15 | palette reduced 32→15 | palette reduced 34→15
Reborn_Plates,CPF-0064,gyarados_alternate_form_2,Gyarados,Gyarados — Alternate (Form 2),Water,Flying,4,back-shiny.png;back.png;front-shiny.png;front.png,YES,0,160x160;192x192,NO,NEW_CANDIDATE_IMPORT,,back|back-shiny|front|front-shiny,back|back-shiny|front|front-shiny,ACTUAL_DESIGN__TECH_CLEANUP_APPLIED,False,,2x source de-scaled | nearest-neighbor fit to DS canvas | palette reduced 23→15 | palette reduced 25→15
Reborn_Plates,CPF-0065,gyarados_mega_alternate_form_3,Gyarados,Gyarados — Mega Alternate (Form 3),Water,Flying,4,back-shiny.png;back.png;front-shiny.png;front.png,YES,0,192x192,NO,NEW_CANDIDATE_IMPORT,,back|back-shiny|front|front-shiny,back|back-shiny|front|front-shiny,ACTUAL_DESIGN__TECH_CLEANUP_APPLIED,False,,2x source de-scaled | nearest-neighbor fit to DS canvas | palette reduced 16→15 | palette reduced 25→15
Reborn_Plates,CPF-0046,haunter_alternate_form_2,Haunter,Haunter — Alternate (Form 2),Ghost,Dark,4,back-shiny.png;back.png;front-shiny.png;front.png,YES,0,160x160;192x192,NO,NEW_CANDIDATE_IMPORT,,back|back-shiny|front|front-shiny,back|back-shiny|front|front-shiny,ACTUAL_DESIGN__TECH_CLEANUP_APPLIED,False,,2x source de-scaled | nearest-neighbor fit to DS canvas
Reborn_Plates,CPF-0055,hitmonchan_alternate_form_1,Hitmonchan,Hitmonchan — Alternate (Form 1),Fighting,Ghost,4,back-shiny.png;back.png;front-shiny.png;front.png,YES,0,160x160;192x192,NO,NEW_CANDIDATE_IMPORT,,back|back-shiny|front|front-shiny,back|back-shiny|front|front-shiny,ACTUAL_DESIGN__SOURCE_GBA_ART_PRESERVED,False,,2x source de-scaled
Reborn_Plates,CPF-0054,hitmonlee_alternate_form_1,Hitmonlee,Hitmonlee — Alternate (Form 1),Fighting,Grass,4,back-shiny.png;back.png;front-shiny.png;front.png,YES,0,160x160;192x192,NO,NEW_CANDIDATE_IMPORT,,back|back-shiny|front|front-shiny,back|back-shiny|front|front-shiny,ACTUAL_DESIGN__TECH_CLEANUP_APPLIED,False,,2x source de-scaled | nearest-neighbor fit to DS canvas
Reborn_Plates,CPF-0129,hitmontop_alternate_form_1,Hitmontop,Hitmontop — Alternate (Form 1),Fighting,Ground,4,back-shiny.png;back.png;front-shiny.png;front.png,YES,0,160x160;192x192,NO,NEW_CANDIDATE_IMPORT,,back|back-shiny|front|front-shiny,back|back-shiny|front|front-shiny,ACTUAL_DESIGN__TECH_CLEANUP_APPLIED,False,,2x source de-scaled | palette reduced 16→15 | palette reduced 17→15
Reborn_Plates,CPF-0306,hydreigon_cybertank_form_1,Hydreigon,Hydreigon — Cybertank (Form 1),Steel,Dragon,4,back-shiny.png;back.png;front-shiny.png;front.png,YES,0,192x192,NO,NEW_CANDIDATE_IMPORT,,back|back-shiny|front|front-shiny,back|back-shiny|front|front-shiny,ACTUAL_DESIGN__TECH_CLEANUP_APPLIED,False,,2x source de-scaled | nearest-neighbor fit to DS canvas | palette reduced 17→15 | palette reduced 18→15
Reborn_Plates,CPF-0307,hydreigon_telepathic_form_2,Hydreigon,Hydreigon — Telepathic (Form 2),Psychic,Dragon,4,back-shiny.png;back.png;front-shiny.png;front.png,YES,0,192x192,NO,NEW_CANDIDATE_IMPORT,,back|back-shiny|front|front-shiny,back|back-shiny|front|front-shiny,ACTUAL_DESIGN__TECH_CLEANUP_APPLIED,False,,2x source de-scaled | nearest-neighbor fit to DS canvas | palette reduced 20→15 | palette reduced 36→15 | palette reduced 37→15
Reborn_Plates,CPF-0338,incineroar_alternate_form_1,Incineroar,Incineroar — Alternate (Form 1),Fire,Psychic,4,back-shiny.png;back.png;front-shiny.png;front.png,YES,0,192x192,NO,NEW_CANDIDATE_IMPORT,,back|back-shiny|front|front-shiny,back|back-shiny|front|front-shiny,ACTUAL_DESIGN__TECH_CLEANUP_APPLIED,False,,2x source de-scaled | nearest-neighbor fit to DS canvas | palette reduced 18→15 | palette reduced 19→15 | palette reduced 25→15 | palette reduced 27→15
Reborn_Plates,CPF-0198,infernape_alternate_form_1,Infernape,Infernape — Alternate (Form 1),Fire,Fighting,4,back-shiny.png;back.png;front-shiny.png;front.png,YES,0,160x160;192x192,NO,NEW_CANDIDATE_IMPORT,,back|back-shiny|front|front-shiny,back|back-shiny|front|front-shiny,ACTUAL_DESIGN__TECH_CLEANUP_APPLIED,False,,2x source de-scaled | nearest-neighbor fit to DS canvas | palette reduced 17→15 | palette reduced 19→15
Reborn_Plates,CPF-0357,inteleon_alternate_form_2,Inteleon,Inteleon — Alternate (Form 2),Water,Flying,4,back-shiny.png;back.png;front-shiny.png;front.png,YES,0,192x192,NO,NEW_CANDIDATE_IMPORT,,back|back-shiny|front|front-shiny,back|back-shiny|front|front-shiny,ACTUAL_DESIGN__TECH_CLEANUP_APPLIED,False,,2x source de-scaled | nearest-neighbor fit to DS canvas | palette reduced 16→15 | palette reduced 17→15
Reborn_Plates,CPF-0017,jigglypuff_alternate_form_1,Jigglypuff,Jigglypuff — Alternate (Form 1),Flying,Fairy,4,back-shiny.png;back.png;front-shiny.png;front.png,YES,0,160x160;192x192,NO,NEW_CANDIDATE_IMPORT,,back|back-shiny|front|front-shiny,back|back-shiny|front|front-shiny,ACTUAL_DESIGN__SOURCE_GBA_ART_PRESERVED,False,,2x source de-scaled
Reborn_Plates,CPF-0067,jolteon_alternate_form_3,Jolteon,Jolteon — Alternate (Form 3),Electric,,4,back-shiny.png;back.png;front-shiny.png;front.png,YES,0,160x160;192x192,NO,NEW_CANDIDATE_IMPORT,,back|back-shiny|front|front-shiny,back|back-shiny|front|front-shiny,ACTUAL_DESIGN__SOURCE_GBA_ART_PRESERVED,False,,2x source de-scaled
Reborn_Plates,CPF-0076,kabuto_alternate_form_1,Kabuto,Kabuto — Alternate (Form 1),Bug,Water,4,back-shiny.png;back.png;front-shiny.png;front.png,YES,0,160x160;192x192,NO,NEW_CANDIDATE_IMPORT,,back|back-shiny|front|front-shiny,back|back-shiny|front|front-shiny,PURE_RECOLOR_OF_VANILLA,True,DS_CUSTOM_LIBRARY/packs/DrPrettyman_DS_64x64/sprites-processed/front/kabuto.png,2x source de-scaled
Reborn_Plates,CPF-0077,kabutops_alternate_form_1,Kabutops,Kabutops — Alternate (Form 1),Bug,Water,4,back-shiny.png;back.png;front-shiny.png;front.png,YES,0,160x160;192x192,NO,NEW_CANDIDATE_IMPORT,,back|back-shiny|front|front-shiny,back|back-shiny|front|front-shiny,ACTUAL_DESIGN__TECH_CLEANUP_APPLIED,False,,2x source de-scaled | nearest-neighbor fit to DS canvas
Reborn_Plates,CPF-0028,kadabra_alternate_form_2,Kadabra,Kadabra — Alternate (Form 2),Psychic,Ice,4,back-shiny.png;back.png;front-shiny.png;front.png,YES,0,192x192,NO,NEW_CANDIDATE_IMPORT,,back|back-shiny|front|front-shiny,back|back-shiny|front|front-shiny,ACTUAL_DESIGN__TECH_CLEANUP_APPLIED,False,,2x source de-scaled | nearest-neighbor fit to DS canvas | palette reduced 16→15 | palette reduced 18→15 | palette reduced 19→15
Reborn_Plates,CPF-0004,kakuna_alternate_form_2,Kakuna,Kakuna — Alternate (Form 2),Bug,Ice,4,back-shiny.png;back.png;front-shiny.png;front.png,YES,0,160x160;192x192,NO,NEW_CANDIDATE_IMPORT,,back|back-shiny|front|front-shiny,back|back-shiny|front|front-shiny,ACTUAL_DESIGN__TECH_CLEANUP_APPLIED,False,,2x source de-scaled | palette reduced 60→15 | palette reduced 65→15 | palette reduced 74→15 | palette reduced 88→15
Reborn_Plates,CPF-0053,kingler_alternate_form_2,Kingler,Kingler — Alternate (Form 2),Bug,Ground,4,back-shiny.png;back.png;front-shiny.png;front.png,YES,0,160x160;192x192,NO,NEW_CANDIDATE_IMPORT,,back|back-shiny|front|front-shiny,back|back-shiny|front|front-shiny,ACTUAL_DESIGN__TECH_CLEANUP_APPLIED,False,,2x source de-scaled | nearest-neighbor fit to DS canvas | palette reduced 17→15 | palette reduced 18→15
Reborn_Plates,CPF-0149,kirlia_alternate_form_3,Kirlia,Kirlia — Alternate (Form 3),Flying,,4,back-shiny.png;back.png;front-shiny.png;front.png,YES,0,160x160;192x192,NO,NEW_CANDIDATE_IMPORT,,back|back-shiny|front|front-shiny,back|back-shiny|front|front-shiny,ACTUAL_DESIGN__TECH_CLEANUP_APPLIED,False,,2x source de-scaled | nearest-neighbor fit to DS canvas | palette reduced 16→15 | palette reduced 17→15 | palette reduced 18→15
Reborn_Plates,CPF-0052,krabby_alternate_form_2,Krabby,Krabby — Alternate (Form 2),Bug,Ground,4,back-shiny.png;back.png;front-shiny.png;front.png,YES,0,160x160;192x192,NO,NEW_CANDIDATE_IMPORT,,back|back-shiny|front|front-shiny,back|back-shiny|front|front-shiny,ACTUAL_DESIGN__TECH_CLEANUP_APPLIED,False,,2x source de-scaled | palette reduced 17→15
Reborn_Plates,CPF-0290,lampent_alternate_form_1,Lampent,Lampent — Alternate (Form 1),Ghost,Electric,4,back-shiny.png;back.png;front-shiny.png;front.png,YES,1,192x192,NO,NEW_CANDIDATE_IMPORT,,back|back-shiny|front|front-shiny,back|back-shiny|front|front-shiny,ACTUAL_DESIGN__SOURCE_GBA_ART_PRESERVED,False,,2x source de-scaled
Reborn_Plates,CPF-0131,larvitar_ice_form_2,Larvitar,Larvitar — Ice (Form 2),Ice,Ground,4,back-shiny.png;back.png;front-shiny.png;front.png,YES,0,160x160;192x192,NO,NEW_CANDIDATE_IMPORT,,back|back-shiny|front|front-shiny,back|back-shiny|front|front-shiny,ACTUAL_DESIGN__SOURCE_GBA_ART_PRESERVED,False,,2x source de-scaled
Reborn_Plates,CPF-0094,ledian_alternate_form_1,Ledian,Ledian — Alternate (Form 1),Bug,Fighting,4,back-shiny.png;back.png;front-shiny.png;front.png,YES,0,160x160;192x192,NO,NEW_CANDIDATE_IMPORT,,back|back-shiny|front|front-shiny,back|back-shiny|front|front-shiny,ACTUAL_DESIGN__SOURCE_GBA_ART_PRESERVED,False,,2x source de-scaled
Reborn_Plates,CPF-0093,ledyba_alternate_form_1,Ledyba,Ledyba — Alternate (Form 1),Bug,Fighting,4,back-shiny.png;back.png;front-shiny.png;front.png,YES,0,160x160;192x192,NO,NEW_CANDIDATE_IMPORT,,back|back-shiny|front|front-shiny,back|back-shiny|front|front-shiny,ACTUAL_DESIGN__TECH_CLEANUP_APPLIED,False,,2x source de-scaled | palette reduced 16→15
Reborn_Plates,CPF-0178,lileep_alternate_form_1,Lileep,Lileep — Alternate (Form 1),Water,Grass,2,back.png;front.png,NO,0,160x160;192x192,NO,NEW_CANDIDATE_IMPORT,,back|front,back|front,ACTUAL_DESIGN__SOURCE_GBA_ART_PRESERVED,False,,2x source de-scaled
Reborn_Plates,CPF-0261,lilligant_alternate_form_2,Lilligant,Lilligant — Alternate (Form 2),Grass,Fighting,4,back-shiny.png;back.png;front-shiny.png;front.png,YES,0,192x192,NO,NEW_CANDIDATE_IMPORT,,back|back-shiny|front|front-shiny,back|back-shiny|front|front-shiny,ACTUAL_DESIGN__TECH_CLEANUP_APPLIED,False,,2x source de-scaled | nearest-neighbor fit to DS canvas
Reborn_Plates,CPF-0289,litwick_alternate_form_1,Litwick,Litwick — Alternate (Form 1),Ghost,Electric,4,back-shiny.png;back.png;front-shiny.png;front.png,YES,1,192x192,NO,NEW_CANDIDATE_IMPORT,,back|back-shiny|front|front-shiny,back|back-shiny|front|front-shiny,ACTUAL_DESIGN__SOURCE_GBA_ART_PRESERVED,False,,2x source de-scaled
Reborn_Plates,CPF-0210,lopunny_alternate_form_2,Lopunny,Lopunny — Alternate (Form 2),Ice,,4,back-shiny.png;back.png;front-shiny.png;front.png,YES,1,160x160;192x192,NO,NEW_CANDIDATE_IMPORT,,back|back-shiny|front|front-shiny,back|back-shiny|front|front-shiny,ACTUAL_DESIGN__SOURCE_GBA_ART_PRESERVED,False,,2x source de-scaled
Reborn_Plates,CPF-0211,lopunny_alternate_mega_form_3,Lopunny,Lopunny — Alternate Mega (Form 3),Ice,Fighting,4,back-shiny.png;back.png;front-shiny.png;front.png,YES,0,192x192,NO,NEW_CANDIDATE_IMPORT,,back|back-shiny|front|front-shiny,back|back-shiny|front|front-shiny,ACTUAL_DESIGN__TECH_CLEANUP_APPLIED,False,,2x source de-scaled | nearest-neighbor fit to DS canvas
Reborn_Plates,CPF-0209,lopunny_bluetowel_alternate_forms_form_1,Lopunny,Lopunny — BlueTowel Alternate forms (Form 1),Normal,Fighting,4,back-shiny.png;back.png;front-shiny.png;front.png,YES,0,192x192,NO,NEW_CANDIDATE_IMPORT,,back|back-shiny|front|front-shiny,back|back-shiny|front|front-shiny,ACTUAL_DESIGN__TECH_CLEANUP_APPLIED,False,,2x source de-scaled | nearest-neighbor fit to DS canvas | palette reduced 16→15
Reborn_Plates,CPF-0345,lurantis_alternate_form_1,Lurantis,Lurantis — Alternate (Form 1),Rock,,4,back-shiny.png;back.png;front-shiny.png;front.png,YES,0,192x192,NO,NEW_CANDIDATE_IMPORT,,back|back-shiny|front|front-shiny,back|back-shiny|front|front-shiny,ACTUAL_DESIGN__TECH_CLEANUP_APPLIED,False,,2x source de-scaled | nearest-neighbor fit to DS canvas | palette reduced 22→15 | palette reduced 33→15
Reborn_Plates,CPF-0200,luxray_alternate_form_1,Luxray,Luxray — Alternate (Form 1),Electric,Dark,4,back-shiny.png;back.png;front-shiny.png;front.png,YES,0,160x160;192x192,NO,NEW_CANDIDATE_IMPORT,,back|back-shiny|front|front-shiny,back|back-shiny|front|front-shiny,ACTUAL_DESIGN__TECH_CLEANUP_APPLIED,False,,2x source de-scaled | nearest-neighbor fit to DS canvas | palette reduced 18→15
Reborn_Plates,CPF-0063,magikarp_alternate_form_2,Magikarp,Magikarp — Alternate (Form 2),Water,,4,back-shiny.png;back.png;front-shiny.png;front.png,YES,0,160x160;192x192,NO,NEW_CANDIDATE_IMPORT,,back|back-shiny|front|front-shiny,back|back-shiny|front|front-shiny,ACTUAL_DESIGN__SOURCE_GBA_ART_PRESERVED,False,,2x source de-scaled
Reborn_Plates,CPF-0062,magmar_alternate_form_1,Magmar,Magmar — Alternate (Form 1),Fire,Steel,4,back-shiny.png;back.png;front-shiny.png;front.png,YES,0,160x160;192x192,NO,NEW_CANDIDATE_IMPORT,,back|back-shiny|front|front-shiny,back|back-shiny|front|front-shiny,ACTUAL_DESIGN__TECH_CLEANUP_APPLIED,False,,2x source de-scaled | nearest-neighbor fit to DS canvas | palette reduced 25→15 | palette reduced 26→15 | palette reduced 27→15
Reborn_Plates,CPF-0229,magmortar_alternate_form_1,Magmortar,Magmortar — Alternate (Form 1),Fire,Steel,4,back-shiny.png;back.png;front-shiny.png;front.png,YES,2,160x160;192x192,NO,NEW_CANDIDATE_IMPORT,,back|back-shiny|front|front-shiny,back|back-shiny|front|front-shiny,ACTUAL_DESIGN__TECH_CLEANUP_APPLIED,False,,2x source de-scaled | nearest-neighbor fit to DS canvas | palette reduced 23→15 | palette reduced 24→15 | palette reduced 25→15
Reborn_Plates,CPF-0168,manectric_alternate_form_2,Manectric,Manectric — Alternate (Form 2),Electric,Ice,4,back-shiny.png;back.png;front-shiny.png;front.png,YES,0,160x160;192x192,NO,NEW_CANDIDATE_IMPORT,,back|back-shiny|front|front-shiny,back|back-shiny|front|front-shiny,ACTUAL_DESIGN__TECH_CLEANUP_APPLIED,False,,2x source de-scaled | nearest-neighbor fit to DS canvas
Reborn_Plates,CPF-0085,meganium_alternate_form_1,Meganium,Meganium — Alternate (Form 1),Grass,Normal,4,back-shiny.png;back.png;front-shiny.png;front.png,YES,0,160x160;192x192,NO,NEW_CANDIDATE_IMPORT,,back|back-shiny|front|front-shiny,back|back-shiny|front|front-shiny,ACTUAL_DESIGN__TECH_CLEANUP_APPLIED,False,,2x source de-scaled | nearest-neighbor fit to DS canvas | palette reduced 17→15
Reborn_Plates,CPF-0194,metagross_alternate_form_1,Metagross,Metagross — Alternate (Form 1),Steel,Psychic,4,back-shiny.png;back.png;front-shiny.png;front.png,YES,0,192x192,NO,NEW_CANDIDATE_IMPORT,,back|back-shiny|front|front-shiny,back|back-shiny|front|front-shiny,ACTUAL_DESIGN__TECH_CLEANUP_APPLIED,False,,2x source de-scaled | nearest-neighbor fit to DS canvas | palette reduced 29→15 | palette reduced 32→15
Reborn_Plates,CPF-0147,mightyena_alternate_form_1,Mightyena,Mightyena — Alternate (Form 1),Dark,Poison,4,back-shiny.png;back.png;front-shiny.png;front.png,YES,0,192x192,NO,NEW_CANDIDATE_IMPORT,,back|back-shiny|front|front-shiny,back|back-shiny|front|front-shiny,ACTUAL_DESIGN__TECH_CLEANUP_APPLIED,False,,2x source de-scaled | nearest-neighbor fit to DS canvas | palette reduced 16→15 | palette reduced 18→15 | palette reduced 19→15
Reborn_Plates,CPF-0015,ninetales_alternate_form_2,Ninetales,Ninetales — Alternate (Form 2),Fire,Ice,4,back-shiny.png;back.png;front-shiny.png;front.png,YES,0,160x160;192x192,NO,NEW_CANDIDATE_IMPORT,,back|back-shiny|front|front-shiny,back|back-shiny|front|front-shiny,ACTUAL_DESIGN__TECH_CLEANUP_APPLIED,False,,2x source de-scaled | nearest-neighbor fit to DS canvas | palette reduced 29→15 | palette reduced 34→15
Reborn_Plates,CPF-0016,ninetales_alternate_form_3,Ninetales,Ninetales — Alternate (Form 3),Grass,Psychic,4,back-shiny.png;back.png;front-shiny.png;front.png,YES,0,160x160;192x192,NO,NEW_CANDIDATE_IMPORT,,back|back-shiny|front|front-shiny,back|back-shiny|front|front-shiny,ACTUAL_DESIGN__TECH_CLEANUP_APPLIED,False,,2x source de-scaled | nearest-neighbor fit to DS canvas | palette reduced 16→15 | palette reduced 17→15 | palette reduced 18→15
Reborn_Plates,CPF-0092,noctowl_alternate_form_1,Noctowl,Noctowl — Alternate (Form 1),Psychic,Flying,4,back-shiny.png;back.png;front-shiny.png;front.png,YES,0,160x160;192x192,NO,NEW_CANDIDATE_IMPORT,,back|back-shiny|front|front-shiny,back|back-shiny|front|front-shiny,ACTUAL_DESIGN__TECH_CLEANUP_APPLIED,False,,2x source de-scaled | nearest-neighbor fit to DS canvas | palette reduced 19→15 | palette reduced 23→15
Reborn_Plates,CPF-0232,nosepass_alternate_form_1,Nosepass,Nosepass — Alternate (Form 1),Rock,,4,back-shiny.png;back.png;front-shiny.png;front.png,YES,0,160x160;192x192,NO,NEW_CANDIDATE_IMPORT,,back|back-shiny|front|front-shiny,back|back-shiny|front|front-shiny,ACTUAL_DESIGN__SOURCE_GBA_ART_PRESERVED,False,,2x source de-scaled
Reborn_Plates,CPF-0164,numel_alternate_form_3,Numel,Numel — Alternate (Form 3),Fire,Ice,4,back-shiny.png;back.png;front-shiny.png;front.png,YES,0,160x160;192x192,NO,NEW_CANDIDATE_IMPORT,,back|back-shiny|front|front-shiny,back|back-shiny|front|front-shiny,ACTUAL_DESIGN__TECH_CLEANUP_APPLIED,False,,2x source de-scaled | palette reduced 16→15
Reborn_Plates,CPF-0126,octillery_alternate_form_1,Octillery,Octillery — Alternate (Form 1),Water,Poison,4,back-shiny.png;back.png;front-shiny.png;front.png,YES,0,160x160;192x192,NO,NEW_CANDIDATE_IMPORT,,back|back-shiny|front|front-shiny,back|back-shiny|front|front-shiny,PURE_RECOLOR_OF_VANILLA,True,DS_CUSTOM_LIBRARY/packs/DrPrettyman_DS_64x64/sprites-processed/front/octillery.png,2x source de-scaled
Reborn_Plates,CPF-0074,omanyte_alternate_form_1,Omanyte,Omanyte — Alternate (Form 1),Water,,4,back-shiny.png;back.png;front-shiny.png;front.png,YES,0,160x160;192x192,NO,NEW_CANDIDATE_IMPORT,,back|back-shiny|front|front-shiny,back|back-shiny|front|front-shiny,ACTUAL_DESIGN__TECH_CLEANUP_APPLIED,False,,2x source de-scaled | palette reduced 17→15 | palette reduced 18→15
Reborn_Plates,CPF-0075,omastar_alternate_form_1,Omastar,Omastar — Alternate (Form 1),Water,,4,back-shiny.png;back.png;front-shiny.png;front.png,YES,0,160x160;192x192,NO,NEW_CANDIDATE_IMPORT,,back|back-shiny|front|front-shiny,back|back-shiny|front|front-shiny,ACTUAL_DESIGN__TECH_CLEANUP_APPLIED,False,,2x source de-scaled | nearest-neighbor fit to DS canvas | palette reduced 16→15 | palette reduced 20→15 | palette reduced 22→15
Reborn_Plates,CPF-0049,onix_alternate_form_2,Onix,Onix — Alternate (Form 2),Rock,Flying,4,back-shiny.png;back.png;front-shiny.png;front.png,YES,0,160x160;192x192,NO,NEW_CANDIDATE_IMPORT,,back|back-shiny|front|front-shiny,back|back-shiny|front|front-shiny,ACTUAL_DESIGN__TECH_CLEANUP_APPLIED,False,,2x source de-scaled | nearest-neighbor fit to DS canvas
Reborn_Plates,CPF-0207,pachirisu_alternate_form_1,Pachirisu,Pachirisu — Alternate (Form 1),Electric,Grass,4,back-shiny.png;back.png;front-shiny.png;front.png,YES,0,160x160;192x192,NO,NEW_CANDIDATE_IMPORT,,back|back-shiny|front|front-shiny,back|back-shiny|front|front-shiny,ACTUAL_DESIGN__SOURCE_GBA_ART_PRESERVED,False,,2x source de-scaled
Reborn_Plates,CPF-0347,palossand_alternate_form_1,Palossand,Palossand — Alternate (Form 1),Ghost,Ice,4,back-shiny.png;back.png;front-shiny.png;front.png,YES,0,192x192,NO,NEW_CANDIDATE_IMPORT,,back|back-shiny|front|front-shiny,back|back-shiny|front|front-shiny,ACTUAL_DESIGN__TECH_CLEANUP_APPLIED,False,,2x source de-scaled | nearest-neighbor fit to DS canvas
Reborn_Plates,CPF-0019,paras_alternate_form_1,Paras,Paras — Alternate (Form 1),Bug,Ghost,4,back-shiny.png;back.png;front-shiny.png;front.png,YES,0,160x160;192x192,NO,NEW_CANDIDATE_IMPORT,,back|back-shiny|front|front-shiny,back|back-shiny|front|front-shiny,ACTUAL_DESIGN__SOURCE_GBA_ART_PRESERVED,False,,2x source de-scaled
Reborn_Plates,CPF-0020,parasect_alternate_form_1,Parasect,Parasect — Alternate (Form 1),Bug,Ghost,4,back-shiny.png;back.png;front-shiny.png;front.png,YES,0,160x160;192x192,NO,NEW_CANDIDATE_IMPORT,,back|back-shiny|front|front-shiny,back|back-shiny|front|front-shiny,ACTUAL_DESIGN__SOURCE_GBA_ART_PRESERVED,False,,2x source de-scaled
Reborn_Plates,CPF-0299,pawniard_alternate_form_1,Pawniard,Pawniard — Alternate (Form 1),Psychic,Steel,4,back-shiny.png;back.png;front-shiny.png;front.png,YES,0,192x192,NO,NEW_CANDIDATE_IMPORT,,back|back-shiny|front|front-shiny,back|back-shiny|front|front-shiny,ACTUAL_DESIGN__TECH_CLEANUP_APPLIED,False,,2x source de-scaled | palette reduced 22→15 | palette reduced 25→15
Reborn_Plates,CPF-0259,petilil_alternate_form_2,Petilil,Petilil — Alternate (Form 2),Grass,,4,back-shiny.png;back.png;front-shiny.png;front.png,YES,0,192x192,NO,NEW_CANDIDATE_IMPORT,,back|back-shiny|front|front-shiny,back|back-shiny|front|front-shiny,ACTUAL_DESIGN__SOURCE_GBA_ART_PRESERVED,False,,2x source de-scaled
Reborn_Plates,CPF-0127,phanpy_alternate_form_1,Phanpy,Phanpy — Alternate (Form 1),Ground,Electric,4,back-shiny.png;back.png;front-shiny.png;front.png,YES,0,160x160;192x192,NO,NEW_CANDIDATE_IMPORT,,back|back-shiny|front|front-shiny,back|back-shiny|front|front-shiny,ACTUAL_DESIGN__TECH_CLEANUP_APPLIED,False,,2x source de-scaled | palette reduced 17→15
Reborn_Plates,CPF-0248,pidove_alternate_form_1,Pidove,Pidove — Alternate (Form 1),Rock,Flying,4,back-shiny.png;back.png;front-shiny.png;front.png,YES,0,192x192,NO,NEW_CANDIDATE_IMPORT,,back|back-shiny|front|front-shiny,back|back-shiny|front|front-shiny,ACTUAL_DESIGN__TECH_CLEANUP_APPLIED,False,,2x source de-scaled | palette reduced 20→15 | palette reduced 24→15
Reborn_Plates,CPF-0242,pignite_alternate_form_1,Pignite,Pignite — Alternate (Form 1),Fire,Rock,4,back-shiny.png;back.png;front-shiny.png;front.png,YES,0,192x192,NO,NEW_CANDIDATE_IMPORT,,back|back-shiny|front|front-shiny,back|back-shiny|front|front-shiny,ACTUAL_DESIGN__TECH_CLEANUP_APPLIED,False,,2x source de-scaled | palette reduced 16→15 | palette reduced 18→15
Reborn_Plates,CPF-0034,ponyta_alternate_form_1,Ponyta,Ponyta — Alternate (Form 1),Fire,,4,back-shiny.png;back.png;front-shiny.png;front.png,YES,0,192x192,NO,NEW_CANDIDATE_IMPORT,,back|back-shiny|front|front-shiny,back|back-shiny|front|front-shiny,ACTUAL_DESIGN__SOURCE_GBA_ART_PRESERVED,False,,2x source de-scaled
Reborn_Plates,CPF-0339,primarina_alternate_form_1,Primarina,Primarina — Alternate (Form 1),Water,Fighting,4,back-shiny.png;back.png;front-shiny.png;front.png,YES,0,192x192,NO,NEW_CANDIDATE_IMPORT,,back|back-shiny|front|front-shiny,back|back-shiny|front|front-shiny,ACTUAL_DESIGN__TECH_CLEANUP_APPLIED,False,,2x source de-scaled | nearest-neighbor fit to DS canvas | palette reduced 24→15 | palette reduced 27→15 | palette reduced 31→15
Reborn_Plates,CPF-0133,pupitar_ice_form_2,Pupitar,Pupitar — Ice (Form 2),Ice,Ground,4,back-shiny.png;back.png;front-shiny.png;front.png,YES,0,160x160;192x192,NO,NEW_CANDIDATE_IMPORT,,back|back-shiny|front|front-shiny,back|back-shiny|front|front-shiny,ACTUAL_DESIGN__SOURCE_GBA_ART_PRESERVED,False,,2x source de-scaled
Reborn_Plates,CPF-0220,purugly_alternate_form_1,Purugly,Purugly — Alternate (Form 1),Normal,Ground,4,back-shiny.png;back.png;front-shiny.png;front.png,YES,0,160x160;192x192,NO,NEW_CANDIDATE_IMPORT,,back|back-shiny|front|front-shiny,back|back-shiny|front|front-shiny,ACTUAL_DESIGN__TECH_CLEANUP_APPLIED,False,,2x source de-scaled | palette reduced 17→15
Reborn_Plates,CPF-0106,quagsire_alternate_form_1,Quagsire,Quagsire — Alternate (Form 1),Water,Ground,4,back-shiny.png;back.png;front-shiny.png;front.png,YES,0,160x160;192x192,NO,NEW_CANDIDATE_IMPORT,,back|back-shiny|front|front-shiny,back|back-shiny|front|front-shiny,ACTUAL_DESIGN__TECH_CLEANUP_APPLIED,False,,2x source de-scaled | nearest-neighbor fit to DS canvas
Reborn_Plates,CPF-0086,quilava_alternate_form_1,Quilava,Quilava — Alternate (Form 1),Fire,Ground,4,back-shiny.png;back.png;front-shiny.png;front.png,YES,0,160x160;192x192,NO,NEW_CANDIDATE_IMPORT,,back|back-shiny|front|front-shiny,back|back-shiny|front|front-shiny,ACTUAL_DESIGN__TECH_CLEANUP_APPLIED,False,,2x source de-scaled | palette reduced 18→15 | palette reduced 19→15 | palette reduced 20→15
Reborn_Plates,CPF-0353,raboot_alternate_form_2,Raboot,Raboot — Alternate (Form 2),Fire,Fairy,4,back-shiny.png;back.png;front-shiny.png;front.png,YES,0,192x192,NO,NEW_CANDIDATE_IMPORT,,back|back-shiny|front|front-shiny,back|back-shiny|front|front-shiny,ACTUAL_DESIGN__TECH_CLEANUP_APPLIED,False,,2x source de-scaled | nearest-neighbor fit to DS canvas | palette reduced 16→15 | palette reduced 17→15
Reborn_Plates,CPF-0148,ralts_alternate_form_3,Ralts,Ralts — Alternate (Form 3),Flying,,4,back-shiny.png;back.png;front-shiny.png;front.png,YES,0,160x160;192x192,NO,NEW_CANDIDATE_IMPORT,,back|back-shiny|front|front-shiny,back|back-shiny|front|front-shiny,ACTUAL_DESIGN__TECH_CLEANUP_APPLIED,False,,2x source de-scaled | palette reduced 18→15
Reborn_Plates,CPF-0202,rampardos_alternate_form_1,Rampardos,Rampardos — Alternate (Form 1),Dragon,Rock,4,back-shiny.png;back.png;front-shiny.png;front.png,YES,0,160x160;192x192,NO,NEW_CANDIDATE_IMPORT,,back|back-shiny|front|front-shiny,back|back-shiny|front|front-shiny,ACTUAL_DESIGN__TECH_CLEANUP_APPLIED,False,,2x source de-scaled | nearest-neighbor fit to DS canvas | palette reduced 16→15 | palette reduced 18→15
Reborn_Plates,CPF-0035,rapidash_alternate_form_1,Rapidash,Rapidash — Alternate (Form 1),Fire,,4,back-shiny.png;back.png;front-shiny.png;front.png,YES,0,160x160;192x192,NO,NEW_CANDIDATE_IMPORT,,back|back-shiny|front|front-shiny,back|back-shiny|front|front-shiny,ACTUAL_DESIGN__TECH_CLEANUP_APPLIED,False,,2x source de-scaled | nearest-neighbor fit to DS canvas | palette reduced 52→15 | palette reduced 54→15 | palette reduced 58→15 | palette reduced 59→15
Reborn_Plates,CPF-0125,remoraid_alternate_form_1,Remoraid,Remoraid — Alternate (Form 1),Water,Poison,4,back-shiny.png;back.png;front-shiny.png;front.png,YES,0,160x160;192x192,NO,NEW_CANDIDATE_IMPORT,,back|back-shiny|front|front-shiny,back|back-shiny|front|front-shiny,ACTUAL_DESIGN__TECH_CLEANUP_APPLIED,False,,2x source de-scaled | palette reduced 16→15
Reborn_Plates,CPF-0278,reuniclus_alternate_form_1,Reuniclus,Reuniclus — Alternate (Form 1),Psychic,Water,4,back-shiny.png;back.png;front-shiny.png;front.png,YES,2,192x192,NO,NEW_CANDIDATE_IMPORT,,back|back-shiny|front|front-shiny,back|back-shiny|front|front-shiny,ACTUAL_DESIGN__TECH_CLEANUP_APPLIED,False,,2x source de-scaled | nearest-neighbor fit to DS canvas | palette reduced 16→15 | palette reduced 17→15
Reborn_Plates,CPF-0226,rhyperior_alternate_form_1,Rhyperior,Rhyperior — Alternate (Form 1),Bug,Rock,4,back-shiny.png;back.png;front-shiny.png;front.png,YES,1,160x160;192x192,NO,NEW_CANDIDATE_IMPORT,,back|back-shiny|front|front-shiny,back|back-shiny|front|front-shiny,ACTUAL_DESIGN__TECH_CLEANUP_APPLIED,False,,2x source de-scaled | nearest-neighbor fit to DS canvas | palette reduced 16→15 | palette reduced 17→15
Reborn_Plates,CPF-0340,ribombee_bluetowel_alternate_form_form_1,Ribombee,Ribombee — BlueTowel Alternate form (Form 1),Ground,Fairy,4,back-shiny.png;back.png;front-shiny.png;front.png,YES,0,192x192,NO,NEW_CANDIDATE_IMPORT,,back|back-shiny|front|front-shiny,back|back-shiny|front|front-shiny,ACTUAL_DESIGN__TECH_CLEANUP_APPLIED,False,,2x source de-scaled | palette reduced 18→15 | palette reduced 19→15 | palette reduced 21→15
Reborn_Plates,CPF-0341,ribombee_bluetowel_alternate_form_form_2,Ribombee,Ribombee — BlueTowel Alternate form (Form 2),Ground,Fairy,4,back-shiny.png;back.png;front-shiny.png;front.png,YES,0,192x192,NO,NEW_CANDIDATE_IMPORT,,,,ACTUAL_DESIGN__SOURCE_GBA_ART_PRESERVED,False,,source art preserved
Reborn_Plates,CPF-0351,rillaboom_alternate_form_2,Rillaboom,Rillaboom — Alternate (Form 2),Grass,Bug,4,back-shiny.png;back.png;front-shiny.png;front.png,YES,0,192x192,NO,NEW_CANDIDATE_IMPORT,,back|back-shiny|front|front-shiny,back|back-shiny|front|front-shiny,ACTUAL_DESIGN__TECH_CLEANUP_APPLIED,False,,2x source de-scaled | nearest-neighbor fit to DS canvas | palette reduced 28→15 | palette reduced 30→15 | palette reduced 36→15 | palette reduced 50→15
Reborn_Plates,CPF-0251,roggenrola_alternate_form_1,Roggenrola,Roggenrola — Alternate (Form 1),Rock,,4,back-shiny.png;back.png;front-shiny.png;front.png,YES,1,192x192,NO,NEW_CANDIDATE_IMPORT,,back|back-shiny|front|front-shiny,back|back-shiny|front|front-shiny,ACTUAL_DESIGN__SOURCE_GBA_ART_PRESERVED,False,,2x source de-scaled
Reborn_Plates,CPF-0158,sableye_alternate_darkness_form_4,Sableye,Sableye — Alternate / Darkness (Form 4),Dark,Ghost,4,back-shiny.png;back.png;front-shiny.png;front.png,YES,0,160x160;192x192,NO,NEW_CANDIDATE_IMPORT,,back|back-shiny|front|front-shiny,back|back-shiny|front|front-shiny,ACTUAL_DESIGN__SOURCE_GBA_ART_PRESERVED,False,,2x source de-scaled
Reborn_Plates,CPF-0159,sableye_alternate_darkness_mega_form_5,Sableye,Sableye — Alternate / Darkness Mega (Form 5),Dark,Fairy,4,back-shiny.png;back.png;front-shiny.png;front.png,YES,0,192x192,NO,NEW_CANDIDATE_IMPORT,,back|back-shiny|front|front-shiny,back|back-shiny|front|front-shiny,ACTUAL_DESIGN__TECH_CLEANUP_APPLIED,False,,2x source de-scaled | nearest-neighbor fit to DS canvas
Reborn_Plates,CPF-0156,sableye_alternate_gemstone_form_2,Sableye,Sableye — Alternate / Gemstone (Form 2),Dark,Ghost,4,back-shiny.png;back.png;front-shiny.png;front.png,YES,0,160x160;192x192,NO,NEW_CANDIDATE_IMPORT,,back|back-shiny|front|front-shiny,back|back-shiny|front|front-shiny,ACTUAL_DESIGN__TECH_CLEANUP_APPLIED,False,,2x source de-scaled | palette reduced 16→15
Reborn_Plates,CPF-0189,salamence_alternate_form_1,Salamence,Salamence — Alternate (Form 1),Dragon,Flying,4,back-shiny.png;back.png;front-shiny.png;front.png,YES,0,192x192,NO,NEW_CANDIDATE_IMPORT,,back|back-shiny|front|front-shiny,back|back-shiny|front|front-shiny,ACTUAL_DESIGN__TECH_CLEANUP_APPLIED,False,,2x source de-scaled | nearest-neighbor fit to DS canvas | palette reduced 18→15 | palette reduced 20→15
Reborn_Plates,CPF-0244,samurott_bluetowel_alternate_form_form_1,Samurott,Samurott — BlueTowel Alternate form (Form 1),Water,Fighting,4,back-shiny.png;back.png;front-shiny.png;front.png,YES,0,192x192,NO,NEW_CANDIDATE_IMPORT,,back|back-shiny|front|front-shiny,back|back-shiny|front|front-shiny,ACTUAL_DESIGN__TECH_CLEANUP_APPLIED,False,,2x source de-scaled | nearest-neighbor fit to DS canvas
Reborn_Plates,CPF-0245,samurott_bluetowel_alternate_form_form_2,Samurott,Samurott — BlueTowel Alternate form (Form 2),Water,Dark,4,back-shiny.png;back.png;front-shiny.png;front.png,YES,0,192x192,NO,NEW_CANDIDATE_IMPORT,,back|back-shiny|front|front-shiny,back|back-shiny|front|front-shiny,ACTUAL_DESIGN__TECH_CLEANUP_APPLIED,False,,2x source de-scaled | nearest-neighbor fit to DS canvas | palette reduced 27→15
Reborn_Plates,CPF-0346,sandygast_alternate_form_1,Sandygast,Sandygast — Alternate (Form 1),Ghost,Ice,4,back-shiny.png;back.png;front-shiny.png;front.png,YES,0,192x192,NO,NEW_CANDIDATE_IMPORT,,back|back-shiny|front|front-shiny,back|back-shiny|front|front-shiny,ACTUAL_DESIGN__SOURCE_GBA_ART_PRESERVED,False,,2x source de-scaled
Reborn_Plates,CPF-0140,sceptile_alternate_form_2,Sceptile,Sceptile — Alternate (Form 2),Grass,Flying,4,back-shiny.png;back.png;front-shiny.png;front.png,YES,0,160x160;192x192,NO,NEW_CANDIDATE_IMPORT,,back|back-shiny|front|front-shiny,back|back-shiny|front|front-shiny,ACTUAL_DESIGN__TECH_CLEANUP_APPLIED,False,,2x source de-scaled | nearest-neighbor fit to DS canvas | palette reduced 16→15 | palette reduced 17→15 | palette reduced 18→15 | palette reduced 21→15
Reborn_Plates,CPF-0141,sceptile_alternate_mega_form_3,Sceptile,Sceptile — Alternate / Mega (Form 3),Grass,Flying,4,back-shiny.png;back.png;front-shiny.png;front.png,YES,0,192x192,NO,NEW_CANDIDATE_IMPORT,,back|back-shiny|front|front-shiny,back|back-shiny|front|front-shiny,ACTUAL_DESIGN__TECH_CLEANUP_APPLIED,False,,2x source de-scaled | nearest-neighbor fit to DS canvas | palette reduced 25→15 | palette reduced 26→15
Reborn_Plates,CPF-0352,scorbunny_alternate_form_2,Scorbunny,Scorbunny — Alternate (Form 2),Fire,,4,back-shiny.png;back.png;front-shiny.png;front.png,YES,0,192x192,NO,NEW_CANDIDATE_IMPORT,,back|back-shiny|front|front-shiny,back|back-shiny|front|front-shiny,ACTUAL_DESIGN__TECH_CLEANUP_APPLIED,False,,2x source de-scaled | nearest-neighbor fit to DS canvas | palette reduced 20→15
Reborn_Plates,CPF-0241,serperior_alternate_form_1,Serperior,Serperior — Alternate (Form 1),Grass,Dragon,4,back-shiny.png;back.png;front-shiny.png;front.png,YES,0,192x192,NO,NEW_CANDIDATE_IMPORT,,back|back-shiny|front|front-shiny,back|back-shiny|front|front-shiny,ACTUAL_DESIGN__TECH_CLEANUP_APPLIED,False,,2x source de-scaled | nearest-neighbor fit to DS canvas | palette reduced 16→15
Reborn_Plates,CPF-0188,shelgon_alternate_form_2,Shelgon,Shelgon — Alternate (Form 2),Dragon,Ghost,4,back-shiny.png;back.png;front-shiny.png;front.png,YES,0,160x160;192x192,NO,NEW_CANDIDATE_IMPORT,,back|back-shiny|front|front-shiny,back|back-shiny|front|front-shiny,ACTUAL_DESIGN__TECH_CLEANUP_APPLIED,False,,2x source de-scaled | palette reduced 16→15 | palette reduced 17→15
Reborn_Plates,CPF-0042,sirfetch_d_alternate_form_1,Sirfetch'd,Sirfetch'd — Alternate (Form 1),Fighting,,4,back-shiny.png;back.png;front-shiny.png;front.png,YES,0,192x192,NO,NEW_CANDIDATE_IMPORT,,,,ACTUAL_DESIGN__SOURCE_GBA_ART_PRESERVED,False,,source art preserved
Reborn_Plates,CPF-0221,skorupi_alternate_form_1,Skorupi,Skorupi — Alternate (Form 1),Poison,Bug,4,back-shiny.png;back.png;front-shiny.png;front.png,YES,0,160x160;192x192,NO,NEW_CANDIDATE_IMPORT,,back|back-shiny|front|front-shiny,back|back-shiny|front|front-shiny,ACTUAL_DESIGN__SOURCE_GBA_ART_PRESERVED,False,,2x source de-scaled
Reborn_Plates,CPF-0222,skorupi_alternate_form_2,Skorupi,Skorupi — Alternate (Form 2),Poison,Bug,4,back-shiny.png;back.png;front-shiny.png;front.png,YES,0,160x160;192x192,NO,NEW_CANDIDATE_IMPORT,,back|back-shiny|front|front-shiny,back|back-shiny|front|front-shiny,ACTUAL_DESIGN__SOURCE_GBA_ART_PRESERVED,False,,2x source de-scaled
Reborn_Plates,CPF-0318,skrelp_alternate_form_1,Skrelp,Skrelp — Alternate (Form 1),Grass,Water,4,back-shiny.png;back.png;front-shiny.png;front.png,YES,0,192x192,NO,NEW_CANDIDATE_IMPORT,,back|back-shiny|front|front-shiny,back|back-shiny|front|front-shiny,ACTUAL_DESIGN__TECH_CLEANUP_APPLIED,False,,2x source de-scaled | palette reduced 21→15 | palette reduced 26→15
Reborn_Plates,CPF-0328,sliggoo_alternate_form_1,Sliggoo,Sliggoo — Alternate (Form 1),Dragon,Poison,4,back-shiny.png;back.png;front-shiny.png;front.png,YES,0,192x192,NO,NEW_CANDIDATE_IMPORT,,back|back-shiny|front|front-shiny,back|back-shiny|front|front-shiny,ACTUAL_DESIGN__SOURCE_GBA_ART_PRESERVED,False,,2x source de-scaled
Reborn_Plates,CPF-0329,sliggoo_alternate_form_2,Sliggoo,Sliggoo — Alternate (Form 2),Dragon,Steel,4,back-shiny.png;back.png;front-shiny.png;front.png,YES,0,192x192,NO,NEW_CANDIDATE_IMPORT,,back|back-shiny|front|front-shiny,back|back-shiny|front|front-shiny,ACTUAL_DESIGN__SOURCE_GBA_ART_PRESERVED,False,,2x source de-scaled
Reborn_Plates,CPF-0037,slowbro_bluetowel_alternate_forms_form_2,Slowbro,Slowbro — BlueTowel Alternate forms (Form 2),Fire,Water,4,back-shiny.png;back.png;front-shiny.png;front.png,YES,2,160x160;192x192,NO,NEW_CANDIDATE_IMPORT,,back|back-shiny|front|front-shiny,back|back-shiny|front|front-shiny,ACTUAL_DESIGN__TECH_CLEANUP_APPLIED,False,,2x source de-scaled | nearest-neighbor fit to DS canvas | palette reduced 18→15 | palette reduced 19→15
Reborn_Plates,CPF-0039,slowbro_bluetowel_alternate_forms_form_4,Slowbro,Slowbro — BlueTowel Alternate forms (Form 4),Poison,Psychic,4,back-shiny.png;back.png;front-shiny.png;front.png,YES,0,160x160;192x192,NO,NEW_CANDIDATE_IMPORT,,back|back-shiny|front|front-shiny,back|back-shiny|front|front-shiny,ACTUAL_DESIGN__TECH_CLEANUP_APPLIED,False,,2x source de-scaled | nearest-neighbor fit to DS canvas
Reborn_Plates,CPF-0040,slowbro_bluetowel_alternate_forms_form_5,Slowbro,Slowbro — BlueTowel Alternate forms (Form 5),Poison,Psychic,4,back-shiny.png;back.png;front-shiny.png;front.png,YES,0,160x160;192x192,NO,NEW_CANDIDATE_IMPORT,,back|back-shiny|front|front-shiny,back|back-shiny|front|front-shiny,ACTUAL_DESIGN__TECH_CLEANUP_APPLIED,False,,2x source de-scaled | nearest-neighbor fit to DS canvas | palette reduced 21→15 | palette reduced 23→15
Reborn_Plates,CPF-0038,slowbro_mega_alt_form_form_3,Slowbro,Slowbro — Mega Alt Form (Form 3),Fire,Water,4,back-shiny.png;back.png;front-shiny.png;front.png,YES,0,192x192,NO,NEW_CANDIDATE_IMPORT,,back|back-shiny|front|front-shiny,back|back-shiny|front|front-shiny,ACTUAL_DESIGN__TECH_CLEANUP_APPLIED,False,,2x source de-scaled | nearest-neighbor fit to DS canvas | palette reduced 19→15 | palette reduced 20→15 | palette reduced 32→15
Reborn_Plates,CPF-0107,slowking_bluetowel_alternate_forms_form_2,Slowking,Slowking — BlueTowel Alternate forms (Form 2),Fire,Water,4,back-shiny.png;back.png;front-shiny.png;front.png,YES,2,160x160;192x192,NO,NEW_CANDIDATE_IMPORT,,back|back-shiny|front|front-shiny,back|back-shiny|front|front-shiny,ACTUAL_DESIGN__TECH_CLEANUP_APPLIED,False,,2x source de-scaled | nearest-neighbor fit to DS canvas | palette reduced 16→15 | palette reduced 26→15 | palette reduced 27→15
Reborn_Plates,CPF-0122,sneasel_alternate_form_1,Sneasel,Sneasel — Alternate (Form 1),Dark,Ice,4,back-shiny.png;back.png;front-shiny.png;front.png,YES,0,160x160;192x192,NO,NEW_CANDIDATE_IMPORT,,back|back-shiny|front|front-shiny,back|back-shiny|front|front-shiny,ACTUAL_DESIGN__TECH_CLEANUP_APPLIED,False,,2x source de-scaled | palette reduced 19→15
Reborn_Plates,CPF-0123,sneasel_alternate_form_2,Sneasel,Sneasel — Alternate (Form 2),Dark,Fighting,4,back-shiny.png;back.png;front-shiny.png;front.png,YES,0,160x160;192x192,NO,NEW_CANDIDATE_IMPORT,,back|back-shiny|front|front-shiny,back|back-shiny|front|front-shiny,ACTUAL_DESIGN__SOURCE_GBA_ART_PRESERVED,False,,2x source de-scaled
Reborn_Plates,CPF-0355,sobble_alternate_form_2,Sobble,Sobble — Alternate (Form 2),Water,,4,back-shiny.png;back.png;front-shiny.png;front.png,YES,0,192x192,NO,NEW_CANDIDATE_IMPORT,,back|back-shiny|front|front-shiny,back|back-shiny|front|front-shiny,ACTUAL_DESIGN__TECH_CLEANUP_APPLIED,False,,2x source de-scaled | palette reduced 17→15
Reborn_Plates,CPF-0313,spritzee_alternate_form_1,Spritzee,Spritzee — Alternate (Form 1),Fairy,Poison,4,back-shiny.png;back.png;front-shiny.png;front.png,YES,0,192x192,NO,NEW_CANDIDATE_IMPORT,,back|back-shiny|front|front-shiny,back|back-shiny|front|front-shiny,ACTUAL_DESIGN__TECH_CLEANUP_APPLIED,False,,2x source de-scaled | palette reduced 19→15 | palette reduced 21→15
Reborn_Plates,CPF-0314,spritzee_alternate_form_2,Spritzee,Spritzee — Alternate (Form 2),Fairy,Fire,4,back-shiny.png;back.png;front-shiny.png;front.png,YES,0,192x192,NO,NEW_CANDIDATE_IMPORT,,back|back-shiny|front|front-shiny,back|back-shiny|front|front-shiny,ACTUAL_DESIGN__TECH_CLEANUP_APPLIED,False,,2x source de-scaled | palette reduced 23→15
Reborn_Plates,CPF-0117,steelix_alternate_form_2,Steelix,Steelix — Alternate (Form 2),Steel,Ground,4,back-shiny.png;back.png;front-shiny.png;front.png,YES,0,160x160;192x192,NO,NEW_CANDIDATE_IMPORT,,back|back-shiny|front|front-shiny,back|back-shiny|front|front-shiny,ACTUAL_DESIGN__TECH_CLEANUP_APPLIED,False,,2x source de-scaled | nearest-neighbor fit to DS canvas
Reborn_Plates,CPF-0118,steelix_alternate_mega_form_3,Steelix,Steelix — Alternate Mega (Form 3),Steel,Flying,4,back-shiny.png;back.png;front-shiny.png;front.png,YES,0,192x192,NO,NEW_CANDIDATE_IMPORT,,back|back-shiny|front|front-shiny,back|back-shiny|front|front-shiny,ACTUAL_DESIGN__TECH_CLEANUP_APPLIED,False,,2x source de-scaled | nearest-neighbor fit to DS canvas | palette reduced 21→15 | palette reduced 22→15 | palette reduced 23→15
Reborn_Plates,CPF-0102,sunflora_alternate_form_2,Sunflora,Sunflora — Alternate (Form 2),Grass,Water,4,back-shiny.png;back.png;front-shiny.png;front.png,YES,0,160x160;192x192,NO,NEW_CANDIDATE_IMPORT,,back|back-shiny|front|front-shiny,back|back-shiny|front|front-shiny,ACTUAL_DESIGN__TECH_CLEANUP_APPLIED,False,,2x source de-scaled | palette reduced 21→15 | palette reduced 22→15 | palette reduced 28→15 | palette reduced 29→15
Reborn_Plates,CPF-0161,swalot_alternate_form_2,Swalot,Swalot — Alternate (Form 2),Poison,Steel,4,back-shiny.png;back.png;front-shiny.png;front.png,YES,0,160x160;192x192,NO,NEW_CANDIDATE_IMPORT,,back|back-shiny|front|front-shiny,back|back-shiny|front|front-shiny,ACTUAL_DESIGN__TECH_CLEANUP_APPLIED,False,,2x source de-scaled | palette reduced 25→15 | palette reduced 26→15
Reborn_Plates,CPF-0145,swampert_alternate_mega_form_2,Swampert,Swampert — Alternate / Mega (Form 2),Water,Ground,4,back-shiny.png;back.png;front-shiny.png;front.png,YES,0,160x160;192x192,NO,NEW_CANDIDATE_IMPORT,,back|back-shiny|front|front-shiny,back|back-shiny|front|front-shiny,ACTUAL_DESIGN__TECH_CLEANUP_APPLIED,False,,2x source de-scaled | palette reduced 16→15
Reborn_Plates,CPF-0146,swampert_alternate_mega_form_3,Swampert,Swampert — Alternate / Mega (Form 3),Water,Ground,4,back-shiny.png;back.png;front-shiny.png;front.png,YES,0,160x160;192x192,NO,NEW_CANDIDATE_IMPORT,,back|back-shiny|front|front-shiny,back|back-shiny|front|front-shiny,ACTUAL_DESIGN__TECH_CLEANUP_APPLIED,False,,2x source de-scaled | nearest-neighbor fit to DS canvas | palette reduced 18→15 | palette reduced 23→15
Reborn_Plates,CPF-0350,thwackey_alternate_form_2,Thwackey,Thwackey — Alternate (Form 2),Grass,,4,back-shiny.png;back.png;front-shiny.png;front.png,YES,0,192x192,NO,NEW_CANDIDATE_IMPORT,,back|back-shiny|front|front-shiny,back|back-shiny|front|front-shiny,ACTUAL_DESIGN__TECH_CLEANUP_APPLIED,False,,2x source de-scaled | nearest-neighbor fit to DS canvas | palette reduced 22→15 | palette reduced 25→15 | palette reduced 33→15 | palette reduced 37→15
Reborn_Plates,CPF-0253,timburr_alternate_form_1,Timburr,Timburr — Alternate (Form 1),Fighting,Fairy,4,back-shiny.png;back.png;front-shiny.png;front.png,YES,0,192x192,NO,NEW_CANDIDATE_IMPORT,,back|back-shiny|front|front-shiny,back|back-shiny|front|front-shiny,ACTUAL_DESIGN__TECH_CLEANUP_APPLIED,False,,2x source de-scaled | palette reduced 27→15 | palette reduced 28→15
Reborn_Plates,CPF-0270,tirtouga_alternate_form_1,Tirtouga,Tirtouga — Alternate (Form 1),Water,Rock,4,back-shiny.png;back.png;front-shiny.png;front.png,YES,1,192x192,NO,NEW_CANDIDATE_IMPORT,,back|back-shiny|front|front-shiny,back|back-shiny|front|front-shiny,ACTUAL_DESIGN__SOURCE_GBA_ART_PRESERVED,False,,2x source de-scaled
Reborn_Plates,CPF-0197,torterra_bluetowel_alternate_form_form_1,Torterra,Torterra — BlueTowel Alternate form (Form 1),Grass,Rock,4,back-shiny.png;back.png;front-shiny.png;front.png,YES,0,160x160;192x192,NO,NEW_CANDIDATE_IMPORT,,back|back-shiny|front|front-shiny,back|back-shiny|front|front-shiny,ACTUAL_DESIGN__TECH_CLEANUP_APPLIED,False,,2x source de-scaled | nearest-neighbor fit to DS canvas | palette reduced 20→15 | palette reduced 22→15 | palette reduced 31→15
Reborn_Plates,CPF-0249,tranquill_alternate_form_1,Tranquill,Tranquill — Alternate (Form 1),Rock,Flying,4,back-shiny.png;back.png;front-shiny.png;front.png,YES,0,192x192,NO,NEW_CANDIDATE_IMPORT,,back|back-shiny|front|front-shiny,back|back-shiny|front|front-shiny,ACTUAL_DESIGN__TECH_CLEANUP_APPLIED,False,,2x source de-scaled | palette reduced 26→15
Reborn_Plates,CPF-0171,trapinch_alternate_form_1,Trapinch,Trapinch — Alternate (Form 1),Bug,,4,back-shiny.png;back.png;front-shiny.png;front.png,YES,0,160x160;192x192,NO,NEW_CANDIDATE_IMPORT,,back|back-shiny|front|front-shiny,back|back-shiny|front|front-shiny,ACTUAL_DESIGN__SOURCE_GBA_ART_PRESERVED,False,,2x source de-scaled
Reborn_Plates,CPF-0182,tropius_alternate_form_1,Tropius,Tropius — Alternate (Form 1),Grass,Fighting,4,back-shiny.png;back.png;front-shiny.png;front.png,YES,0,160x160;192x192,NO,NEW_CANDIDATE_IMPORT,,back|back-shiny|front|front-shiny,back|back-shiny|front|front-shiny,ACTUAL_DESIGN__TECH_CLEANUP_APPLIED,False,,2x source de-scaled | nearest-neighbor fit to DS canvas | palette reduced 20→15 | palette reduced 21→15 | palette reduced 25→15 | palette reduced 27→15
Reborn_Plates,CPF-0274,trubbish_alternate_form_1,Trubbish,Trubbish — Alternate (Form 1),Poison,Ground,4,back-shiny.png;back.png;front-shiny.png;front.png,YES,0,192x192,NO,NEW_CANDIDATE_IMPORT,,back|back-shiny|front|front-shiny,back|back-shiny|front|front-shiny,ACTUAL_DESIGN__SOURCE_GBA_ART_PRESERVED,False,,2x source de-scaled
Reborn_Plates,CPF-0087,typhlosion_alternate_form_1,Typhlosion,Typhlosion — Alternate (Form 1),Fire,Ground,4,back-shiny.png;back.png;front-shiny.png;front.png,YES,0,160x160;192x192,NO,NEW_CANDIDATE_IMPORT,,back|back-shiny|front|front-shiny,back|back-shiny|front|front-shiny,ACTUAL_DESIGN__TECH_CLEANUP_APPLIED,False,,2x source de-scaled | nearest-neighbor fit to DS canvas | palette reduced 16→15 | palette reduced 17→15 | palette reduced 21→15
Reborn_Plates,CPF-0088,typhlosion_alternate_form_2,Typhlosion,Typhlosion — Alternate (Form 2),Fire,Ghost,4,back-shiny.png;back.png;front-shiny.png;front.png,YES,0,160x192;192x192,NO,NEW_CANDIDATE_IMPORT,,back|back-shiny|front|front-shiny,back|back-shiny|front|front-shiny,ACTUAL_DESIGN__TECH_CLEANUP_APPLIED,False,,2x source de-scaled | nearest-neighbor fit to DS canvas | palette reduced 16→15 | palette reduced 17→15
Reborn_Plates,CPF-0135,tyranitar_ice_form_2,Tyranitar,Tyranitar — Ice (Form 2),Ice,Dark,4,back-shiny.png;back.png;front-shiny.png;front.png,YES,0,160x160;192x192,NO,NEW_CANDIDATE_IMPORT,,back|back-shiny|front|front-shiny,back|back-shiny|front|front-shiny,ACTUAL_DESIGN__TECH_CLEANUP_APPLIED,False,,2x source de-scaled | nearest-neighbor fit to DS canvas
Reborn_Plates,CPF-0136,tyranitar_mega_ice_form_3,Tyranitar,Tyranitar — Mega Ice (Form 3),Ice,Dark,4,back-shiny.png;back.png;front-shiny.png;front.png,YES,0,192x192,NO,NEW_CANDIDATE_IMPORT,,back|back-shiny|front|front-shiny,back|back-shiny|front|front-shiny,ACTUAL_DESIGN__TECH_CLEANUP_APPLIED,False,,2x source de-scaled | nearest-neighbor fit to DS canvas | palette reduced 17→15
Reborn_Plates,CPF-0070,umbreon_alternate_form_3,Umbreon,Umbreon — Alternate (Form 3),Dark,,4,back-shiny.png;back.png;front-shiny.png;front.png,YES,0,160x160;192x192,NO,NEW_CANDIDATE_IMPORT,,back|back-shiny|front|front-shiny,back|back-shiny|front|front-shiny,ACTUAL_DESIGN__SOURCE_GBA_ART_PRESERVED,False,,2x source de-scaled
Reborn_Plates,CPF-0250,unfezant_alternate_form_1,Unfezant,Unfezant — Alternate (Form 1),Rock,Flying,4,back-shiny.png;back.png;front-shiny.png;front.png,YES,0,192x192,NO,NEW_CANDIDATE_IMPORT,,back|back-shiny|front|front-shiny,back|back-shiny|front|front-shiny,ACTUAL_DESIGN__TECH_CLEANUP_APPLIED,False,,2x source de-scaled | nearest-neighbor fit to DS canvas | palette reduced 19→15 | palette reduced 23→15
Reborn_Plates,CPF-0280,vanillish_alternate_form_1,Vanillish,Vanillish — Alternate (Form 1),Ice,Fairy,4,back-shiny.png;back.png;front-shiny.png;front.png,YES,0,192x192,NO,NEW_CANDIDATE_IMPORT,,back|back-shiny|front|front-shiny,back|back-shiny|front|front-shiny,ACTUAL_DESIGN__TECH_CLEANUP_APPLIED,False,,2x source de-scaled | palette reduced 16→15
Reborn_Plates,CPF-0279,vanillite_alternate_form_1,Vanillite,Vanillite — Alternate (Form 1),Ice,Fairy,4,back-shiny.png;back.png;front-shiny.png;front.png,YES,0,192x192,NO,NEW_CANDIDATE_IMPORT,,back|back-shiny|front|front-shiny,back|back-shiny|front|front-shiny,ACTUAL_DESIGN__SOURCE_GBA_ART_PRESERVED,False,,2x source de-scaled
Reborn_Plates,CPF-0281,vanilluxe_alternate_form_1,Vanilluxe,Vanilluxe — Alternate (Form 1),Ice,Fairy,4,back-shiny.png;back.png;front-shiny.png;front.png,YES,0,192x192,NO,NEW_CANDIDATE_IMPORT,,back|back-shiny|front|front-shiny,back|back-shiny|front|front-shiny,ACTUAL_DESIGN__TECH_CLEANUP_APPLIED,False,,2x source de-scaled | palette reduced 23→15 | palette reduced 31→15
Reborn_Plates,CPF-0066,vaporeon_alternate_form_3,Vaporeon,Vaporeon — Alternate (Form 3),Water,,4,back-shiny.png;back.png;front-shiny.png;front.png,YES,0,160x160;192x192,NO,NEW_CANDIDATE_IMPORT,,back|back-shiny|front|front-shiny,back|back-shiny|front|front-shiny,ACTUAL_DESIGN__TECH_CLEANUP_APPLIED,False,,2x source de-scaled | nearest-neighbor fit to DS canvas | palette reduced 16→15 | palette reduced 17→15
Reborn_Plates,CPF-0022,venomoth_alternate_form_1,Venomoth,Venomoth — Alternate (Form 1),Bug,Psychic,4,back-shiny.png;back.png;front-shiny.png;front.png,YES,0,160x160;192x192,NO,NEW_CANDIDATE_IMPORT,,back|back-shiny|front|front-shiny,back|back-shiny|front|front-shiny,ACTUAL_DESIGN__TECH_CLEANUP_APPLIED,False,,2x source de-scaled | nearest-neighbor fit to DS canvas | palette reduced 17→15 | palette reduced 19→15
Reborn_Plates,CPF-0021,venonat_alternate_form_1,Venonat,Venonat — Alternate (Form 1),Bug,Psychic,4,back-shiny.png;back.png;front-shiny.png;front.png,YES,0,160x160;192x192,NO,NEW_CANDIDATE_IMPORT,,back|back-shiny|front|front-shiny,back|back-shiny|front|front-shiny,ACTUAL_DESIGN__SOURCE_GBA_ART_PRESERVED,False,,2x source de-scaled
Reborn_Plates,CPF-0172,vibrava_alternate_form_1,Vibrava,Vibrava — Alternate (Form 1),Bug,Dragon,4,back-shiny.png;back.png;front-shiny.png;front.png,YES,0,160x160;192x192,NO,NEW_CANDIDATE_IMPORT,,back|back-shiny|front|front-shiny,back|back-shiny|front|front-shiny,ACTUAL_DESIGN__TECH_CLEANUP_APPLIED,False,,2x source de-scaled | palette reduced 21→15 | palette reduced 22→15
Reborn_Plates,CPF-0014,vulpix_alternate_form_3,Vulpix,Vulpix — Alternate (Form 3),Grass,,4,back-shiny.png;back.png;front-shiny.png;front.png,YES,2,160x160;192x192,NO,NEW_CANDIDATE_IMPORT,,back|back-shiny|front|front-shiny,back|back-shiny|front|front-shiny,ACTUAL_DESIGN__SOURCE_GBA_ART_PRESERVED,False,,2x source de-scaled
Reborn_Plates,CPF-0124,weavile_alternate_form_1,Weavile,Weavile — Alternate (Form 1),Poison,Ice,4,back-shiny.png;back.png;front-shiny.png;front.png,YES,0,160x160;192x192,NO,NEW_CANDIDATE_IMPORT,,back|back-shiny|front|front-shiny,back|back-shiny|front|front-shiny,ACTUAL_DESIGN__TECH_CLEANUP_APPLIED,False,,2x source de-scaled | palette reduced 16→15 | palette reduced 21→15
Reborn_Plates,CPF-0003,weedle_alternate_form_2,Weedle,Weedle — Alternate (Form 2),Bug,Ice,4,back-shiny.png;back.png;front-shiny.png;front.png,YES,0,160x160;192x192,NO,NEW_CANDIDATE_IMPORT,,back|back-shiny|front|front-shiny,back|back-shiny|front|front-shiny,ACTUAL_DESIGN__TECH_CLEANUP_APPLIED,False,,2x source de-scaled | palette reduced 49→15 | palette reduced 53→15 | palette reduced 66→15 | palette reduced 85→15
Reborn_Plates,CPF-0018,wigglytuff_alternate_form_1,Wigglytuff,Wigglytuff — Alternate (Form 1),Flying,Fairy,4,back-shiny.png;back.png;front-shiny.png;front.png,YES,0,160x160;192x192,NO,NEW_CANDIDATE_IMPORT,,back|back-shiny|front|front-shiny,back|back-shiny|front|front-shiny,ACTUAL_DESIGN__TECH_CLEANUP_APPLIED,False,,2x source de-scaled | palette reduced 17→15
Reborn_Plates,CPF-0105,wooper_alternate_form_1,Wooper,Wooper — Alternate (Form 1),Water,Ground,4,back-shiny.png;back.png;front-shiny.png;front.png,YES,0,160x160;192x192,NO,NEW_CANDIDATE_IMPORT,,back|back-shiny|front|front-shiny,back|back-shiny|front|front-shiny,ACTUAL_DESIGN__SOURCE_GBA_ART_PRESERVED,False,,2x source de-scaled
Reborn_Plates,CPF-0096,xatu_alternate_form_1,Xatu,Xatu — Alternate (Form 1),Ghost,Flying,4,back-shiny.png;back.png;front-shiny.png;front.png,YES,0,160x160;192x192,NO,NEW_CANDIDATE_IMPORT,,back|back-shiny|front|front-shiny,back|back-shiny|front|front-shiny,ACTUAL_DESIGN__SOURCE_GBA_ART_PRESERVED,False,,2x source de-scaled
Reborn_Plates,CPF-0267,yamask_alternate_form_1,Yamask,Yamask — Alternate (Form 1),Ghost,Ground,4,back-shiny.png;back.png;front-shiny.png;front.png,YES,0,192x192,NO,NEW_CANDIDATE_IMPORT,,back|back-shiny|front|front-shiny,back|back-shiny|front|front-shiny,ACTUAL_DESIGN__SOURCE_GBA_ART_PRESERVED,False,,2x source de-scaled
Reborn_Plates,CPF-0268,yamask_alternate_form_2,Yamask,Yamask — Alternate (Form 2),Ghost,Ground,4,back-shiny.png;back.png;front-shiny.png;front.png,YES,0,192x192,NO,NEW_CANDIDATE_IMPORT,,back|back-shiny|front|front-shiny,back|back-shiny|front|front-shiny,ACTUAL_DESIGN__SOURCE_GBA_ART_PRESERVED,False,,2x source de-scaled
Reborn_Plates,CPF-0103,yanma_alternate_form_1,Yanma,Yanma — Alternate (Form 1),Bug,Ground,4,back-shiny.png;back.png;front-shiny.png;front.png,YES,0,160x160;192x192,NO,NEW_CANDIDATE_IMPORT,,back|back-shiny|front|front-shiny,back|back-shiny|front|front-shiny,ACTUAL_DESIGN__TECH_CLEANUP_APPLIED,False,,2x source de-scaled | nearest-neighbor fit to DS canvas | palette reduced 16→15 | palette reduced 19→15 | palette reduced 22→15
Reborn_Plates,CPF-0104,yanmega_alternate_form_1,Yanmega,Yanmega — Alternate (Form 1),Bug,Ground,4,back-shiny.png;back.png;front-shiny.png;front.png,YES,2,160x160;192x192,NO,NEW_CANDIDATE_IMPORT,,back|back-shiny|front|front-shiny,back|back-shiny|front|front-shiny,ACTUAL_DESIGN__TECH_CLEANUP_APPLIED,False,,2x source de-scaled | nearest-neighbor fit to DS canvas | palette reduced 25→15 | palette reduced 30→15 | palette reduced 31→15 | palette reduced 33→15
Reborn_Plates,CPF-0304,zweilous_cybertank_form_1,Zweilous,Zweilous — Cybertank (Form 1),Steel,Dragon,4,back-shiny.png;back.png;front-shiny.png;front.png,YES,0,192x192,NO,NEW_CANDIDATE_IMPORT,,back|back-shiny|front|front-shiny,back|back-shiny|front|front-shiny,ACTUAL_DESIGN__TECH_CLEANUP_APPLIED,False,,2x source de-scaled | palette reduced 17→15
Reborn_Plates,CPF-0305,zweilous_telepathic_form_2,Zweilous,Zweilous — Telepathic (Form 2),Psychic,Dragon,4,back-shiny.png;back.png;front-shiny.png;front.png,YES,0,192x192,NO,NEW_CANDIDATE_IMPORT,,back|back-shiny|front|front-shiny,back|back-shiny|front|front-shiny,ACTUAL_DESIGN__TECH_CLEANUP_APPLIED,False,,2x source de-scaled | nearest-neighbor fit to DS canvas
Elite_Redux,,meganium_mega,Meganium,MEGANIUM_MEGA,,,4,back-shiny.png;back.png;front-shiny.png;front.png,YES,0,64x64,NO,NEW_CANDIDATE_IMPORT,,back|back-shiny|front|front-shiny,back|back-shiny|front|front-shiny,ACTUAL_DESIGN__TECH_CLEANUP_APPLIED,False,,nearest-neighbor fit to DS canvas
Elite_Redux,,meowstic_mega,Meowstic,MEOWSTIC_MEGA,,,4,back-shiny.png;back.png;front-shiny.png;front.png,YES,0,64x64,NO,NEW_CANDIDATE_IMPORT,,back|back-shiny|front|front-shiny,back|back-shiny|front|front-shiny,ACTUAL_DESIGN__TECH_CLEANUP_APPLIED,False,,nearest-neighbor fit to DS canvas
Elite_Redux,,pyroar_mega,Pyroar,PYROAR_MEGA,,,4,back-shiny.png;back.png;front-shiny.png;front.png,YES,0,64x64,NO,NEW_CANDIDATE_IMPORT,,back|back-shiny|front|front-shiny,back|back-shiny|front|front-shiny,ACTUAL_DESIGN__TECH_CLEANUP_APPLIED,False,,nearest-neighbor fit to DS canvas
Elite_Redux,,raichu_mega_x,Raichu,RAICHU_MEGA_X,,,4,back-shiny.png;back.png;front-shiny.png;front.png,YES,0,64x64,NO,NEW_CANDIDATE_IMPORT,,back|back-shiny|front|front-shiny,back|back-shiny|front|front-shiny,ACTUAL_DESIGN__TECH_CLEANUP_APPLIED,False,,nearest-neighbor fit to DS canvas
Elite_Redux,,raichu_mega_y,Raichu,RAICHU_MEGA_Y,,,4,back-shiny.png;back.png;front-shiny.png;front.png,YES,0,64x64,NO,NEW_CANDIDATE_IMPORT,,back|back-shiny|front|front-shiny,back|back-shiny|front|front-shiny,ACTUAL_DESIGN__TECH_CLEANUP_APPLIED,False,,nearest-neighbor fit to DS canvas
Elite_Redux,,scolipede_mega,Scolipede,SCOLIPEDE_MEGA,,,4,back-shiny.png;back.png;front-shiny.png;front.png,YES,0,64x64,NO,NEW_CANDIDATE_IMPORT,,back|back-shiny|front|front-shiny,back|back-shiny|front|front-shiny,ACTUAL_DESIGN__TECH_CLEANUP_APPLIED,False,,nearest-neighbor fit to DS canvas
Elite_Redux,,scovillain_mega,Scovillain,SCOVILLAIN_MEGA,,,4,back-shiny.png;back.png;front-shiny.png;front.png,YES,0,64x64,NO,NEW_CANDIDATE_IMPORT,,back|back-shiny|front|front-shiny,back|back-shiny|front|front-shiny,ACTUAL_DESIGN__TECH_CLEANUP_APPLIED,False,,nearest-neighbor fit to DS canvas
Elite_Redux,,scrafty_mega,Scrafty,SCRAFTY_MEGA,,,4,back-shiny.png;back.png;front-shiny.png;front.png,YES,0,64x64,NO,NEW_CANDIDATE_IMPORT,,back|back-shiny|front|front-shiny,back|back-shiny|front|front-shiny,ACTUAL_DESIGN__SOURCE_GBA_ART_PRESERVED,False,,source art preserved
Elite_Redux,,skarmory_mega,Skarmory,SKARMORY_MEGA,,,4,back-shiny.png;back.png;front-shiny.png;front.png,YES,0,64x64,NO,NEW_CANDIDATE_IMPORT,,back|back-shiny|front|front-shiny,back|back-shiny|front|front-shiny,ACTUAL_DESIGN__TECH_CLEANUP_APPLIED,False,,nearest-neighbor fit to DS canvas
Elite_Redux,,staraptor_mega,Staraptor,STARAPTOR_MEGA,,,4,back-shiny.png;back.png;front-shiny.png;front.png,YES,0,64x64,NO,NEW_CANDIDATE_IMPORT,,back|back-shiny|front|front-shiny,back|back-shiny|front|front-shiny,ACTUAL_DESIGN__TECH_CLEANUP_APPLIED,False,,nearest-neighbor fit to DS canvas
Elite_Redux,,starmie_mega,Starmie,STARMIE_MEGA,,,4,back-shiny.png;back.png;front-shiny.png;front.png,YES,0,64x64,NO,NEW_CANDIDATE_IMPORT,,back|back-shiny|front|front-shiny,back|back-shiny|front|front-shiny,ACTUAL_DESIGN__SOURCE_GBA_ART_PRESERVED,False,,source art preserved
Elite_Redux,,victreebel_mega,Victreebel,VICTREEBEL_MEGA,,,4,back-shiny.png;back.png;front-shiny.png;front.png,YES,0,64x64,NO,NEW_CANDIDATE_IMPORT,,back|back-shiny|front|front-shiny,back|back-shiny|front|front-shiny,ACTUAL_DESIGN__TECH_CLEANUP_APPLIED,False,,nearest-neighbor fit to DS canvas
Elite_Redux,,zeraora_mega,Zeraora,ZERAORA_MEGA,,,4,back-shiny.png;back.png;front-shiny.png;front.png,YES,0,64x64,NO,NEW_CANDIDATE_IMPORT,,back|back-shiny|front|front-shiny,back|back-shiny|front|front-shiny,ACTUAL_DESIGN__SOURCE_GBA_ART_PRESERVED,False,,source art preserved
