key,category,complete_4way,redux_named,mega_named,has_front,has_back,has_front_shiny,has_back_shiny,staged_dir
ABRA_REDUX,DS_TECH_READY_SOURCE,True,True,False,True,True,True,True,DS_CUSTOM_LIBRARY/converted/Legacy_GBA_Phase1/abra_redux
AEGISLASH_BLADE_REDUX,DS_TECH_READY_SOURCE,True,True,False,True,True,True,True,DS_CUSTOM_LIBRARY/converted/Legacy_GBA_Phase1/aegislash_blade_redux
AEGISLASH_REDUX,DS_TECH_READY_SOURCE,True,True,False,True,True,True,True,DS_CUSTOM_LIBRARY/converted/Legacy_GBA_Phase1/aegislash_redux
ALAKAZAM_MEGA_REDUX,DS_TECH_READY_SOURCE,True,True,True,True,True,True,True,DS_CUSTOM_LIBRARY/converted/Legacy_GBA_Phase1/alakazam_mega_redux
ALAKAZAM_REDUX,DS_TECH_READY_SOURCE,True,True,False,True,True,True,True,DS_CUSTOM_LIBRARY/converted/Legacy_GBA_Phase1/alakazam_redux
AMPHYBUZZ,DS_TECH_READY_SOURCE,True,False,False,True,True,True,True,DS_CUSTOM_LIBRARY/converted/Legacy_GBA_Phase1/amphybuzz
AMPHYBUZZ_MEGA,DS_TECH_READY_SOURCE,True,False,True,True,True,True,True,DS_CUSTOM_LIBRARY/converted/Legacy_GBA_Phase1/amphybuzz_mega
ARBOK_MEGA,DS_TECH_READY_SOURCE,True,False,True,True,True,True,True,DS_CUSTOM_LIBRARY/converted/Legacy_GBA_Phase1/arbok_mega
ARCANINE_HISUIAN_MEGA,DS_TECH_READY_SOURCE,True,False,True,True,True,True,True,DS_CUSTOM_LIBRARY/converted/Legacy_GBA_Phase1/arcanine_hisuian_mega
ARCANINE_MEGA,DS_TECH_READY_SOURCE,True,False,True,True,True,True,True,DS_CUSTOM_LIBRARY/converted/Legacy_GBA_Phase1/arcanine_mega
ARCANINE_REDUX,DS_TECH_READY_SOURCE,True,True,False,True,True,True,True,DS_CUSTOM_LIBRARY/converted/Legacy_GBA_Phase1/arcanine_redux
BARIONG,DS_TECH_READY_SOURCE,True,False,False,True,True,True,True,DS_CUSTOM_LIBRARY/converted/Legacy_GBA_Phase1/bariong
BEEDRILL_MEGA_REDUX,DS_TECH_READY_SOURCE,True,True,True,True,True,True,True,DS_CUSTOM_LIBRARY/converted/Legacy_GBA_Phase1/beedrill_mega_redux
BEEDRILL_REDUX,DS_TECH_READY_SOURCE,True,True,False,True,True,True,True,DS_CUSTOM_LIBRARY/converted/Legacy_GBA_Phase1/beedrill_redux
BELLSPROUT_REDUX,DS_TECH_READY_SOURCE,True,True,False,True,True,True,True,DS_CUSTOM_LIBRARY/converted/Legacy_GBA_Phase1/bellsprout_redux
BEWARDEN,DS_TECH_READY_SOURCE,True,False,False,True,True,True,True,DS_CUSTOM_LIBRARY/converted/Legacy_GBA_Phase1/bewarden
BEWARDEN_REDUX,DS_TECH_READY_SOURCE,True,True,False,True,True,True,True,DS_CUSTOM_LIBRARY/converted/Legacy_GBA_Phase1/bewarden_redux
BLASTOISE_MEGA_X,DS_TECH_READY_SOURCE,True,False,True,True,True,True,True,DS_CUSTOM_LIBRARY/converted/Legacy_GBA_Phase1/blastoise_mega_x
BLISSEY_REDUX,DS_TECH_READY_SOURCE,True,True,False,True,True,True,True,DS_CUSTOM_LIBRARY/converted/Legacy_GBA_Phase1/blissey_redux
BLOCLI,DS_TECH_READY_SOURCE,True,False,False,True,True,True,True,DS_CUSTOM_LIBRARY/converted/Legacy_GBA_Phase1/blocli
BLOXTACK,DS_TECH_READY_SOURCE,True,False,False,True,True,True,True,DS_CUSTOM_LIBRARY/converted/Legacy_GBA_Phase1/bloxtack
BREEZING,DS_TECH_READY_SOURCE,True,False,False,True,True,True,True,DS_CUSTOM_LIBRARY/converted/Legacy_GBA_Phase1/breezing
BUBBLEO,DS_TECH_READY_SOURCE,True,False,False,True,True,True,True,DS_CUSTOM_LIBRARY/converted/Legacy_GBA_Phase1/bubbleo
BUTTERFREE_MEGA,DS_TECH_READY_SOURCE,True,False,True,True,True,True,True,DS_CUSTOM_LIBRARY/converted/Legacy_GBA_Phase1/butterfree_mega
CARBONIX_MEGA,DS_TECH_READY_SOURCE,True,False,True,True,True,True,True,DS_CUSTOM_LIBRARY/converted/Legacy_GBA_Phase1/carbonix_mega
CETITAN_REDUX,DS_TECH_READY_SOURCE,True,True,False,True,True,True,True,DS_CUSTOM_LIBRARY/converted/Legacy_GBA_Phase1/cetitan_redux
CETODDLE_REDUX,DS_TECH_READY_SOURCE,True,True,False,True,True,True,True,DS_CUSTOM_LIBRARY/converted/Legacy_GBA_Phase1/cetoddle_redux
CHANSEY_REDUX,DS_TECH_READY_SOURCE,True,True,False,True,True,True,True,DS_CUSTOM_LIBRARY/converted/Legacy_GBA_Phase1/chansey_redux
CHARIZARD_MEGA_Z,DS_TECH_READY_SOURCE,True,False,True,True,True,True,True,DS_CUSTOM_LIBRARY/converted/Legacy_GBA_Phase1/charizard_mega_z
CINDERACE_MEGA,DS_TECH_READY_SOURCE,True,False,True,True,True,True,True,DS_CUSTOM_LIBRARY/converted/Legacy_GBA_Phase1/cinderace_mega
CLEFABLE_MEGA_Y,DS_TECH_READY_SOURCE,True,False,True,True,True,True,True,DS_CUSTOM_LIBRARY/converted/Legacy_GBA_Phase1/clefable_mega_y
COALOSSAL_MEGA,DS_TECH_READY_SOURCE,True,False,True,True,True,True,True,DS_CUSTOM_LIBRARY/converted/Legacy_GBA_Phase1/coalossal_mega
CORM,DS_TECH_READY_SOURCE,True,False,False,True,True,True,True,DS_CUSTOM_LIBRARY/converted/Legacy_GBA_Phase1/corm
CORMOTH,DS_TECH_READY_SOURCE,True,False,False,True,True,True,True,DS_CUSTOM_LIBRARY/converted/Legacy_GBA_Phase1/cormoth
CORMOTH_MEGA,DS_TECH_READY_SOURCE,True,False,True,True,True,True,True,DS_CUSTOM_LIBRARY/converted/Legacy_GBA_Phase1/cormoth_mega
CRABOMINABLE_REDUX,DS_TECH_READY_SOURCE,True,True,False,True,True,True,True,DS_CUSTOM_LIBRARY/converted/Legacy_GBA_Phase1/crabominable_redux
CRABRAWLER_REDUX,DS_TECH_READY_SOURCE,True,True,False,True,True,True,True,DS_CUSTOM_LIBRARY/converted/Legacy_GBA_Phase1/crabrawler_redux
CRABRUISER,DS_TECH_READY_SOURCE,True,False,False,True,True,True,True,DS_CUSTOM_LIBRARY/converted/Legacy_GBA_Phase1/crabruiser
CROBAT_MEGA,DS_TECH_READY_SOURCE,True,False,True,True,True,True,True,DS_CUSTOM_LIBRARY/converted/Legacy_GBA_Phase1/crobat_mega
DOUBLADE_REDUX,DS_TECH_READY_SOURCE,True,True,False,True,True,True,True,DS_CUSTOM_LIBRARY/converted/Legacy_GBA_Phase1/doublade_redux
DREDNAW_MEGA,DS_TECH_READY_SOURCE,True,False,True,True,True,True,True,DS_CUSTOM_LIBRARY/converted/Legacy_GBA_Phase1/drednaw_mega
ERATICATE,DS_TECH_READY_SOURCE,True,False,False,True,True,True,True,DS_CUSTOM_LIBRARY/converted/Legacy_GBA_Phase1/eraticate
EXEGGCUTE_REDUX,DS_TECH_READY_SOURCE,True,True,False,True,True,True,True,DS_CUSTOM_LIBRARY/converted/Legacy_GBA_Phase1/exeggcute_redux
EXEGGUTOR_REDUX,DS_TECH_READY_SOURCE,True,True,False,True,True,True,True,DS_CUSTOM_LIBRARY/converted/Legacy_GBA_Phase1/exeggutor_redux
FEAROW_REDUX,DS_TECH_READY_SOURCE,True,True,False,True,True,True,True,DS_CUSTOM_LIBRARY/converted/Legacy_GBA_Phase1/fearow_redux
FLUFFBEE,DS_TECH_READY_SOURCE,True,False,False,True,True,True,True,DS_CUSTOM_LIBRARY/converted/Legacy_GBA_Phase1/fluffbee
FLYGON_REDUX,DS_TECH_READY_SOURCE,True,True,False,True,True,True,True,DS_CUSTOM_LIBRARY/converted/Legacy_GBA_Phase1/flygon_redux
FLYGON_REDUX_MEGA,DS_TECH_READY_SOURCE,True,True,True,True,True,True,True,DS_CUSTOM_LIBRARY/converted/Legacy_GBA_Phase1/flygon_redux_mega
FOGGING,DS_TECH_READY_SOURCE,True,False,False,True,True,True,True,DS_CUSTOM_LIBRARY/converted/Legacy_GBA_Phase1/fogging
FROSTUCCINO,DS_TECH_READY_SOURCE,True,False,False,True,True,True,True,DS_CUSTOM_LIBRARY/converted/Legacy_GBA_Phase1/frostuccino
FROSTULA,DS_TECH_READY_SOURCE,True,False,False,True,True,True,True,DS_CUSTOM_LIBRARY/converted/Legacy_GBA_Phase1/frostula
GARGABLOX,DS_TECH_READY_SOURCE,True,False,False,True,True,True,True,DS_CUSTOM_LIBRARY/converted/Legacy_GBA_Phase1/gargablox
GOLISOPOD_MEGA_Y,DS_TECH_READY_SOURCE,True,False,True,True,True,True,True,DS_CUSTOM_LIBRARY/converted/Legacy_GBA_Phase1/golisopod_mega_y
GROTOM,DS_TECH_READY_SOURCE,True,False,False,True,True,True,True,DS_CUSTOM_LIBRARY/converted/Legacy_GBA_Phase1/grotom
GROTOM_DRUM,DS_TECH_READY_SOURCE,True,False,False,True,True,True,True,DS_CUSTOM_LIBRARY/converted/Legacy_GBA_Phase1/grotom_drum
GROTOM_FILL,DS_TECH_READY_SOURCE,True,False,False,True,True,True,True,DS_CUSTOM_LIBRARY/converted/Legacy_GBA_Phase1/grotom_fill
GROTOM_GLASS,DS_TECH_READY_SOURCE,True,False,False,True,True,True,True,DS_CUSTOM_LIBRARY/converted/Legacy_GBA_Phase1/grotom_glass
GROTOM_KICK,DS_TECH_READY_SOURCE,True,False,False,True,True,True,True,DS_CUSTOM_LIBRARY/converted/Legacy_GBA_Phase1/grotom_kick
GROTOM_ROLL,DS_TECH_READY_SOURCE,True,False,False,True,True,True,True,DS_CUSTOM_LIBRARY/converted/Legacy_GBA_Phase1/grotom_roll
GROWLITHE_REDUX,DS_TECH_READY_SOURCE,True,True,False,True,True,True,True,DS_CUSTOM_LIBRARY/converted/Legacy_GBA_Phase1/growlithe_redux
GYARADEATH_MEGA_X,DS_TECH_READY_SOURCE,True,False,True,True,True,True,True,DS_CUSTOM_LIBRARY/converted/Legacy_GBA_Phase1/gyaradeath_mega_x
GYARADEATH_MEGA_Y,DS_TECH_READY_SOURCE,True,False,True,True,True,True,True,DS_CUSTOM_LIBRARY/converted/Legacy_GBA_Phase1/gyaradeath_mega_y
HAPPINY_REDUX,DS_TECH_READY_SOURCE,True,True,False,True,True,True,True,DS_CUSTOM_LIBRARY/converted/Legacy_GBA_Phase1/happiny_redux
HATTERENE_MEGA,DS_TECH_READY_SOURCE,True,False,True,True,True,True,True,DS_CUSTOM_LIBRARY/converted/Legacy_GBA_Phase1/hatterene_mega
HERACREUS,DS_TECH_READY_SOURCE,True,False,False,True,True,True,True,DS_CUSTOM_LIBRARY/converted/Legacy_GBA_Phase1/heracreus
HERACREUS_MEGA,DS_TECH_READY_SOURCE,True,False,True,True,True,True,True,DS_CUSTOM_LIBRARY/converted/Legacy_GBA_Phase1/heracreus_mega
HIPPOPOTATO,DS_TECH_READY_SOURCE,True,False,False,True,True,True,True,DS_CUSTOM_LIBRARY/converted/Legacy_GBA_Phase1/hippopotato
HIPPOTATON,DS_TECH_READY_SOURCE,True,False,False,True,True,True,True,DS_CUSTOM_LIBRARY/converted/Legacy_GBA_Phase1/hippotaton
HONEDGE_REDUX,DS_TECH_READY_SOURCE,True,True,False,True,True,True,True,DS_CUSTOM_LIBRARY/converted/Legacy_GBA_Phase1/honedge_redux
HYDROAR,DS_TECH_READY_SOURCE,True,False,False,True,True,True,True,DS_CUSTOM_LIBRARY/converted/Legacy_GBA_Phase1/hydroar
HYDROAR_F,DS_TECH_READY_SOURCE,True,False,False,True,True,True,True,DS_CUSTOM_LIBRARY/converted/Legacy_GBA_Phase1/hydroar_f
HYPNOCROAK,DS_TECH_READY_SOURCE,True,False,False,True,True,True,True,DS_CUSTOM_LIBRARY/converted/Legacy_GBA_Phase1/hypnocroak
INTELEON_MEGA,DS_TECH_READY_SOURCE,True,False,True,True,True,True,True,DS_CUSTOM_LIBRARY/converted/Legacy_GBA_Phase1/inteleon_mega
KADABRA_REDUX,DS_TECH_READY_SOURCE,True,True,False,True,True,True,True,DS_CUSTOM_LIBRARY/converted/Legacy_GBA_Phase1/kadabra_redux
KAKUNA_REDUX,DS_TECH_READY_SOURCE,True,True,False,True,True,True,True,DS_CUSTOM_LIBRARY/converted/Legacy_GBA_Phase1/kakuna_redux
KILOZUNA,DS_TECH_READY_SOURCE,True,False,False,True,True,True,True,DS_CUSTOM_LIBRARY/converted/Legacy_GBA_Phase1/kilozuna
KILOZUNA_MEGA,DS_TECH_READY_SOURCE,True,False,True,True,True,True,True,DS_CUSTOM_LIBRARY/converted/Legacy_GBA_Phase1/kilozuna_mega
KINGLER_REDUX,DS_TECH_READY_SOURCE,True,True,False,True,True,True,True,DS_CUSTOM_LIBRARY/converted/Legacy_GBA_Phase1/kingler_redux
KINGLER_REDUX_MEGA,DS_TECH_READY_SOURCE,True,True,True,True,True,True,True,DS_CUSTOM_LIBRARY/converted/Legacy_GBA_Phase1/kingler_redux_mega
KIPMODO,DS_TECH_READY_SOURCE,True,False,False,True,True,True,True,DS_CUSTOM_LIBRARY/converted/Legacy_GBA_Phase1/kipmodo
KRABBY_REDUX,DS_TECH_READY_SOURCE,True,True,False,True,True,True,True,DS_CUSTOM_LIBRARY/converted/Legacy_GBA_Phase1/krabby_redux
LUXZERO_MEGA,DS_TECH_READY_SOURCE,True,False,True,True,True,True,True,DS_CUSTOM_LIBRARY/converted/Legacy_GBA_Phase1/luxzero_mega
MACHAMP_MEGA,DS_TECH_READY_SOURCE,True,False,True,True,True,True,True,DS_CUSTOM_LIBRARY/converted/Legacy_GBA_Phase1/machamp_mega
MACHAMP_MEGA_REDUX,DS_TECH_READY_SOURCE,True,True,True,True,True,True,True,DS_CUSTOM_LIBRARY/converted/Legacy_GBA_Phase1/machamp_mega_redux
MACHAMP_REDUX,DS_TECH_READY_SOURCE,True,True,False,True,True,True,True,DS_CUSTOM_LIBRARY/converted/Legacy_GBA_Phase1/machamp_redux
MACHOKE_REDUX,DS_TECH_READY_SOURCE,True,True,False,True,True,True,True,DS_CUSTOM_LIBRARY/converted/Legacy_GBA_Phase1/machoke_redux
MACHOP_REDUX,DS_TECH_READY_SOURCE,True,True,False,True,True,True,True,DS_CUSTOM_LIBRARY/converted/Legacy_GBA_Phase1/machop_redux
MARBEEP,DS_TECH_READY_SOURCE,True,False,False,True,True,True,True,DS_CUSTOM_LIBRARY/converted/Legacy_GBA_Phase1/marbeep
MARSHMODO,DS_TECH_READY_SOURCE,True,False,False,True,True,True,True,DS_CUSTOM_LIBRARY/converted/Legacy_GBA_Phase1/marshmodo
MERRYKARP,DS_TECH_READY_SOURCE,True,False,False,True,True,True,True,DS_CUSTOM_LIBRARY/converted/Legacy_GBA_Phase1/merrykarp
MORPEKYLL_HANGRY,DS_TECH_READY_SOURCE,True,False,False,True,True,True,True,DS_CUSTOM_LIBRARY/converted/Legacy_GBA_Phase1/morpekyll_hangry
NIDOKING_MEGA,DS_TECH_READY_SOURCE,True,False,True,True,True,True,True,DS_CUSTOM_LIBRARY/converted/Legacy_GBA_Phase1/nidoking_mega
NIDOQUEEN_MEGA,DS_TECH_READY_SOURCE,True,False,True,True,True,True,True,DS_CUSTOM_LIBRARY/converted/Legacy_GBA_Phase1/nidoqueen_mega
PLUNDERTOW,DS_TECH_READY_SOURCE,True,False,False,True,True,True,True,DS_CUSTOM_LIBRARY/converted/Legacy_GBA_Phase1/plundertow
POLARTIC_BLUEMOON,DS_TECH_READY_SOURCE,True,False,False,True,True,True,True,DS_CUSTOM_LIBRARY/converted/Legacy_GBA_Phase1/polartic_bluemoon
POPCORM,DS_TECH_READY_SOURCE,True,False,False,True,True,True,True,DS_CUSTOM_LIBRARY/converted/Legacy_GBA_Phase1/popcorm
POPCORM_MEGA,DS_TECH_READY_SOURCE,True,False,True,True,True,True,True,DS_CUSTOM_LIBRARY/converted/Legacy_GBA_Phase1/popcorm_mega
RATTATA_REDUX,DS_TECH_READY_SOURCE,True,True,False,True,True,True,True,DS_CUSTOM_LIBRARY/converted/Legacy_GBA_Phase1/rattata_redux
REXCADRILL,DS_TECH_READY_SOURCE,True,False,False,True,True,True,True,DS_CUSTOM_LIBRARY/converted/Legacy_GBA_Phase1/rexcadrill
SANDSLASH_ALOLAN_MEGA,DS_TECH_READY_SOURCE,True,False,True,True,True,True,True,DS_CUSTOM_LIBRARY/converted/Legacy_GBA_Phase1/sandslash_alolan_mega
SANDSLASH_MEGA,DS_TECH_READY_SOURCE,True,False,True,True,True,True,True,DS_CUSTOM_LIBRARY/converted/Legacy_GBA_Phase1/sandslash_mega
SELENUMBRA,DS_TECH_READY_SOURCE,True,False,False,True,True,True,True,DS_CUSTOM_LIBRARY/converted/Legacy_GBA_Phase1/selenumbra
SNORLAX_MEGA,DS_TECH_READY_SOURCE,True,False,True,True,True,True,True,DS_CUSTOM_LIBRARY/converted/Legacy_GBA_Phase1/snorlax_mega
SPEAROW_REDUX,DS_TECH_READY_SOURCE,True,True,False,True,True,True,True,DS_CUSTOM_LIBRARY/converted/Legacy_GBA_Phase1/spearow_redux
SPINDAZE,DS_TECH_READY_SOURCE,True,False,False,True,True,True,True,DS_CUSTOM_LIBRARY/converted/Legacy_GBA_Phase1/spindaze
STORMING,DS_TECH_READY_SOURCE,True,False,False,True,True,True,True,DS_CUSTOM_LIBRARY/converted/Legacy_GBA_Phase1/storming
SWAMPAGE,DS_TECH_READY_SOURCE,True,False,False,True,True,True,True,DS_CUSTOM_LIBRARY/converted/Legacy_GBA_Phase1/swampage
TORRENTULA,DS_TECH_READY_SOURCE,True,False,False,True,True,True,True,DS_CUSTOM_LIBRARY/converted/Legacy_GBA_Phase1/torrentula
TOXTRICITY_MEGA,DS_TECH_READY_SOURCE,True,False,True,True,True,True,True,DS_CUSTOM_LIBRARY/converted/Legacy_GBA_Phase1/toxtricity_mega
TRAPINCH_REDUX,DS_TECH_READY_SOURCE,True,True,False,True,True,True,True,DS_CUSTOM_LIBRARY/converted/Legacy_GBA_Phase1/trapinch_redux
TSAREENA_MEGA,DS_TECH_READY_SOURCE,True,False,True,True,True,True,True,DS_CUSTOM_LIBRARY/converted/Legacy_GBA_Phase1/tsareena_mega
VIBRAVA_REDUX,DS_TECH_READY_SOURCE,True,True,False,True,True,True,True,DS_CUSTOM_LIBRARY/converted/Legacy_GBA_Phase1/vibrava_redux
VICTREEBEL_REDUX,DS_TECH_READY_SOURCE,True,True,False,True,True,True,True,DS_CUSTOM_LIBRARY/converted/Legacy_GBA_Phase1/victreebel_redux
WEAVILE_REDUX,DS_TECH_READY_SOURCE,True,True,False,True,True,True,True,DS_CUSTOM_LIBRARY/converted/Legacy_GBA_Phase1/weavile_redux
WEAVILE_REDUX_MEGA,DS_TECH_READY_SOURCE,True,True,True,True,True,True,True,DS_CUSTOM_LIBRARY/converted/Legacy_GBA_Phase1/weavile_redux_mega
WEEDLE_REDUX,DS_TECH_READY_SOURCE,True,True,False,True,True,True,True,DS_CUSTOM_LIBRARY/converted/Legacy_GBA_Phase1/weedle_redux
WEEPINBELL_REDUX,DS_TECH_READY_SOURCE,True,True,False,True,True,True,True,DS_CUSTOM_LIBRARY/converted/Legacy_GBA_Phase1/weepinbell_redux
WIGGLYTUFF_APEX,DS_TECH_READY_SOURCE,True,False,False,True,True,True,True,DS_CUSTOM_LIBRARY/converted/Legacy_GBA_Phase1/wigglytuff_apex
WIGGLYTUFF_MEGA_X,DS_TECH_READY_SOURCE,True,False,True,True,True,True,True,DS_CUSTOM_LIBRARY/converted/Legacy_GBA_Phase1/wigglytuff_mega_x
WIGGLYTUFF_PRIMAL,DS_TECH_READY_SOURCE,True,False,False,True,True,True,True,DS_CUSTOM_LIBRARY/converted/Legacy_GBA_Phase1/wigglytuff_primal
WISPYWASPY,DS_TECH_READY_SOURCE,True,False,False,True,True,True,True,DS_CUSTOM_LIBRARY/converted/Legacy_GBA_Phase1/wispywaspy
WISPYWASPY_HIVEMIND,DS_TECH_READY_SOURCE,True,False,False,True,True,True,True,DS_CUSTOM_LIBRARY/converted/Legacy_GBA_Phase1/wispywaspy_hivemind
