mega,slot,width,height,opaque_colors,ds_canvas_64x64,ds_palette_16_or_less,path
crabominable-mega,back-shiny,64,64,12,True,True,DS_CUSTOM_LIBRARY/packs/PokeDot_Engine_Mega_Intake/crabominable-mega/back-shiny.png
crabominable-mega,back,64,64,12,True,True,DS_CUSTOM_LIBRARY/packs/PokeDot_Engine_Mega_Intake/crabominable-mega/back.png
crabominable-mega,front-shiny,64,64,15,True,True,DS_CUSTOM_LIBRARY/packs/PokeDot_Engine_Mega_Intake/crabominable-mega/front-shiny.png
crabominable-mega,front,64,64,15,True,True,DS_CUSTOM_LIBRARY/packs/PokeDot_Engine_Mega_Intake/crabominable-mega/front.png
crabominable-mega,icon,128,64,12,False,True,DS_CUSTOM_LIBRARY/packs/PokeDot_Engine_Mega_Intake/crabominable-mega/icon.png
eelektross-mega,back-shiny,64,64,14,True,True,DS_CUSTOM_LIBRARY/packs/PokeDot_Engine_Mega_Intake/eelektross-mega/back-shiny.png
eelektross-mega,back,64,64,14,True,True,DS_CUSTOM_LIBRARY/packs/PokeDot_Engine_Mega_Intake/eelektross-mega/back.png
eelektross-mega,front-shiny,64,64,15,True,True,DS_CUSTOM_LIBRARY/packs/PokeDot_Engine_Mega_Intake/eelektross-mega/front-shiny.png
eelektross-mega,front,64,64,15,True,True,DS_CUSTOM_LIBRARY/packs/PokeDot_Engine_Mega_Intake/eelektross-mega/front.png
eelektross-mega,icon,128,64,12,False,True,DS_CUSTOM_LIBRARY/packs/PokeDot_Engine_Mega_Intake/eelektross-mega/icon.png
emboar-mega,back-shiny,64,64,12,True,True,DS_CUSTOM_LIBRARY/packs/PokeDot_Engine_Mega_Intake/emboar-mega/back-shiny.png
emboar-mega,back,64,64,12,True,True,DS_CUSTOM_LIBRARY/packs/PokeDot_Engine_Mega_Intake/emboar-mega/back.png
emboar-mega,front-shiny,64,64,15,True,True,DS_CUSTOM_LIBRARY/packs/PokeDot_Engine_Mega_Intake/emboar-mega/front-shiny.png
emboar-mega,front,64,64,15,True,True,DS_CUSTOM_LIBRARY/packs/PokeDot_Engine_Mega_Intake/emboar-mega/front.png
emboar-mega,icon,128,64,10,False,True,DS_CUSTOM_LIBRARY/packs/PokeDot_Engine_Mega_Intake/emboar-mega/icon.png
garchomp-mega-z,back-shiny,64,64,12,True,True,DS_CUSTOM_LIBRARY/packs/PokeDot_Engine_Mega_Intake/garchomp-mega-z/back-shiny.png
garchomp-mega-z,back,64,64,12,True,True,DS_CUSTOM_LIBRARY/packs/PokeDot_Engine_Mega_Intake/garchomp-mega-z/back.png
garchomp-mega-z,front-shiny,64,64,14,True,True,DS_CUSTOM_LIBRARY/packs/PokeDot_Engine_Mega_Intake/garchomp-mega-z/front-shiny.png
garchomp-mega-z,front,64,64,14,True,True,DS_CUSTOM_LIBRARY/packs/PokeDot_Engine_Mega_Intake/garchomp-mega-z/front.png
garchomp-mega-z,icon,128,64,10,False,True,DS_CUSTOM_LIBRARY/packs/PokeDot_Engine_Mega_Intake/garchomp-mega-z/icon.png
golurk-mega,back-shiny,64,64,10,True,True,DS_CUSTOM_LIBRARY/packs/PokeDot_Engine_Mega_Intake/golurk-mega/back-shiny.png
golurk-mega,back,64,64,10,True,True,DS_CUSTOM_LIBRARY/packs/PokeDot_Engine_Mega_Intake/golurk-mega/back.png
golurk-mega,front-shiny,64,64,14,True,True,DS_CUSTOM_LIBRARY/packs/PokeDot_Engine_Mega_Intake/golurk-mega/front-shiny.png
golurk-mega,front,64,64,14,True,True,DS_CUSTOM_LIBRARY/packs/PokeDot_Engine_Mega_Intake/golurk-mega/front.png
golurk-mega,icon,128,64,10,False,True,DS_CUSTOM_LIBRARY/packs/PokeDot_Engine_Mega_Intake/golurk-mega/icon.png
magearna-mega,back-shiny,64,64,11,True,True,DS_CUSTOM_LIBRARY/packs/PokeDot_Engine_Mega_Intake/magearna-mega/back-shiny.png
magearna-mega,back,64,64,11,True,True,DS_CUSTOM_LIBRARY/packs/PokeDot_Engine_Mega_Intake/magearna-mega/back.png
magearna-mega,front-shiny,64,64,15,True,True,DS_CUSTOM_LIBRARY/packs/PokeDot_Engine_Mega_Intake/magearna-mega/front-shiny.png
magearna-mega,front,64,64,15,True,True,DS_CUSTOM_LIBRARY/packs/PokeDot_Engine_Mega_Intake/magearna-mega/front.png
magearna-mega,icon,128,64,12,False,True,DS_CUSTOM_LIBRARY/packs/PokeDot_Engine_Mega_Intake/magearna-mega/icon.png
magearna-original-mega,back-shiny,64,64,13,True,True,DS_CUSTOM_LIBRARY/packs/PokeDot_Engine_Mega_Intake/magearna-original-mega/back-shiny.png
magearna-original-mega,back,64,64,13,True,True,DS_CUSTOM_LIBRARY/packs/PokeDot_Engine_Mega_Intake/magearna-original-mega/back.png
magearna-original-mega,front-shiny,64,64,15,True,True,DS_CUSTOM_LIBRARY/packs/PokeDot_Engine_Mega_Intake/magearna-original-mega/front-shiny.png
magearna-original-mega,front,64,64,15,True,True,DS_CUSTOM_LIBRARY/packs/PokeDot_Engine_Mega_Intake/magearna-original-mega/front.png
magearna-original-mega,icon,128,64,12,False,True,DS_CUSTOM_LIBRARY/packs/PokeDot_Engine_Mega_Intake/magearna-original-mega/icon.png
meowstic-male-mega,back-shiny,64,64,7,True,True,DS_CUSTOM_LIBRARY/packs/PokeDot_Engine_Mega_Intake/meowstic-male-mega/back-shiny.png
meowstic-male-mega,back,64,64,7,True,True,DS_CUSTOM_LIBRARY/packs/PokeDot_Engine_Mega_Intake/meowstic-male-mega/back.png
meowstic-male-mega,front-shiny,64,64,11,True,True,DS_CUSTOM_LIBRARY/packs/PokeDot_Engine_Mega_Intake/meowstic-male-mega/front-shiny.png
meowstic-male-mega,front,64,64,11,True,True,DS_CUSTOM_LIBRARY/packs/PokeDot_Engine_Mega_Intake/meowstic-male-mega/front.png
meowstic-male-mega,icon,128,64,9,False,True,DS_CUSTOM_LIBRARY/packs/PokeDot_Engine_Mega_Intake/meowstic-male-mega/icon.png
raichu-mega-y,back-shiny,64,64,12,True,True,DS_CUSTOM_LIBRARY/packs/PokeDot_Engine_Mega_Intake/raichu-mega-y/back-shiny.png
raichu-mega-y,back,64,64,12,True,True,DS_CUSTOM_LIBRARY/packs/PokeDot_Engine_Mega_Intake/raichu-mega-y/back.png
raichu-mega-y,front-shiny,64,64,15,True,True,DS_CUSTOM_LIBRARY/packs/PokeDot_Engine_Mega_Intake/raichu-mega-y/front-shiny.png
raichu-mega-y,front,64,64,15,True,True,DS_CUSTOM_LIBRARY/packs/PokeDot_Engine_Mega_Intake/raichu-mega-y/front.png
raichu-mega-y,icon,128,64,9,False,True,DS_CUSTOM_LIBRARY/packs/PokeDot_Engine_Mega_Intake/raichu-mega-y/icon.png
tatsugiri-curly-mega,back-shiny,64,64,12,True,True,DS_CUSTOM_LIBRARY/packs/PokeDot_Engine_Mega_Intake/tatsugiri-curly-mega/back-shiny.png
tatsugiri-curly-mega,back,64,64,12,True,True,DS_CUSTOM_LIBRARY/packs/PokeDot_Engine_Mega_Intake/tatsugiri-curly-mega/back.png
tatsugiri-curly-mega,front-shiny,64,64,14,True,True,DS_CUSTOM_LIBRARY/packs/PokeDot_Engine_Mega_Intake/tatsugiri-curly-mega/front-shiny.png
tatsugiri-curly-mega,front,64,64,15,True,True,DS_CUSTOM_LIBRARY/packs/PokeDot_Engine_Mega_Intake/tatsugiri-curly-mega/front.png
tatsugiri-curly-mega,icon,128,64,14,False,True,DS_CUSTOM_LIBRARY/packs/PokeDot_Engine_Mega_Intake/tatsugiri-curly-mega/icon.png
tatsugiri-droopy-mega,back-shiny,64,64,10,True,True,DS_CUSTOM_LIBRARY/packs/PokeDot_Engine_Mega_Intake/tatsugiri-droopy-mega/back-shiny.png
tatsugiri-droopy-mega,back,64,64,10,True,True,DS_CUSTOM_LIBRARY/packs/PokeDot_Engine_Mega_Intake/tatsugiri-droopy-mega/back.png
tatsugiri-droopy-mega,front-shiny,64,64,12,True,True,DS_CUSTOM_LIBRARY/packs/PokeDot_Engine_Mega_Intake/tatsugiri-droopy-mega/front-shiny.png
tatsugiri-droopy-mega,front,64,64,12,True,True,DS_CUSTOM_LIBRARY/packs/PokeDot_Engine_Mega_Intake/tatsugiri-droopy-mega/front.png
tatsugiri-droopy-mega,icon,128,64,14,False,True,DS_CUSTOM_LIBRARY/packs/PokeDot_Engine_Mega_Intake/tatsugiri-droopy-mega/icon.png
tatsugiri-stretchy-mega,back-shiny,64,64,10,True,True,DS_CUSTOM_LIBRARY/packs/PokeDot_Engine_Mega_Intake/tatsugiri-stretchy-mega/back-shiny.png
tatsugiri-stretchy-mega,back,64,64,10,True,True,DS_CUSTOM_LIBRARY/packs/PokeDot_Engine_Mega_Intake/tatsugiri-stretchy-mega/back.png
tatsugiri-stretchy-mega,front-shiny,64,64,13,True,True,DS_CUSTOM_LIBRARY/packs/PokeDot_Engine_Mega_Intake/tatsugiri-stretchy-mega/front-shiny.png
tatsugiri-stretchy-mega,front,64,64,13,True,True,DS_CUSTOM_LIBRARY/packs/PokeDot_Engine_Mega_Intake/tatsugiri-stretchy-mega/front.png
tatsugiri-stretchy-mega,icon,128,64,14,False,True,DS_CUSTOM_LIBRARY/packs/PokeDot_Engine_Mega_Intake/tatsugiri-stretchy-mega/icon.png
