category,complete_4way,has_back,has_back_shiny,has_front,has_front_shiny,key,mega_named,redux_named,staged_dir
INCOMPLETE_SOURCE_SET,False,True,False,True,False,ABRA_ALTERNATE_FORM_1,False,False,/tmp/reborn-converted/abra_alternate_form_1
NEEDS_ART_REDRAW,True,True,True,True,True,ABRA_ALTERNATE_FORM_2,False,False,/tmp/reborn-converted/abra_alternate_form_2
NEEDS_ART_REDRAW,True,True,True,True,True,ABSOL_ALTERNATE_FORM_2,False,False,/tmp/reborn-converted/absol_alternate_form_2
NEEDS_ART_REDRAW,True,True,True,True,True,ABSOL_ALTERNATE_MEGA_FORM_3,True,False,/tmp/reborn-converted/absol_alternate_mega_form_3
NEEDS_ART_REDRAW,True,True,True,True,True,ACCELGOR_ALTERNATE_FORM_1,False,False,/tmp/reborn-converted/accelgor_alternate_form_1
NEEDS_ART_REDRAW,True,True,True,True,True,AERODACTYL_ALTERNATE_FORM_2,False,False,/tmp/reborn-converted/aerodactyl_alternate_form_2
NEEDS_ART_REDRAW,True,True,True,True,True,AERODACTYL_ALTERNATE_MEGA_FORM_3,True,False,/tmp/reborn-converted/aerodactyl_alternate_mega_form_3
NEEDS_ART_REDRAW,True,True,True,True,True,ALAKAZAM_ALTERNATE_FORM_2,False,False,/tmp/reborn-converted/alakazam_alternate_form_2
NEEDS_ART_REDRAW,True,True,True,True,True,ALAKAZAM_MEGA_ALTERNATE_FORM_3,True,False,/tmp/reborn-converted/alakazam_mega_alternate_form_3
NEEDS_ART_REDRAW,True,True,True,True,True,ALTARIA_ALTERNATE_FORM_2,False,False,/tmp/reborn-converted/altaria_alternate_form_2
NEEDS_ART_REDRAW,True,True,True,True,True,ALTARIA_ALTERNATE_MEGA_FORM_3,True,False,/tmp/reborn-converted/altaria_alternate_mega_form_3
NEEDS_ART_REDRAW,True,True,True,True,True,AMAURA_ALTERNATE_FORM_1,False,False,/tmp/reborn-converted/amaura_alternate_form_1
NEEDS_ART_REDRAW,True,True,True,True,True,AMPHAROS_ALTERNATE_FORM_2,False,False,/tmp/reborn-converted/ampharos_alternate_form_2
NEEDS_ART_REDRAW,True,True,True,True,True,AMPHAROS_ALTERNATE_MEGA_FORM_3,True,False,/tmp/reborn-converted/ampharos_alternate_mega_form_3
NEEDS_ART_REDRAW,True,True,True,True,True,ANORITH_ALTERNATE_FORM_1,False,False,/tmp/reborn-converted/anorith_alternate_form_1
NEEDS_ART_REDRAW,True,True,True,True,True,ARAQUANID_ALTERNATE_FORM_1,False,False,/tmp/reborn-converted/araquanid_alternate_form_1
NEEDS_ART_REDRAW,True,True,True,True,True,ARCHEN_ALTERNATE_FORM_1,False,False,/tmp/reborn-converted/archen_alternate_form_1
NEEDS_ART_REDRAW,True,True,True,True,True,ARCHEOPS_ALTERNATE_FORM_1,False,False,/tmp/reborn-converted/archeops_alternate_form_1
NEEDS_ART_REDRAW,True,True,True,True,True,ARMALDO_ALTERNATE_FORM_1,False,False,/tmp/reborn-converted/armaldo_alternate_form_1
NEEDS_ART_REDRAW,True,True,True,True,True,AROMATISSE_ALTERNATE_FORM_1,False,False,/tmp/reborn-converted/aromatisse_alternate_form_1
NEEDS_ART_REDRAW,True,True,True,True,True,AROMATISSE_ALTERNATE_FORM_2,False,False,/tmp/reborn-converted/aromatisse_alternate_form_2
NEEDS_ART_REDRAW,True,True,True,True,True,ARROKUDA_ALTERNATE_FORM_1,False,False,/tmp/reborn-converted/arrokuda_alternate_form_1
NEEDS_ART_REDRAW,True,True,True,True,True,AURORUS_ALTERNATE_FORM_1,False,False,/tmp/reborn-converted/aurorus_alternate_form_1
NEEDS_ART_REDRAW,True,True,True,True,True,BAGON_ALTERNATE_FORM_2,False,False,/tmp/reborn-converted/bagon_alternate_form_2
NEEDS_ART_REDRAW,True,True,True,True,True,BALTOY_ALTERNATE_FORM_1,False,False,/tmp/reborn-converted/baltoy_alternate_form_1
NEEDS_ART_REDRAW,True,True,True,True,True,BARBARACLE_ALTERNATE_FORM_1,False,False,/tmp/reborn-converted/barbaracle_alternate_form_1
NEEDS_ART_REDRAW,True,True,True,True,True,BARRASKEWDA_ALTERNATE_FORM_1,False,False,/tmp/reborn-converted/barraskewda_alternate_form_1
NEEDS_ART_REDRAW,True,True,True,True,True,BASTIODON_ALTERNATE_FORM_1,False,False,/tmp/reborn-converted/bastiodon_alternate_form_1
NEEDS_ART_REDRAW,True,True,True,True,True,BAYLEEF_BLUETOWEL_ALTERNATE_FORM_FORM_1,False,False,/tmp/reborn-converted/bayleef_bluetowel_alternate_form_form_1
NEEDS_ART_REDRAW,True,True,True,True,True,BEEDRILL_ALTERNATE_FORM_2,False,False,/tmp/reborn-converted/beedrill_alternate_form_2
NEEDS_ART_REDRAW,True,True,True,True,True,BEEDRILL_ALTERNATE_MEGA_FORM_3,True,False,/tmp/reborn-converted/beedrill_alternate_mega_form_3
MECHANICAL_CONVERSION,True,True,True,True,True,BELDUM_ALTERNATE_FORM_2,False,False,/tmp/reborn-converted/beldum_alternate_form_2
NEEDS_ART_REDRAW,True,True,True,True,True,BISHARP_ALTERNATE_FORM_1,False,False,/tmp/reborn-converted/bisharp_alternate_form_1
NEEDS_ART_REDRAW,True,True,True,True,True,BLAZIKEN_ALTERNATE_MEGA_FORM_2,True,False,/tmp/reborn-converted/blaziken_alternate_mega_form_2
NEEDS_ART_REDRAW,True,True,True,True,True,BLAZIKEN_ALTERNATE_MEGA_FORM_3,True,False,/tmp/reborn-converted/blaziken_alternate_mega_form_3
NEEDS_ART_REDRAW,True,True,True,True,True,BLISSEY_ALTERNATE_FORM_1,False,False,/tmp/reborn-converted/blissey_alternate_form_1
NEEDS_ART_REDRAW,True,True,True,True,True,BOLDORE_ALTERNATE_FORM_1,False,False,/tmp/reborn-converted/boldore_alternate_form_1
INCOMPLETE_SOURCE_SET,False,True,False,True,False,BRELOOM_ALTERNATE_FORM_2,False,False,/tmp/reborn-converted/breloom_alternate_form_2
INCOMPLETE_SOURCE_SET,False,True,False,True,False,BRELOOM_ALTERNATE_FORM_3,False,False,/tmp/reborn-converted/breloom_alternate_form_3
NEEDS_ART_REDRAW,True,True,True,True,True,BUNEARY_ALTERNATE_FORM_2,False,False,/tmp/reborn-converted/buneary_alternate_form_2
NEEDS_ART_REDRAW,True,True,True,True,True,BUNNELBY_ALTERNATE_FORM_1,False,False,/tmp/reborn-converted/bunnelby_alternate_form_1
NEEDS_ART_REDRAW,True,True,True,True,True,BUTTERFREE_ALTERNATE_FORM_1,False,False,/tmp/reborn-converted/butterfree_alternate_form_1
NEEDS_ART_REDRAW,True,True,True,True,True,CAMERUPT_ALTERNATE_FORM_3,False,False,/tmp/reborn-converted/camerupt_alternate_form_3
INCOMPLETE_SOURCE_SET,False,True,False,True,True,CAMERUPT_MEGA_ALTERNATE_FORM_4,True,False,/tmp/reborn-converted/camerupt_mega_alternate_form_4
NEEDS_ART_REDRAW,True,True,True,True,True,CARNIVINE_ALTERNATE_FORM_2,False,False,/tmp/reborn-converted/carnivine_alternate_form_2
NEEDS_ART_REDRAW,True,True,True,True,True,CARNIVINE_BLUETOWEL_ALTERNATE_FORM_FORM_1,False,False,/tmp/reborn-converted/carnivine_bluetowel_alternate_form_form_1
NEEDS_ART_REDRAW,True,True,True,True,True,CARRACOSTA_ALTERNATE_FORM_1,False,False,/tmp/reborn-converted/carracosta_alternate_form_1
NEEDS_ART_REDRAW,True,True,True,True,True,CATERPIE_ALTERNATE_FORM_1,False,False,/tmp/reborn-converted/caterpie_alternate_form_1
NEEDS_ART_REDRAW,True,True,True,True,True,CHANDELURE_ALTERNATE_FORM_1,False,False,/tmp/reborn-converted/chandelure_alternate_form_1
NEEDS_ART_REDRAW,True,True,True,True,True,CHANSEY_ALTERNATE_FORM_1,False,False,/tmp/reborn-converted/chansey_alternate_form_1
NEEDS_ART_REDRAW,True,True,True,True,True,CHESNAUGHT_ALTERNATE_FORM_1,False,False,/tmp/reborn-converted/chesnaught_alternate_form_1
NEEDS_ART_REDRAW,True,True,True,True,True,CHIMECHO_ALTERNATE_FORM_1,False,False,/tmp/reborn-converted/chimecho_alternate_form_1
NEEDS_ART_REDRAW,True,True,True,True,True,CHINGLING_ALTERNATE_FORM_1,False,False,/tmp/reborn-converted/chingling_alternate_form_1
NEEDS_ART_REDRAW,True,True,True,True,True,CINDERACE_ALTERNATE_FORM_2,False,False,/tmp/reborn-converted/cinderace_alternate_form_2
NEEDS_ART_REDRAW,True,True,True,True,True,CLAUNCHER_ALTERNATE_FORM_1,False,False,/tmp/reborn-converted/clauncher_alternate_form_1
NEEDS_ART_REDRAW,True,True,True,True,True,CLAWITZER_ALTERNATE_FORM_1,False,False,/tmp/reborn-converted/clawitzer_alternate_form_1
NEEDS_ART_REDRAW,True,True,True,True,True,CLAYDOL_ALTERNATE_FORM_1,False,False,/tmp/reborn-converted/claydol_alternate_form_1
NEEDS_ART_REDRAW,True,True,True,True,True,CLEFABLE_ALTERNATE_FORM_1,False,False,/tmp/reborn-converted/clefable_alternate_form_1
NEEDS_ART_REDRAW,True,True,True,True,True,CLEFAIRY_ALTERNATE_FORM_1,False,False,/tmp/reborn-converted/clefairy_alternate_form_1
NEEDS_ART_REDRAW,True,True,True,True,True,COFAGRIGUS_ALTERNATE_FORM_1,False,False,/tmp/reborn-converted/cofagrigus_alternate_form_1
INCOMPLETE_SOURCE_SET,False,True,False,True,False,COMBEE_ALTERNATE_FORM_1,False,False,/tmp/reborn-converted/combee_alternate_form_1
NEEDS_ART_REDRAW,True,True,True,True,True,COMBUSKEN_ALTERNATE_FORM_2,False,False,/tmp/reborn-converted/combusken_alternate_form_2
NEEDS_ART_REDRAW,True,True,True,True,True,CONKELDURR_ALTERNATE_FORM_1,False,False,/tmp/reborn-converted/conkeldurr_alternate_form_1
NEEDS_ART_REDRAW,True,True,True,True,True,CORSOLA_ALTERNATE_FORM_1,False,False,/tmp/reborn-converted/corsola_alternate_form_1
INCOMPLETE_SOURCE_SET,False,True,False,True,False,CRADILY_ALTERNATE_FORM_1,False,False,/tmp/reborn-converted/cradily_alternate_form_1
NEEDS_ART_REDRAW,True,True,True,True,True,CRANIDOS_ALTERNATE_FORM_1,False,False,/tmp/reborn-converted/cranidos_alternate_form_1
NEEDS_ART_REDRAW,True,True,True,True,True,CROCONAW_ALTERNATE_FORM_1,False,False,/tmp/reborn-converted/croconaw_alternate_form_1
INCOMPLETE_SOURCE_SET,False,True,False,True,False,CRUSTLE_ALTERNATE_FORM_1,False,False,/tmp/reborn-converted/crustle_alternate_form_1
NEEDS_ART_REDRAW,True,True,True,True,True,CRYOGONAL_ALTERNATE_FORM_1,False,False,/tmp/reborn-converted/cryogonal_alternate_form_1
NEEDS_ART_REDRAW,True,True,True,True,True,DARTRIX_ALTERNATE_FORM_1,False,False,/tmp/reborn-converted/dartrix_alternate_form_1
NEEDS_ART_REDRAW,True,True,True,True,True,DARTRIX_ALTERNATE_FORM_2,False,False,/tmp/reborn-converted/dartrix_alternate_form_2
NEEDS_ART_REDRAW,True,True,True,True,True,DECIDUEYE_ALTERNATE_FORM_1,False,False,/tmp/reborn-converted/decidueye_alternate_form_1
NEEDS_ART_REDRAW,True,True,True,True,True,DECIDUEYE_ALTERNATE_FORM_2,False,False,/tmp/reborn-converted/decidueye_alternate_form_2
NEEDS_ART_REDRAW,True,True,True,True,True,DEDENNE_ALTERNATE_FORM_1,False,False,/tmp/reborn-converted/dedenne_alternate_form_1
NEEDS_ART_REDRAW,True,True,True,True,True,DEINO_CYBERTANK_FORM_1,False,False,/tmp/reborn-converted/deino_cybertank_form_1
NEEDS_ART_REDRAW,True,True,True,True,True,DEINO_TELEPATHIC_FORM_2,False,False,/tmp/reborn-converted/deino_telepathic_form_2
NEEDS_ART_REDRAW,True,True,True,True,True,DELCATTY_ALTERNATE_FORM_1,False,False,/tmp/reborn-converted/delcatty_alternate_form_1
NEEDS_ART_REDRAW,True,True,True,True,True,DELPHOX_ALTERNATE_FORM_1,False,False,/tmp/reborn-converted/delphox_alternate_form_1
NEEDS_ART_REDRAW,True,True,True,True,True,DEWPIDER_ALTERNATE_FORM_1,False,False,/tmp/reborn-converted/dewpider_alternate_form_1
NEEDS_ART_REDRAW,True,True,True,True,True,DIGGERSBY_ALTERNATE_FORM_1,False,False,/tmp/reborn-converted/diggersby_alternate_form_1
NEEDS_ART_REDRAW,True,True,True,True,True,DODRIO_ALTERNATE_FORM_1,False,False,/tmp/reborn-converted/dodrio_alternate_form_1
NEEDS_ART_REDRAW,True,True,True,True,True,DODUO_ALTERNATE_FORM_1,False,False,/tmp/reborn-converted/doduo_alternate_form_1
NEEDS_ART_REDRAW,True,True,True,True,True,DONPHAN_ALTERNATE_FORM_1,False,False,/tmp/reborn-converted/donphan_alternate_form_1
NEEDS_ART_REDRAW,True,True,True,True,True,DRAGALGE_ALTERNATE_FORM_1,False,False,/tmp/reborn-converted/dragalge_alternate_form_1
NEEDS_ART_REDRAW,True,True,True,True,True,DRAGONITE_ALTERNATE_FORM_1,False,False,/tmp/reborn-converted/dragonite_alternate_form_1
NEEDS_ART_REDRAW,True,True,True,True,True,DRAPION_ALTERNATE_FORM_1,False,False,/tmp/reborn-converted/drapion_alternate_form_1
NEEDS_ART_REDRAW,True,True,True,True,True,DRIZZILE_ALTERNATE_FORM_2,False,False,/tmp/reborn-converted/drizzile_alternate_form_2
NEEDS_ART_REDRAW,True,True,True,True,True,DROWZEE_ALTERNATE_FORM_2,False,False,/tmp/reborn-converted/drowzee_alternate_form_2
NEEDS_ART_REDRAW,True,True,True,True,True,DRUDDIGON_ALTERNATE_FORM_1,False,False,/tmp/reborn-converted/druddigon_alternate_form_1
NEEDS_ART_REDRAW,True,True,True,True,True,DUNSPARCE_BT_ALT_FORMS_DRACO_FORM_6,False,False,/tmp/reborn-converted/dunsparce_bt_alt_forms_draco_form_6
NEEDS_ART_REDRAW,True,True,True,True,True,DUNSPARCE_BT_ALT_FORMS_EARTH_FORM_2,False,False,/tmp/reborn-converted/dunsparce_bt_alt_forms_earth_form_2
NEEDS_ART_REDRAW,True,True,True,True,True,DUNSPARCE_BT_ALT_FORMS_INSECT_FORM_4,False,False,/tmp/reborn-converted/dunsparce_bt_alt_forms_insect_form_4
NEEDS_ART_REDRAW,True,True,True,True,True,DUNSPARCE_BT_ALT_FORMS_SKY_FORM_3,False,False,/tmp/reborn-converted/dunsparce_bt_alt_forms_sky_form_3
NEEDS_ART_REDRAW,True,True,True,True,True,DUNSPARCE_BT_ALT_FORMS_SPOOKY_FORM_5,False,False,/tmp/reborn-converted/dunsparce_bt_alt_forms_spooky_form_5
NEEDS_ART_REDRAW,True,True,True,True,True,DUNSPARCE_BT_ALT_FORMS_TOXIC_FORM_1,False,False,/tmp/reborn-converted/dunsparce_bt_alt_forms_toxic_form_1
NEEDS_ART_REDRAW,True,True,True,True,True,DUOSION_ALTERNATE_FORM_1,False,False,/tmp/reborn-converted/duosion_alternate_form_1
NEEDS_ART_REDRAW,True,True,True,True,True,DURANT_BLUETOWEL_ALTERNATE_FORM_FORM_1,False,False,/tmp/reborn-converted/durant_bluetowel_alternate_form_form_1
NEEDS_ART_REDRAW,True,True,True,True,True,DUSCLOPS_ALTERNATE_FORM_1,False,False,/tmp/reborn-converted/dusclops_alternate_form_1
NEEDS_ART_REDRAW,True,True,True,True,True,DUSKNOIR_ALTERNATE_FORM_1,False,False,/tmp/reborn-converted/dusknoir_alternate_form_1
INCOMPLETE_SOURCE_SET,False,True,False,True,False,DWEBBLE_ALTERNATE_FORM_1,False,False,/tmp/reborn-converted/dwebble_alternate_form_1
NEEDS_ART_REDRAW,True,True,True,True,True,EELEKTRIK_ALTERNATE_FORM_1,False,False,/tmp/reborn-converted/eelektrik_alternate_form_1
NEEDS_ART_REDRAW,True,True,True,True,True,EELEKTROSS_ALTERNATE_FORM_1,False,False,/tmp/reborn-converted/eelektross_alternate_form_1
NEEDS_ART_REDRAW,True,True,True,True,True,ELECTABUZZ_ALTERNATE_FORM_1,False,False,/tmp/reborn-converted/electabuzz_alternate_form_1
NEEDS_ART_REDRAW,True,True,True,True,True,ELECTIVIRE_ALTERNATE_FORM_1,False,False,/tmp/reborn-converted/electivire_alternate_form_1
NEEDS_ART_REDRAW,True,True,True,True,True,ELECTRIKE_ALTERNATE_FORM_2,False,False,/tmp/reborn-converted/electrike_alternate_form_2
NEEDS_ART_REDRAW,True,True,True,True,True,EMBOAR_ALTERNATE_FORM_1,False,False,/tmp/reborn-converted/emboar_alternate_form_1
NEEDS_ART_REDRAW,True,True,True,True,True,EMPOLEON_ALTERNATE_FORM_1,False,False,/tmp/reborn-converted/empoleon_alternate_form_1
NEEDS_ART_REDRAW,True,True,True,True,True,ESCAVALIER_ALTERNATE_FORM_1,False,False,/tmp/reborn-converted/escavalier_alternate_form_1
NEEDS_ART_REDRAW,True,True,True,True,True,ESPEON_ALTERNATE_FORM_3,False,False,/tmp/reborn-converted/espeon_alternate_form_3
NEEDS_ART_REDRAW,True,True,True,True,True,FARFETCHD_ALTERNATE_FORM_1,False,False,/tmp/reborn-converted/farfetchd_alternate_form_1
NEEDS_ART_REDRAW,True,True,True,True,True,FERALIGATR_ALTERNATE_FORM_1,False,False,/tmp/reborn-converted/feraligatr_alternate_form_1
NEEDS_ART_REDRAW,True,True,True,True,True,FERROSEED_ALTERNATE_FORM_1,False,False,/tmp/reborn-converted/ferroseed_alternate_form_1
NEEDS_ART_REDRAW,True,True,True,True,True,FERROTHORN_ALTERNATE_FORM_1,False,False,/tmp/reborn-converted/ferrothorn_alternate_form_1
NEEDS_ART_REDRAW,True,True,True,True,True,FLAAFFY_ALTERNATE_FORM_2,False,False,/tmp/reborn-converted/flaaffy_alternate_form_2
NEEDS_ART_REDRAW,True,True,True,True,True,FLAREON_ALTERNATE_FORM_3,False,False,/tmp/reborn-converted/flareon_alternate_form_3
NEEDS_ART_REDRAW,True,True,True,True,True,FLYGON_ALTERNATE_FORM_1,False,False,/tmp/reborn-converted/flygon_alternate_form_1
NEEDS_ART_REDRAW,True,True,True,True,True,FOMANTIS_ALTERNATE_FORM_1,False,False,/tmp/reborn-converted/fomantis_alternate_form_1
NEEDS_ART_REDRAW,True,True,True,True,True,GABITE_BLUETOWEL_ALTERNATE_FORMS_FORM_2,False,False,/tmp/reborn-converted/gabite_bluetowel_alternate_forms_form_2
NEEDS_ART_REDRAW,True,True,True,True,True,GARBODOR_ALTERNATE_FORM_1,False,False,/tmp/reborn-converted/garbodor_alternate_form_1
NEEDS_ART_REDRAW,True,True,True,True,True,GARCHOMP_ALTERNATE_FORM_2,False,False,/tmp/reborn-converted/garchomp_alternate_form_2
NEEDS_ART_REDRAW,True,True,True,True,True,GARCHOMP_ALTERNATE_MEGA_FORM_3,True,False,/tmp/reborn-converted/garchomp_alternate_mega_form_3
NEEDS_ART_REDRAW,True,True,True,True,True,GARCHOMP_BLUETOWEL_ALTERNATE_FORMS_FORM_1,False,False,/tmp/reborn-converted/garchomp_bluetowel_alternate_forms_form_1
NEEDS_ART_REDRAW,True,True,True,True,True,GARDEVOIR_ALTERNATE_FORM_3,False,False,/tmp/reborn-converted/gardevoir_alternate_form_3
NEEDS_ART_REDRAW,True,True,True,True,True,GARDEVOIR_MEGA_ALTERNATE_FORM_4,True,False,/tmp/reborn-converted/gardevoir_mega_alternate_form_4
MECHANICAL_CONVERSION,True,True,True,True,True,GASTLY_ALTERNATE_FORM_2,False,False,/tmp/reborn-converted/gastly_alternate_form_2
NEEDS_ART_REDRAW,True,True,True,True,True,GENGAR_ALTERNATE_FORM_2,False,False,/tmp/reborn-converted/gengar_alternate_form_2
NEEDS_ART_REDRAW,True,True,True,True,True,GENGAR_ALTERNATE_FORM_3,False,False,/tmp/reborn-converted/gengar_alternate_form_3
NEEDS_ART_REDRAW,True,True,True,True,True,GEODUDE_BLUETOWEL_ALTERNATE_FORMS_FORM_2,False,False,/tmp/reborn-converted/geodude_bluetowel_alternate_forms_form_2
NEEDS_ART_REDRAW,True,True,True,True,True,GIBLE_BLUETOWEL_ALTERNATE_FORMS_FORM_2,False,False,/tmp/reborn-converted/gible_bluetowel_alternate_forms_form_2
NEEDS_ART_REDRAW,True,True,True,True,True,GIRAFARIG_BLUETOWEL_ALTERNATE_FORM_FORM_1,False,False,/tmp/reborn-converted/girafarig_bluetowel_alternate_form_form_1
NEEDS_ART_REDRAW,True,True,True,True,True,GLACEON_ALTERNATE_FORM_3,False,False,/tmp/reborn-converted/glaceon_alternate_form_3
NEEDS_ART_REDRAW,True,True,True,True,True,GLAMEOW_ALTERNATE_FORM_1,False,False,/tmp/reborn-converted/glameow_alternate_form_1
NEEDS_ART_REDRAW,True,True,True,True,True,GLIGAR_ALTERNATE_FORM_1,False,False,/tmp/reborn-converted/gligar_alternate_form_1
NEEDS_ART_REDRAW,True,True,True,True,True,GLISCOR_ALTERNATE_FORM_1,False,False,/tmp/reborn-converted/gliscor_alternate_form_1
NEEDS_ART_REDRAW,True,True,True,True,True,GOLEM_BLUETOWEL_ALTERNATE_FORMS_FORM_2,False,False,/tmp/reborn-converted/golem_bluetowel_alternate_forms_form_2
NEEDS_ART_REDRAW,True,True,True,True,True,GOLETT_ALTERNATE_FORM_1,False,False,/tmp/reborn-converted/golett_alternate_form_1
NEEDS_ART_REDRAW,True,True,True,True,True,GOLURK_ALTERNATE_FORM_1,False,False,/tmp/reborn-converted/golurk_alternate_form_1
NEEDS_ART_REDRAW,True,True,True,True,True,GOODRA_ALTERNATE_FORM_1,False,False,/tmp/reborn-converted/goodra_alternate_form_1
NEEDS_ART_REDRAW,True,True,True,True,True,GOODRA_ALTERNATE_FORM_2,False,False,/tmp/reborn-converted/goodra_alternate_form_2
NEEDS_ART_REDRAW,True,True,True,True,True,GOOMY_ALTERNATE_FORM_1,False,False,/tmp/reborn-converted/goomy_alternate_form_1
NEEDS_ART_REDRAW,True,True,True,True,True,GRANBULL_ALTERNATE_FORM_1,False,False,/tmp/reborn-converted/granbull_alternate_form_1
NEEDS_ART_REDRAW,True,True,True,True,True,GRAVELER_BLUETOWEL_ALTERNATE_FORMS_FORM_2,False,False,/tmp/reborn-converted/graveler_bluetowel_alternate_forms_form_2
NEEDS_ART_REDRAW,True,True,True,True,True,GRENINJA_ALTERNATE_FORM_1,False,False,/tmp/reborn-converted/greninja_alternate_form_1
NEEDS_ART_REDRAW,True,True,True,True,True,GROVYLE_ALTERNATE_FORM_2,False,False,/tmp/reborn-converted/grovyle_alternate_form_2
NEEDS_ART_REDRAW,True,True,True,True,True,GRUMPIG_ALTERNATE_FORM_1,False,False,/tmp/reborn-converted/grumpig_alternate_form_1
NEEDS_ART_REDRAW,True,True,True,True,True,GURDURR_ALTERNATE_FORM_1,False,False,/tmp/reborn-converted/gurdurr_alternate_form_1
NEEDS_ART_REDRAW,True,True,True,True,True,GYARADOS_ALTERNATE_FORM_2,False,False,/tmp/reborn-converted/gyarados_alternate_form_2
NEEDS_ART_REDRAW,True,True,True,True,True,GYARADOS_MEGA_ALTERNATE_FORM_3,True,False,/tmp/reborn-converted/gyarados_mega_alternate_form_3
NEEDS_ART_REDRAW,True,True,True,True,True,HAKAMO_O_ALTERNATE_FORM_1,False,False,/tmp/reborn-converted/hakamo_o_alternate_form_1
NEEDS_ART_REDRAW,True,True,True,True,True,HAUNTER_ALTERNATE_FORM_2,False,False,/tmp/reborn-converted/haunter_alternate_form_2
NEEDS_ART_REDRAW,True,True,True,True,True,HITMONCHAN_ALTERNATE_FORM_1,False,False,/tmp/reborn-converted/hitmonchan_alternate_form_1
NEEDS_ART_REDRAW,True,True,True,True,True,HITMONLEE_ALTERNATE_FORM_1,False,False,/tmp/reborn-converted/hitmonlee_alternate_form_1
NEEDS_ART_REDRAW,True,True,True,True,True,HITMONTOP_ALTERNATE_FORM_1,False,False,/tmp/reborn-converted/hitmontop_alternate_form_1
NEEDS_ART_REDRAW,True,True,True,True,True,HOOTHOOT_ALTERNATE_FORM_1,False,False,/tmp/reborn-converted/hoothoot_alternate_form_1
NEEDS_ART_REDRAW,True,True,True,True,True,HYDREIGON_CYBERTANK_FORM_1,False,False,/tmp/reborn-converted/hydreigon_cybertank_form_1
NEEDS_ART_REDRAW,True,True,True,True,True,HYDREIGON_TELEPATHIC_FORM_2,False,False,/tmp/reborn-converted/hydreigon_telepathic_form_2
NEEDS_ART_REDRAW,True,True,True,True,True,HYPNO_ALTERNATE_FORM_2,False,False,/tmp/reborn-converted/hypno_alternate_form_2
NEEDS_ART_REDRAW,True,True,True,True,True,INCINEROAR_ALTERNATE_FORM_1,False,False,/tmp/reborn-converted/incineroar_alternate_form_1
NEEDS_ART_REDRAW,True,True,True,True,True,INFERNAPE_ALTERNATE_FORM_1,False,False,/tmp/reborn-converted/infernape_alternate_form_1
NEEDS_ART_REDRAW,True,True,True,True,True,INTELEON_ALTERNATE_FORM_2,False,False,/tmp/reborn-converted/inteleon_alternate_form_2
NEEDS_ART_REDRAW,True,True,True,True,True,JIGGLYPUFF_ALTERNATE_FORM_1,False,False,/tmp/reborn-converted/jigglypuff_alternate_form_1
NEEDS_ART_REDRAW,True,True,True,True,True,JOLTEON_ALTERNATE_FORM_3,False,False,/tmp/reborn-converted/jolteon_alternate_form_3
NEEDS_ART_REDRAW,True,True,True,True,True,KABUTOPS_ALTERNATE_FORM_1,False,False,/tmp/reborn-converted/kabutops_alternate_form_1
NEEDS_ART_REDRAW,True,True,True,True,True,KABUTO_ALTERNATE_FORM_1,False,False,/tmp/reborn-converted/kabuto_alternate_form_1
NEEDS_ART_REDRAW,True,True,True,True,True,KADABRA_ALTERNATE_FORM_2,False,False,/tmp/reborn-converted/kadabra_alternate_form_2
NEEDS_ART_REDRAW,True,True,True,True,True,KAKUNA_ALTERNATE_FORM_2,False,False,/tmp/reborn-converted/kakuna_alternate_form_2
NEEDS_ART_REDRAW,True,True,True,True,True,KINGLER_ALTERNATE_FORM_2,False,False,/tmp/reborn-converted/kingler_alternate_form_2
NEEDS_ART_REDRAW,True,True,True,True,True,KIRLIA_ALTERNATE_FORM_3,False,False,/tmp/reborn-converted/kirlia_alternate_form_3
NEEDS_ART_REDRAW,True,True,True,True,True,KLANG_ALTERNATE_FORM_1,False,False,/tmp/reborn-converted/klang_alternate_form_1
NEEDS_ART_REDRAW,True,True,True,True,True,KLINKLANG_ALTERNATE_FORM_1,False,False,/tmp/reborn-converted/klinklang_alternate_form_1
NEEDS_ART_REDRAW,True,True,True,True,True,KOFFING_BLUETOWEL_ALTERNATE_FORMS_FORM_2,False,False,/tmp/reborn-converted/koffing_bluetowel_alternate_forms_form_2
NEEDS_ART_REDRAW,True,True,True,True,True,KOMMO_O_ALTERNATE_FORM_1,False,False,/tmp/reborn-converted/kommo_o_alternate_form_1
NEEDS_ART_REDRAW,True,True,True,True,True,KRABBY_ALTERNATE_FORM_2,False,False,/tmp/reborn-converted/krabby_alternate_form_2
NEEDS_ART_REDRAW,True,True,True,True,True,KROKOROK_ALTERNATE_FORM_1,False,False,/tmp/reborn-converted/krokorok_alternate_form_1
NEEDS_ART_REDRAW,True,True,True,True,True,KROOKODILE_ALTERNATE_FORM_1,False,False,/tmp/reborn-converted/krookodile_alternate_form_1
NEEDS_ART_REDRAW,True,True,True,True,True,LAMPENT_ALTERNATE_FORM_1,False,False,/tmp/reborn-converted/lampent_alternate_form_1
NEEDS_ART_REDRAW,True,True,True,True,True,LARVITAR_ICE_FORM_2,False,False,/tmp/reborn-converted/larvitar_ice_form_2
NEEDS_ART_REDRAW,True,True,True,True,True,LARVITAR_SPACE_FORM_4,False,False,/tmp/reborn-converted/larvitar_space_form_4
NEEDS_ART_REDRAW,True,True,True,True,True,LEAFEON_ALTERNATE_FORM_3,False,False,/tmp/reborn-converted/leafeon_alternate_form_3
NEEDS_ART_REDRAW,True,True,True,True,True,LEDIAN_ALTERNATE_FORM_1,False,False,/tmp/reborn-converted/ledian_alternate_form_1
NEEDS_ART_REDRAW,True,True,True,True,True,LEDYBA_ALTERNATE_FORM_1,False,False,/tmp/reborn-converted/ledyba_alternate_form_1
NEEDS_ART_REDRAW,True,True,True,True,True,LIEPARD_ALTERNATE_FORM_1,False,False,/tmp/reborn-converted/liepard_alternate_form_1
INCOMPLETE_SOURCE_SET,False,True,False,True,False,LILEEP_ALTERNATE_FORM_1,False,False,/tmp/reborn-converted/lileep_alternate_form_1
NEEDS_ART_REDRAW,True,True,True,True,True,LILLIGANT_ALTERNATE_FORM_1,False,False,/tmp/reborn-converted/lilligant_alternate_form_1
NEEDS_ART_REDRAW,True,True,True,True,True,LILLIGANT_ALTERNATE_FORM_2,False,False,/tmp/reborn-converted/lilligant_alternate_form_2
NEEDS_ART_REDRAW,True,True,True,True,True,LITWICK_ALTERNATE_FORM_1,False,False,/tmp/reborn-converted/litwick_alternate_form_1
NEEDS_ART_REDRAW,True,True,True,True,True,LOPUNNY_ALTERNATE_FORM_2,False,False,/tmp/reborn-converted/lopunny_alternate_form_2
NEEDS_ART_REDRAW,True,True,True,True,True,LOPUNNY_ALTERNATE_MEGA_FORM_3,True,False,/tmp/reborn-converted/lopunny_alternate_mega_form_3
NEEDS_ART_REDRAW,True,True,True,True,True,LOPUNNY_BLUETOWEL_ALTERNATE_FORMS_FORM_1,False,False,/tmp/reborn-converted/lopunny_bluetowel_alternate_forms_form_1
NEEDS_ART_REDRAW,True,True,True,True,True,LURANTIS_ALTERNATE_FORM_1,False,False,/tmp/reborn-converted/lurantis_alternate_form_1
NEEDS_ART_REDRAW,True,True,True,True,True,LUXRAY_ALTERNATE_FORM_1,False,False,/tmp/reborn-converted/luxray_alternate_form_1
NEEDS_ART_REDRAW,True,True,True,True,True,MAGIKARP_ALTERNATE_FORM_2,False,False,/tmp/reborn-converted/magikarp_alternate_form_2
NEEDS_ART_REDRAW,True,True,True,True,True,MAGMAR_ALTERNATE_FORM_1,False,False,/tmp/reborn-converted/magmar_alternate_form_1
NEEDS_ART_REDRAW,True,True,True,True,True,MAGMORTAR_ALTERNATE_FORM_1,False,False,/tmp/reborn-converted/magmortar_alternate_form_1
NEEDS_ART_REDRAW,True,True,True,True,True,MANECTRIC_ALTERNATE_FORM_2,False,False,/tmp/reborn-converted/manectric_alternate_form_2
NEEDS_ART_REDRAW,True,True,True,True,True,MANECTRIC_MEGA_ALTERNATE_FORM_3,True,False,/tmp/reborn-converted/manectric_mega_alternate_form_3
NEEDS_ART_REDRAW,True,True,True,True,True,MEGANIUM_ALTERNATE_FORM_1,True,False,/tmp/reborn-converted/meganium_alternate_form_1
NEEDS_ART_REDRAW,True,True,True,True,True,METAGROSS_ALTERNATE_FORM_1,False,False,/tmp/reborn-converted/metagross_alternate_form_1
NEEDS_ART_REDRAW,True,True,True,True,True,METAGROSS_ALTERNATE_FORM_2,False,False,/tmp/reborn-converted/metagross_alternate_form_2
NEEDS_ART_REDRAW,True,True,True,True,True,METAGROSS_ALTERNATE_MEGA_FORM_3,True,False,/tmp/reborn-converted/metagross_alternate_mega_form_3
NEEDS_ART_REDRAW,True,True,True,True,True,METANG_ALTERNATE_FORM_2,False,False,/tmp/reborn-converted/metang_alternate_form_2
NEEDS_ART_REDRAW,True,True,True,True,True,MIENFOO_BLUETOWEL_ALTERNATE_FORM_FORM_1,False,False,/tmp/reborn-converted/mienfoo_bluetowel_alternate_form_form_1
NEEDS_ART_REDRAW,True,True,True,True,True,MIENSHAO_BLUETOWEL_ALTERNATE_FORM_FORM_1,False,False,/tmp/reborn-converted/mienshao_bluetowel_alternate_form_form_1
NEEDS_ART_REDRAW,True,True,True,True,True,MIGHTYENA_ALTERNATE_FORM_1,False,False,/tmp/reborn-converted/mightyena_alternate_form_1
NEEDS_ART_REDRAW,True,True,True,True,True,MISDREAVUS_ALTERNATE_FORM_2,False,False,/tmp/reborn-converted/misdreavus_alternate_form_2
NEEDS_ART_REDRAW,True,True,True,True,True,MISMAGIUS_ALTERNATE_FORM_2,False,False,/tmp/reborn-converted/mismagius_alternate_form_2
NEEDS_ART_REDRAW,True,True,True,True,True,MUNNA_ALTERNATE_FORM_1,False,False,/tmp/reborn-converted/munna_alternate_form_1
NEEDS_ART_REDRAW,True,True,True,True,True,MUSHARNA_ALTERNATE_FORM_1,False,False,/tmp/reborn-converted/musharna_alternate_form_1
NEEDS_ART_REDRAW,True,True,True,True,True,NATU_ALTERNATE_FORM_1,False,False,/tmp/reborn-converted/natu_alternate_form_1
NEEDS_ART_REDRAW,True,True,True,True,True,NINETALES_ALTERNATE_FORM_2,False,False,/tmp/reborn-converted/ninetales_alternate_form_2
NEEDS_ART_REDRAW,True,True,True,True,True,NINETALES_ALTERNATE_FORM_3,False,False,/tmp/reborn-converted/ninetales_alternate_form_3
NEEDS_ART_REDRAW,True,True,True,True,True,NOCTOWL_ALTERNATE_FORM_1,False,False,/tmp/reborn-converted/noctowl_alternate_form_1
NEEDS_ART_REDRAW,True,True,True,True,True,NOIBAT_ALTERNATE_FORM_1,False,False,/tmp/reborn-converted/noibat_alternate_form_1
NEEDS_ART_REDRAW,True,True,True,True,True,NOIVERN_ALTERNATE_FORM_1,False,False,/tmp/reborn-converted/noivern_alternate_form_1
NEEDS_ART_REDRAW,True,True,True,True,True,NOSEPASS_ALTERNATE_FORM_1,False,False,/tmp/reborn-converted/nosepass_alternate_form_1
NEEDS_ART_REDRAW,True,True,True,True,True,NUMEL_ALTERNATE_FORM_3,False,False,/tmp/reborn-converted/numel_alternate_form_3
NEEDS_ART_REDRAW,True,True,True,True,True,OCTILLERY_ALTERNATE_FORM_1,False,False,/tmp/reborn-converted/octillery_alternate_form_1
NEEDS_ART_REDRAW,True,True,True,True,True,OMANYTE_ALTERNATE_FORM_1,False,False,/tmp/reborn-converted/omanyte_alternate_form_1
NEEDS_ART_REDRAW,True,True,True,True,True,OMASTAR_ALTERNATE_FORM_1,False,False,/tmp/reborn-converted/omastar_alternate_form_1
NEEDS_ART_REDRAW,True,True,True,True,True,ONIX_ALTERNATE_FORM_2,False,False,/tmp/reborn-converted/onix_alternate_form_2
NEEDS_ART_REDRAW,True,True,True,True,True,PACHIRISU_ALTERNATE_FORM_1,False,False,/tmp/reborn-converted/pachirisu_alternate_form_1
NEEDS_ART_REDRAW,True,True,True,True,True,PALOSSAND_ALTERNATE_FORM_1,False,False,/tmp/reborn-converted/palossand_alternate_form_1
NEEDS_ART_REDRAW,True,True,True,True,True,PARASECT_ALTERNATE_FORM_1,False,False,/tmp/reborn-converted/parasect_alternate_form_1
NEEDS_ART_REDRAW,True,True,True,True,True,PARAS_ALTERNATE_FORM_1,False,False,/tmp/reborn-converted/paras_alternate_form_1
NEEDS_ART_REDRAW,True,True,True,True,True,PAWNIARD_ALTERNATE_FORM_1,False,False,/tmp/reborn-converted/pawniard_alternate_form_1
NEEDS_ART_REDRAW,True,True,True,True,True,PETILIL_ALTERNATE_FORM_1,False,False,/tmp/reborn-converted/petilil_alternate_form_1
NEEDS_ART_REDRAW,True,True,True,True,True,PETILIL_ALTERNATE_FORM_2,False,False,/tmp/reborn-converted/petilil_alternate_form_2
NEEDS_ART_REDRAW,True,True,True,True,True,PHANPY_ALTERNATE_FORM_1,False,False,/tmp/reborn-converted/phanpy_alternate_form_1
NEEDS_ART_REDRAW,True,True,True,True,True,PIDGEOTTO_ALTERNATE_FORM_2,False,False,/tmp/reborn-converted/pidgeotto_alternate_form_2
NEEDS_ART_REDRAW,True,True,True,True,True,PIDGEOT_ALTERNATE_FORM_2,False,False,/tmp/reborn-converted/pidgeot_alternate_form_2
NEEDS_ART_REDRAW,True,True,True,True,True,PIDGEOT_MEGA_ALTERNATE_FORM_3,True,False,/tmp/reborn-converted/pidgeot_mega_alternate_form_3
NEEDS_ART_REDRAW,True,True,True,True,True,PIDGEY_ALTERNATE_FORM_2,False,False,/tmp/reborn-converted/pidgey_alternate_form_2
NEEDS_ART_REDRAW,True,True,True,True,True,PIDOVE_ALTERNATE_FORM_1,False,False,/tmp/reborn-converted/pidove_alternate_form_1
NEEDS_ART_REDRAW,True,True,True,True,True,PIGNITE_ALTERNATE_FORM_1,False,False,/tmp/reborn-converted/pignite_alternate_form_1
NEEDS_ART_REDRAW,True,True,True,True,True,POLITOED_ALTERNATE_FORM_1,False,False,/tmp/reborn-converted/politoed_alternate_form_1
NEEDS_ART_REDRAW,True,True,True,True,True,POLIWAG_ALTERNATE_FORM_1,False,False,/tmp/reborn-converted/poliwag_alternate_form_1
NEEDS_ART_REDRAW,True,True,True,True,True,POLIWHIRL_ALTERNATE_FORM_1,False,False,/tmp/reborn-converted/poliwhirl_alternate_form_1
NEEDS_ART_REDRAW,True,True,True,True,True,POLIWRATH_ALTERNATE_FORM_1,False,False,/tmp/reborn-converted/poliwrath_alternate_form_1
NEEDS_ART_REDRAW,True,True,True,True,True,PONYTA_ALTERNATE_FORM_1,False,False,/tmp/reborn-converted/ponyta_alternate_form_1
NEEDS_ART_REDRAW,True,True,True,True,True,PRIMARINA_ALTERNATE_FORM_1,False,False,/tmp/reborn-converted/primarina_alternate_form_1
NEEDS_ART_REDRAW,True,True,True,True,True,PROBOPASS_ALTERNATE_FORM_1,False,False,/tmp/reborn-converted/probopass_alternate_form_1
NEEDS_ART_REDRAW,True,True,True,True,True,PUPITAR_ICE_FORM_2,False,False,/tmp/reborn-converted/pupitar_ice_form_2
NEEDS_ART_REDRAW,True,True,True,True,True,PUPITAR_SPACE_FORM_4,False,False,/tmp/reborn-converted/pupitar_space_form_4
NEEDS_ART_REDRAW,True,True,True,True,True,PURRLOIN_ALTERNATE_FORM_1,False,False,/tmp/reborn-converted/purrloin_alternate_form_1
NEEDS_ART_REDRAW,True,True,True,True,True,PURUGLY_ALTERNATE_FORM_1,False,False,/tmp/reborn-converted/purugly_alternate_form_1
NEEDS_ART_REDRAW,True,True,True,True,True,QUAGSIRE_ALTERNATE_FORM_1,False,False,/tmp/reborn-converted/quagsire_alternate_form_1
NEEDS_ART_REDRAW,True,True,True,True,True,QUILAVA_ALTERNATE_FORM_1,False,False,/tmp/reborn-converted/quilava_alternate_form_1
NEEDS_ART_REDRAW,True,True,True,True,True,RABOOT_ALTERNATE_FORM_2,False,False,/tmp/reborn-converted/raboot_alternate_form_2
NEEDS_ART_REDRAW,True,True,True,True,True,RALTS_ALTERNATE_FORM_3,False,False,/tmp/reborn-converted/ralts_alternate_form_3
NEEDS_ART_REDRAW,True,True,True,True,True,RAMPARDOS_ALTERNATE_FORM_1,False,False,/tmp/reborn-converted/rampardos_alternate_form_1
NEEDS_ART_REDRAW,True,True,True,True,True,RAPIDASH_ALTERNATE_FORM_1,False,False,/tmp/reborn-converted/rapidash_alternate_form_1
NEEDS_ART_REDRAW,True,True,True,True,True,REMORAID_ALTERNATE_FORM_1,False,False,/tmp/reborn-converted/remoraid_alternate_form_1
NEEDS_ART_REDRAW,True,True,True,True,True,REUNICLUS_ALTERNATE_FORM_1,False,False,/tmp/reborn-converted/reuniclus_alternate_form_1
NEEDS_ART_REDRAW,True,True,True,True,True,RHYPERIOR_ALTERNATE_FORM_1,False,False,/tmp/reborn-converted/rhyperior_alternate_form_1
NEEDS_ART_REDRAW,True,True,True,True,True,RIBOMBEE_BLUETOWEL_ALTERNATE_FORM_FORM_1,False,False,/tmp/reborn-converted/ribombee_bluetowel_alternate_form_form_1
NEEDS_ART_REDRAW,True,True,True,True,True,RILLABOOM_ALTERNATE_FORM_2,False,False,/tmp/reborn-converted/rillaboom_alternate_form_2
NEEDS_ART_REDRAW,True,True,True,True,True,ROGGENROLA_ALTERNATE_FORM_1,False,False,/tmp/reborn-converted/roggenrola_alternate_form_1
NEEDS_ART_REDRAW,True,True,True,True,True,SABLEYE_ALTERNATE_DARKNESS_FORM_4,False,False,/tmp/reborn-converted/sableye_alternate_darkness_form_4
NEEDS_ART_REDRAW,True,True,True,True,True,SABLEYE_ALTERNATE_DARKNESS_MEGA_FORM_5,True,False,/tmp/reborn-converted/sableye_alternate_darkness_mega_form_5
NEEDS_ART_REDRAW,True,True,True,True,True,SABLEYE_ALTERNATE_GEMSTONE_FORM_2,False,False,/tmp/reborn-converted/sableye_alternate_gemstone_form_2
NEEDS_ART_REDRAW,True,True,True,True,True,SABLEYE_ALTERNATE_GEMSTONE_MEGA_FORM_3,True,False,/tmp/reborn-converted/sableye_alternate_gemstone_mega_form_3
NEEDS_ART_REDRAW,True,True,True,True,True,SALAMENCE_ALTERNATE_FORM_1,False,False,/tmp/reborn-converted/salamence_alternate_form_1
NEEDS_ART_REDRAW,True,True,True,True,True,SALAMENCE_ALTERNATE_FORM_2,False,False,/tmp/reborn-converted/salamence_alternate_form_2
NEEDS_ART_REDRAW,True,True,True,True,True,SALAMENCE_ALTERNATE_MEGA_FORM_3,True,False,/tmp/reborn-converted/salamence_alternate_mega_form_3
NEEDS_ART_REDRAW,True,True,True,True,True,SAMUROTT_BLUETOWEL_ALTERNATE_FORM_FORM_1,False,False,/tmp/reborn-converted/samurott_bluetowel_alternate_form_form_1
NEEDS_ART_REDRAW,True,True,True,True,True,SAMUROTT_BLUETOWEL_ALTERNATE_FORM_FORM_2,False,False,/tmp/reborn-converted/samurott_bluetowel_alternate_form_form_2
NEEDS_ART_REDRAW,True,True,True,True,True,SANDILE_ALTERNATE_FORM_1,False,False,/tmp/reborn-converted/sandile_alternate_form_1
NEEDS_ART_REDRAW,True,True,True,True,True,SANDYGAST_ALTERNATE_FORM_1,False,False,/tmp/reborn-converted/sandygast_alternate_form_1
NEEDS_ART_REDRAW,True,True,True,True,True,SCEPTILE_ALTERNATE_FORM_2,False,False,/tmp/reborn-converted/sceptile_alternate_form_2
NEEDS_ART_REDRAW,True,True,True,True,True,SCEPTILE_ALTERNATE_MEGA_FORM_3,True,False,/tmp/reborn-converted/sceptile_alternate_mega_form_3
NEEDS_ART_REDRAW,True,True,True,True,True,SCORBUNNY_ALTERNATE_FORM_2,False,False,/tmp/reborn-converted/scorbunny_alternate_form_2
NEEDS_ART_REDRAW,True,True,True,True,True,SERPERIOR_ALTERNATE_FORM_1,False,False,/tmp/reborn-converted/serperior_alternate_form_1
NEEDS_ART_REDRAW,True,True,True,True,True,SHELGON_ALTERNATE_FORM_2,False,False,/tmp/reborn-converted/shelgon_alternate_form_2
NEEDS_ART_REDRAW,True,True,True,True,True,SHIELDON_ALTERNATE_FORM_1,False,False,/tmp/reborn-converted/shieldon_alternate_form_1
NEEDS_ART_REDRAW,True,True,True,True,True,SIRFETCHD_ALTERNATE_FORM_1,False,False,/tmp/reborn-converted/sirfetchd_alternate_form_1
NEEDS_ART_REDRAW,True,True,True,True,True,SKITTY_ALTERNATE_FORM_1,False,False,/tmp/reborn-converted/skitty_alternate_form_1
NEEDS_ART_REDRAW,True,True,True,True,True,SKORUPI_ALTERNATE_FORM_1,False,False,/tmp/reborn-converted/skorupi_alternate_form_1
NEEDS_ART_REDRAW,True,True,True,True,True,SKORUPI_ALTERNATE_FORM_2,False,False,/tmp/reborn-converted/skorupi_alternate_form_2
NEEDS_ART_REDRAW,True,True,True,True,True,SKRELP_ALTERNATE_FORM_1,False,False,/tmp/reborn-converted/skrelp_alternate_form_1
NEEDS_ART_REDRAW,True,True,True,True,True,SLIGGOO_ALTERNATE_FORM_1,False,False,/tmp/reborn-converted/sliggoo_alternate_form_1
NEEDS_ART_REDRAW,True,True,True,True,True,SLIGGOO_ALTERNATE_FORM_2,False,False,/tmp/reborn-converted/sliggoo_alternate_form_2
NEEDS_ART_REDRAW,True,True,True,True,True,SLOWBRO_BLUETOWEL_ALTERNATE_FORMS_FORM_2,False,False,/tmp/reborn-converted/slowbro_bluetowel_alternate_forms_form_2
NEEDS_ART_REDRAW,True,True,True,True,True,SLOWBRO_BLUETOWEL_ALTERNATE_FORMS_FORM_4,False,False,/tmp/reborn-converted/slowbro_bluetowel_alternate_forms_form_4
NEEDS_ART_REDRAW,True,True,True,True,True,SLOWBRO_BLUETOWEL_ALTERNATE_FORMS_FORM_5,False,False,/tmp/reborn-converted/slowbro_bluetowel_alternate_forms_form_5
NEEDS_ART_REDRAW,True,True,True,True,True,SLOWBRO_MEGA_ALT_FORM_FORM_3,True,False,/tmp/reborn-converted/slowbro_mega_alt_form_form_3
NEEDS_ART_REDRAW,True,True,True,True,True,SLOWKING_BLUETOWEL_ALTERNATE_FORMS_FORM_2,False,False,/tmp/reborn-converted/slowking_bluetowel_alternate_forms_form_2
NEEDS_ART_REDRAW,True,True,True,True,True,SNEASEL_ALTERNATE_FORM_1,False,False,/tmp/reborn-converted/sneasel_alternate_form_1
NEEDS_ART_REDRAW,True,True,True,True,True,SNEASEL_ALTERNATE_FORM_2,False,False,/tmp/reborn-converted/sneasel_alternate_form_2
NEEDS_ART_REDRAW,True,True,True,True,True,SNUBBULL_ALTERNATE_FORM_1,False,False,/tmp/reborn-converted/snubbull_alternate_form_1
NEEDS_ART_REDRAW,True,True,True,True,True,SOBBLE_ALTERNATE_FORM_2,False,False,/tmp/reborn-converted/sobble_alternate_form_2
MECHANICAL_CONVERSION,True,True,True,True,True,SOLOSIS_ALTERNATE_FORM_1,False,False,/tmp/reborn-converted/solosis_alternate_form_1
MECHANICAL_CONVERSION,True,True,True,True,True,SPIRITOMB_ALTERNATE_FORM_1,False,False,/tmp/reborn-converted/spiritomb_alternate_form_1
NEEDS_ART_REDRAW,True,True,True,True,True,SPRITZEE_ALTERNATE_FORM_1,False,False,/tmp/reborn-converted/spritzee_alternate_form_1
NEEDS_ART_REDRAW,True,True,True,True,True,SPRITZEE_ALTERNATE_FORM_2,False,False,/tmp/reborn-converted/spritzee_alternate_form_2
NEEDS_ART_REDRAW,True,True,True,True,True,STARMIE_ALTERNATE_FORM_1,False,False,/tmp/reborn-converted/starmie_alternate_form_1
NEEDS_ART_REDRAW,True,True,True,True,True,STARYU_ALTERNATE_FORM_1,False,False,/tmp/reborn-converted/staryu_alternate_form_1
NEEDS_ART_REDRAW,True,True,True,True,True,STEELIX_ALTERNATE_FORM_2,False,False,/tmp/reborn-converted/steelix_alternate_form_2
NEEDS_ART_REDRAW,True,True,True,True,True,STEELIX_ALTERNATE_MEGA_FORM_3,True,False,/tmp/reborn-converted/steelix_alternate_mega_form_3
NEEDS_ART_REDRAW,True,True,True,True,True,SUNFLORA_ALTERNATE_FORM_1,False,False,/tmp/reborn-converted/sunflora_alternate_form_1
NEEDS_ART_REDRAW,True,True,True,True,True,SUNFLORA_ALTERNATE_FORM_2,False,False,/tmp/reborn-converted/sunflora_alternate_form_2
INCOMPLETE_SOURCE_SET,False,True,False,True,False,SWALOT_ALTERNATE_FORM_1,False,False,/tmp/reborn-converted/swalot_alternate_form_1
NEEDS_ART_REDRAW,True,True,True,True,True,SWALOT_ALTERNATE_FORM_2,False,False,/tmp/reborn-converted/swalot_alternate_form_2
NEEDS_ART_REDRAW,True,True,True,True,True,SWAMPERT_ALTERNATE_MEGA_FORM_2,True,False,/tmp/reborn-converted/swampert_alternate_mega_form_2
NEEDS_ART_REDRAW,True,True,True,True,True,SWAMPERT_ALTERNATE_MEGA_FORM_3,True,False,/tmp/reborn-converted/swampert_alternate_mega_form_3
NEEDS_ART_REDRAW,True,True,True,True,True,SYLVEON_ALTERNATE_FORM_3,False,False,/tmp/reborn-converted/sylveon_alternate_form_3
NEEDS_ART_REDRAW,True,True,True,True,True,THWACKEY_ALTERNATE_FORM_2,False,False,/tmp/reborn-converted/thwackey_alternate_form_2
NEEDS_ART_REDRAW,True,True,True,True,True,TIMBURR_ALTERNATE_FORM_1,False,False,/tmp/reborn-converted/timburr_alternate_form_1
NEEDS_ART_REDRAW,True,True,True,True,True,TIRTOUGA_ALTERNATE_FORM_1,False,False,/tmp/reborn-converted/tirtouga_alternate_form_1
NEEDS_ART_REDRAW,True,True,True,True,True,TORTERRA_BLUETOWEL_ALTERNATE_FORM_FORM_1,False,False,/tmp/reborn-converted/torterra_bluetowel_alternate_form_form_1
NEEDS_ART_REDRAW,True,True,True,True,True,TRANQUILL_ALTERNATE_FORM_1,False,False,/tmp/reborn-converted/tranquill_alternate_form_1
NEEDS_ART_REDRAW,True,True,True,True,True,TRAPINCH_ALTERNATE_FORM_1,False,False,/tmp/reborn-converted/trapinch_alternate_form_1
NEEDS_ART_REDRAW,True,True,True,True,True,TROPIUS_ALTERNATE_FORM_1,False,False,/tmp/reborn-converted/tropius_alternate_form_1
NEEDS_ART_REDRAW,True,True,True,True,True,TRUBBISH_ALTERNATE_FORM_1,False,False,/tmp/reborn-converted/trubbish_alternate_form_1
NEEDS_ART_REDRAW,True,True,True,True,True,TYPHLOSION_ALTERNATE_FORM_1,False,False,/tmp/reborn-converted/typhlosion_alternate_form_1
NEEDS_ART_REDRAW,True,True,True,True,True,TYPHLOSION_ALTERNATE_FORM_2,False,False,/tmp/reborn-converted/typhlosion_alternate_form_2
NEEDS_ART_REDRAW,True,True,True,True,True,TYRANITAR_ICE_FORM_2,False,False,/tmp/reborn-converted/tyranitar_ice_form_2
NEEDS_ART_REDRAW,True,True,True,True,True,TYRANITAR_MEGA_ICE_FORM_3,True,False,/tmp/reborn-converted/tyranitar_mega_ice_form_3
NEEDS_ART_REDRAW,True,True,True,True,True,TYRANITAR_SPACE_FORM_4,False,False,/tmp/reborn-converted/tyranitar_space_form_4
NEEDS_ART_REDRAW,True,True,True,True,True,TYRANTRUM_ALTERNATE_FORM_1,False,False,/tmp/reborn-converted/tyrantrum_alternate_form_1
NEEDS_ART_REDRAW,True,True,True,True,True,TYRUNT_ALTERNATE_FORM_1,False,False,/tmp/reborn-converted/tyrunt_alternate_form_1
NEEDS_ART_REDRAW,True,True,True,True,True,UMBREON_ALTERNATE_FORM_3,False,False,/tmp/reborn-converted/umbreon_alternate_form_3
NEEDS_ART_REDRAW,True,True,True,True,True,UNFEZANT_ALTERNATE_FORM_1,False,False,/tmp/reborn-converted/unfezant_alternate_form_1
NEEDS_ART_REDRAW,True,True,True,True,True,VANILLISH_ALTERNATE_FORM_1,False,False,/tmp/reborn-converted/vanillish_alternate_form_1
NEEDS_ART_REDRAW,True,True,True,True,True,VANILLITE_ALTERNATE_FORM_1,False,False,/tmp/reborn-converted/vanillite_alternate_form_1
NEEDS_ART_REDRAW,True,True,True,True,True,VANILLUXE_ALTERNATE_FORM_1,False,False,/tmp/reborn-converted/vanilluxe_alternate_form_1
NEEDS_ART_REDRAW,True,True,True,True,True,VAPOREON_ALTERNATE_FORM_3,False,False,/tmp/reborn-converted/vaporeon_alternate_form_3
NEEDS_ART_REDRAW,True,True,True,True,True,VENOMOTH_ALTERNATE_FORM_1,False,False,/tmp/reborn-converted/venomoth_alternate_form_1
NEEDS_ART_REDRAW,True,True,True,True,True,VENONAT_ALTERNATE_FORM_1,False,False,/tmp/reborn-converted/venonat_alternate_form_1
INCOMPLETE_SOURCE_SET,False,True,False,True,False,VESPIQUEN_ALTERNATE_FORM_1,False,False,/tmp/reborn-converted/vespiquen_alternate_form_1
NEEDS_ART_REDRAW,True,True,True,True,True,VIBRAVA_ALTERNATE_FORM_1,False,False,/tmp/reborn-converted/vibrava_alternate_form_1
NEEDS_ART_REDRAW,True,True,True,True,True,VULPIX_ALTERNATE_FORM_2,False,False,/tmp/reborn-converted/vulpix_alternate_form_2
NEEDS_ART_REDRAW,True,True,True,True,True,VULPIX_ALTERNATE_FORM_3,False,False,/tmp/reborn-converted/vulpix_alternate_form_3
NEEDS_ART_REDRAW,True,True,True,True,True,WAILMER_ALTERNATE_FORM_1,False,False,/tmp/reborn-converted/wailmer_alternate_form_1
NEEDS_ART_REDRAW,True,True,True,True,True,WAILORD_ALTERNATE_FORM_1,False,False,/tmp/reborn-converted/wailord_alternate_form_1
NEEDS_ART_REDRAW,True,True,True,True,True,WEAVILE_ALTERNATE_FORM_1,False,False,/tmp/reborn-converted/weavile_alternate_form_1
NEEDS_ART_REDRAW,True,True,True,True,True,WEEDLE_ALTERNATE_FORM_2,False,False,/tmp/reborn-converted/weedle_alternate_form_2
NEEDS_ART_REDRAW,True,True,True,True,True,WEEZING_BLUETOWEL_ALTERNATE_FORMS_FORM_2,False,False,/tmp/reborn-converted/weezing_bluetowel_alternate_forms_form_2
NEEDS_ART_REDRAW,True,True,True,True,True,WIGGLYTUFF_ALTERNATE_FORM_1,False,False,/tmp/reborn-converted/wigglytuff_alternate_form_1
NEEDS_ART_REDRAW,True,True,True,True,True,WOOPER_ALTERNATE_FORM_1,False,False,/tmp/reborn-converted/wooper_alternate_form_1
NEEDS_ART_REDRAW,True,True,True,True,True,XATU_ALTERNATE_FORM_1,False,False,/tmp/reborn-converted/xatu_alternate_form_1
NEEDS_ART_REDRAW,True,True,True,True,True,YAMASK_ALTERNATE_FORM_1,False,False,/tmp/reborn-converted/yamask_alternate_form_1
NEEDS_ART_REDRAW,True,True,True,True,True,YAMASK_ALTERNATE_FORM_2,False,False,/tmp/reborn-converted/yamask_alternate_form_2
NEEDS_ART_REDRAW,True,True,True,True,True,YANMA_ALTERNATE_FORM_1,False,False,/tmp/reborn-converted/yanma_alternate_form_1
NEEDS_ART_REDRAW,True,True,True,True,True,YANMEGA_ALTERNATE_FORM_1,True,False,/tmp/reborn-converted/yanmega_alternate_form_1
NEEDS_ART_REDRAW,True,True,True,True,True,ZWEILOUS_CYBERTANK_FORM_1,False,False,/tmp/reborn-converted/zweilous_cybertank_form_1
NEEDS_ART_REDRAW,True,True,True,True,True,ZWEILOUS_TELEPATHIC_FORM_2,False,False,/tmp/reborn-converted/zweilous_telepathic_form_2
