identity,base,dex,form,historical_decision,review_id,front,back,shiny_front,shiny_back,view_count
butterfree-alternate-form-1,Butterfree,12,1,approve,R0010,Graphics/Battlers/012_1.png,Graphics/Battlers/012b_1.png,Graphics/Battlers/012s_1.png,Graphics/Battlers/012sb_1.png,4
pidgey-alternate-form-2,Pidgey,16,2,approve,R0019,Graphics/Battlers/016_2.png,Graphics/Battlers/016b_2.png,Graphics/Battlers/016s_2.png,Graphics/Battlers/016sb_2.png,4
pidgeotto-alternate-form-2,Pidgeotto,17,2,approve,R0020,Graphics/Battlers/017_2.png,Graphics/Battlers/017b_2.png,Graphics/Battlers/017s_2.png,Graphics/Battlers/017sb_2.png,4
pidgeot-alternate-form-2,Pidgeot,18,2,approve,R0021,Graphics/Battlers/018_2.png,Graphics/Battlers/018b_2.png,Graphics/Battlers/018s_2.png,Graphics/Battlers/018sb_2.png,4
pidgeot-mega-alternate-form-3,Pidgeot,18,3,approve,R0022,Graphics/Battlers/018_3.png,Graphics/Battlers/018b_3.png,Graphics/Battlers/018s_3.png,Graphics/Battlers/018sb_3.png,4
vulpix-alternate-form-2,Vulpix,37,2,approve,R0048,Graphics/Battlers/037_2.png,Graphics/Battlers/037b_2.png,Graphics/Battlers/037s_2.png,Graphics/Battlers/037sb_2.png,4
poliwag-alternate-form-1,Poliwag,60,1,approve,R0080,Graphics/Battlers/060_1.png,Graphics/Battlers/060b_1.png,Graphics/Battlers/060s_1.png,Graphics/Battlers/060sb_1.png,4
poliwhirl-alternate-form-1,Poliwhirl,61,1,approve,R0081,Graphics/Battlers/061_1.png,Graphics/Battlers/061b_1.png,Graphics/Battlers/061s_1.png,Graphics/Battlers/061sb_1.png,4
poliwrath-alternate-form-1,Poliwrath,62,1,approve,R0082,Graphics/Battlers/062_1.png,Graphics/Battlers/062b_1.png,Graphics/Battlers/062s_1.png,Graphics/Battlers/062sb_1.png,4
politoed-alternate-form-1,Politoed,186,1,approve,R0084,Graphics/Battlers/186_1.png,Graphics/Battlers/186b_1.png,Graphics/Battlers/186s_1.png,Graphics/Battlers/186sb_1.png,4
geodude-bluetowel-alternate-forms-form-2,Geodude,74,2,approve,R0105,Graphics/Battlers/074_2.png,Graphics/Battlers/074b_2.png,Graphics/Battlers/074s_2.png,Graphics/Battlers/074sb_2.png,4
graveler-bluetowel-alternate-forms-form-2,Graveler,75,2,approve,R0106,Graphics/Battlers/075_2.png,Graphics/Battlers/075b_2.png,Graphics/Battlers/075s_2.png,Graphics/Battlers/075sb_2.png,4
golem-bluetowel-alternate-forms-form-2,Golem,76,2,approve,R0107,Graphics/Battlers/076_2.png,Graphics/Battlers/076b_2.png,Graphics/Battlers/076s_2.png,Graphics/Battlers/076sb_2.png,4
hypno-alternate-form-2,Hypno,97,2,approve,R0149,Graphics/Battlers/097_2.png,Graphics/Battlers/097b_2.png,Graphics/Battlers/097s_2.png,Graphics/Battlers/097sb_2.png,4
koffing-bluetowel-alternate-forms-form-2,Koffing,109,2,approve,R0172,Graphics/Battlers/109_2.png,Graphics/Battlers/109b_2.png,Graphics/Battlers/109s_2.png,Graphics/Battlers/109sb_2.png,4
weezing-bluetowel-alternate-forms-form-2,Weezing,110,2,approve,R0174,Graphics/Battlers/110_2.png,Graphics/Battlers/110b_2.png,Graphics/Battlers/110s_2.png,Graphics/Battlers/110sb_2.png,4
staryu-alternate-form-1,Staryu,120,1,approve,R0190,Graphics/Battlers/120_1.png,Graphics/Battlers/120b_1.png,Graphics/Battlers/120s_1.png,Graphics/Battlers/120sb_1.png,4
starmie-alternate-form-1,Starmie,121,1,approve,R0191,Graphics/Battlers/121_1.png,Graphics/Battlers/121b_1.png,Graphics/Battlers/121s_1.png,Graphics/Battlers/121sb_1.png,4
flareon-alternate-form-3,Flareon,136,3,approve,R0230,Graphics/Battlers/136_3.png,Graphics/Battlers/136b_3.png,Graphics/Battlers/136s_3.png,Graphics/Battlers/136sb_3.png,4
leafeon-alternate-form-3,Leafeon,470,3,approve,R0237,Graphics/Battlers/470_3.png,Graphics/Battlers/470b_3.png,Graphics/Battlers/470s_3.png,Graphics/Battlers/470sb_3.png,4
glaceon-alternate-form-3,Glaceon,471,3,approve,R0239,Graphics/Battlers/471_3.png,Graphics/Battlers/471b_3.png,Graphics/Battlers/471s_3.png,Graphics/Battlers/471sb_3.png,4
sylveon-alternate-form-3,Sylveon,700,3,approve,R0240,Graphics/Battlers/700_3.png,Graphics/Battlers/700b_3.png,Graphics/Battlers/700s_3.png,Graphics/Battlers/700sb_3.png,4
dragonite-alternate-form-1,Dragonite,149,1,approve,R0267,Graphics/Battlers/149_1.png,Graphics/Battlers/149b_1.png,Graphics/Battlers/149s_1.png,Graphics/Battlers/149sb_1.png,4
feraligatr-alternate-form-1,Feraligatr,160,1,approve,R0283,Graphics/Battlers/160_1.png,Graphics/Battlers/160b_1.png,Graphics/Battlers/160s_1.png,Graphics/Battlers/160sb_1.png,4
hoothoot-alternate-form-1,Hoothoot,163,1,approve,R0285,Graphics/Battlers/163_1.png,Graphics/Battlers/163b_1.png,Graphics/Battlers/163s_1.png,Graphics/Battlers/163sb_1.png,4
ampharos-alternate-form-2,Ampharos,181,2,approve,R0298,Graphics/Battlers/181_2.png,Graphics/Battlers/181b_2.png,Graphics/Battlers/181s_2.png,Graphics/Battlers/181sb_2.png,4
ampharos-alternate-mega-form-3,Ampharos,181,3,approve,R0299,Graphics/Battlers/181_3.png,Graphics/Battlers/181b_3.png,Graphics/Battlers/181s_3.png,Graphics/Battlers/181sb_3.png,4
sunflora-alternate-form-1,Sunflora,192,1,approve,R0307,Graphics/Battlers/192_1.png,Graphics/Battlers/192b_1.png,Graphics/Battlers/192s_1.png,Graphics/Battlers/192sb_1.png,4
misdreavus-alternate-form-2,Misdreavus,200,2,approve,R0316,Graphics/Battlers/200_2.png,Graphics/Battlers/200b_2.png,Graphics/Battlers/200s_2.png,Graphics/Battlers/200sb_2.png,4
mismagius-alternate-form-2,Mismagius,429,2,approve,R0318,Graphics/Battlers/429_2.png,Graphics/Battlers/429b_2.png,Graphics/Battlers/429s_2.png,Graphics/Battlers/429sb_2.png,4
dunsparce-bt-alt-forms-earth-form-2,Dunsparce,206,2,approve,R0324,Graphics/Battlers/206_2.png,Graphics/Battlers/206b_2.png,Graphics/Battlers/206s_2.png,Graphics/Battlers/206sb_2.png,4
gliscor-alternate-form-1,Gliscor,472,1,approve,R0332,Graphics/Battlers/472_1.png,Graphics/Battlers/472b_1.png,Graphics/Battlers/472s_1.png,Graphics/Battlers/472sb_1.png,4
snubbull-alternate-form-1,Snubbull,209,1,approve,R0334,Graphics/Battlers/209_1.png,Graphics/Battlers/209b_1.png,Graphics/Battlers/209s_1.png,Graphics/Battlers/209sb_1.png,4
granbull-alternate-form-1,Granbull,210,1,approve,R0337,Graphics/Battlers/210_1.png,Graphics/Battlers/210b_1.png,Graphics/Battlers/210s_1.png,Graphics/Battlers/210sb_1.png,4
donphan-alternate-form-1,Donphan,232,1,approve,R0372,Graphics/Battlers/232_1.png,Graphics/Battlers/232b_1.png,Graphics/Battlers/232s_1.png,Graphics/Battlers/232sb_1.png,4
larvitar-space-form-4,Larvitar,246,4,approve,R0381,Graphics/Battlers/246_4.png,Graphics/Battlers/246b_4.png,Graphics/Battlers/246s_4.png,Graphics/Battlers/246sb_4.png,4
pupitar-space-form-4,Pupitar,247,4,approve,R0384,Graphics/Battlers/247_4.png,Graphics/Battlers/247b_4.png,Graphics/Battlers/247s_4.png,Graphics/Battlers/247sb_4.png,4
tyranitar-space-form-4,Tyranitar,248,4,approve,R0388,Graphics/Battlers/248_4.png,Graphics/Battlers/248b_4.png,Graphics/Battlers/248s_4.png,Graphics/Battlers/248sb_4.png,4
breloom-alternate-form-3,Breloom,286,3,approve,R0421,Graphics/Battlers/286_3.png,Graphics/Battlers/286b_3.png,,,2
probopass-alternate-form-1,Probopass,476,1,approve,R0440,Graphics/Battlers/476_1.png,Graphics/Battlers/476b_1.png,Graphics/Battlers/476s_1.png,Graphics/Battlers/476sb_1.png,4
skitty-alternate-form-1,Skitty,300,1,approve,R0442,Graphics/Battlers/300_1.png,Graphics/Battlers/300b_1.png,Graphics/Battlers/300s_1.png,Graphics/Battlers/300sb_1.png,4
delcatty-alternate-form-1,Delcatty,301,1,approve,R0444,Graphics/Battlers/301_1.png,Graphics/Battlers/301b_1.png,Graphics/Battlers/301s_1.png,Graphics/Battlers/301sb_1.png,4
sableye-alternate-gemstone-mega-form-3,Sableye,302,3,approve,R0450,Graphics/Battlers/302_3.png,Graphics/Battlers/302b_3.png,Graphics/Battlers/302s_3.png,Graphics/Battlers/302sb_3.png,4
electrike-alternate-form-2,Electrike,309,2,approve,R0461,Graphics/Battlers/309_2.png,Graphics/Battlers/309b_2.png,Graphics/Battlers/309s_2.png,Graphics/Battlers/309sb_2.png,4
manectric-mega-alternate-form-3,Manectric,310,3,approve,R0464,Graphics/Battlers/310_3.png,Graphics/Battlers/310b_3.png,Graphics/Battlers/310s_3.png,Graphics/Battlers/310sb_3.png,4
swalot-alternate-form-1,Swalot,317,1,approve,R0474,Graphics/Battlers/317_1.png,Graphics/Battlers/317b_1.png,,,2
wailmer-alternate-form-1,Wailmer,320,1,approve,R0477,Graphics/Battlers/320_1.png,Graphics/Battlers/320b_1.png,Graphics/Battlers/320s_1.png,Graphics/Battlers/320sb_1.png,4
wailord-alternate-form-1,Wailord,321,1,approve,R0479,Graphics/Battlers/321_1.png,Graphics/Battlers/321b_1.png,Graphics/Battlers/321s_1.png,Graphics/Battlers/321sb_1.png,4
altaria-alternate-form-2,Altaria,334,2,approve,R0504,Graphics/Battlers/334_2.png,Graphics/Battlers/334b_2.png,Graphics/Battlers/334s_2.png,Graphics/Battlers/334sb_2.png,4
altaria-alternate-mega-form-3,Altaria,334,3,approve,R0505,Graphics/Battlers/334_3.png,Graphics/Battlers/334b_3.png,Graphics/Battlers/334s_3.png,Graphics/Battlers/334sb_3.png,4
dusknoir-alternate-form-1,Dusknoir,477,1,approve,R0528,Graphics/Battlers/477_1.png,Graphics/Battlers/477b_1.png,Graphics/Battlers/477s_1.png,Graphics/Battlers/477sb_1.png,4
salamence-alternate-form-2,Salamence,373,2,approve,R0555,Graphics/Battlers/373_2.png,Graphics/Battlers/373b_2.png,Graphics/Battlers/373s_2.png,Graphics/Battlers/373sb_2.png,4
salamence-alternate-mega-form-3,Salamence,373,3,approve,R0556,Graphics/Battlers/373_3.png,Graphics/Battlers/373b_3.png,Graphics/Battlers/373s_3.png,Graphics/Battlers/373sb_3.png,4
beldum-alternate-form-2,Beldum,374,2,approve,R0557,Graphics/Battlers/374_2.png,Graphics/Battlers/374b_2.png,Graphics/Battlers/374s_2.png,Graphics/Battlers/374sb_2.png,4
metang-alternate-form-2,Metang,375,2,approve,R0558,Graphics/Battlers/375_2.png,Graphics/Battlers/375b_2.png,Graphics/Battlers/375s_2.png,Graphics/Battlers/375sb_2.png,4
metagross-alternate-form-2,Metagross,376,2,approve,R0560,Graphics/Battlers/376_2.png,Graphics/Battlers/376b_2.png,Graphics/Battlers/376s_2.png,Graphics/Battlers/376sb_2.png,4
metagross-alternate-mega-form-3,Metagross,376,3,approve,R0561,Graphics/Battlers/376_3.png,Graphics/Battlers/376b_3.png,Graphics/Battlers/376s_3.png,Graphics/Battlers/376sb_3.png,4
cranidos-alternate-form-1,Cranidos,408,1,approve,R0597,Graphics/Battlers/408_1.png,Graphics/Battlers/408b_1.png,Graphics/Battlers/408s_1.png,Graphics/Battlers/408sb_1.png,4
shieldon-alternate-form-1,Shieldon,410,1,approve,R0601,Graphics/Battlers/410_1.png,Graphics/Battlers/410b_1.png,Graphics/Battlers/410s_1.png,Graphics/Battlers/410sb_1.png,4
combee-alternate-form-1,Combee,415,1,approve,R0607,Graphics/Battlers/415_1.png,Graphics/Battlers/415b_1.png,,,2
vespiquen-alternate-form-1,Vespiquen,416,1,approve,R0608,Graphics/Battlers/416_1.png,Graphics/Battlers/416b_1.png,,,2
carnivine-alternate-form-2,Carnivine,455,2,approve,R0655,Graphics/Battlers/455_2.png,Graphics/Battlers/455b_2.png,Graphics/Battlers/455s_2.png,Graphics/Battlers/455sb_2.png,4
purrloin-alternate-form-1,Purrloin,509,1,approve,R0683,Graphics/Battlers/509_1.png,Graphics/Battlers/509b_1.png,Graphics/Battlers/509s_1.png,Graphics/Battlers/509sb_1.png,4
liepard-alternate-form-1,Liepard,510,1,approve,R0684,Graphics/Battlers/510_1.png,Graphics/Battlers/510b_1.png,Graphics/Battlers/510s_1.png,Graphics/Battlers/510sb_1.png,4
munna-alternate-form-1,Munna,517,1,approve,R0691,Graphics/Battlers/517_1.png,Graphics/Battlers/517b_1.png,Graphics/Battlers/517s_1.png,Graphics/Battlers/517sb_1.png,4
musharna-alternate-form-1,Musharna,518,1,approve,R0692,Graphics/Battlers/518_1.png,Graphics/Battlers/518b_1.png,Graphics/Battlers/518s_1.png,Graphics/Battlers/518sb_1.png,4
petilil-alternate-form-1,Petilil,548,1,approve,R0705,Graphics/Battlers/548_1.png,Graphics/Battlers/548b_1.png,Graphics/Battlers/548s_1.png,Graphics/Battlers/548sb_1.png,4
lilligant-alternate-form-1,Lilligant,549,1,approve,R0707,Graphics/Battlers/549_1.png,Graphics/Battlers/549b_1.png,Graphics/Battlers/549s_1.png,Graphics/Battlers/549sb_1.png,4
sandile-alternate-form-1,Sandile,551,1,approve,R0709,Graphics/Battlers/551_1.png,Graphics/Battlers/551b_1.png,Graphics/Battlers/551s_1.png,Graphics/Battlers/551sb_1.png,4
krokorok-alternate-form-1,Krokorok,552,1,approve,R0710,Graphics/Battlers/552_1.png,Graphics/Battlers/552b_1.png,Graphics/Battlers/552s_1.png,Graphics/Battlers/552sb_1.png,4
krookodile-alternate-form-1,Krookodile,553,1,approve,R0712,Graphics/Battlers/553_1.png,Graphics/Battlers/553b_1.png,Graphics/Battlers/553s_1.png,Graphics/Battlers/553sb_1.png,4
dwebble-alternate-form-1,Dwebble,557,1,approve,R0717,Graphics/Battlers/557_1.png,Graphics/Battlers/557b_1.png,,,2
crustle-alternate-form-1,Crustle,558,1,approve,R0718,Graphics/Battlers/558_1.png,Graphics/Battlers/558b_1.png,,,2
escavalier-alternate-form-1,Escavalier,589,1,approve,R0748,Graphics/Battlers/589_1.png,Graphics/Battlers/589b_1.png,Graphics/Battlers/589s_1.png,Graphics/Battlers/589sb_1.png,4
accelgor-alternate-form-1,Accelgor,617,1,approve,R0749,Graphics/Battlers/617_1.png,Graphics/Battlers/617b_1.png,Graphics/Battlers/617s_1.png,Graphics/Battlers/617sb_1.png,4
klang-alternate-form-1,Klang,600,1,approve,R0752,Graphics/Battlers/600_1.png,Graphics/Battlers/600b_1.png,Graphics/Battlers/600s_1.png,Graphics/Battlers/600sb_1.png,4
klinklang-alternate-form-1,Klinklang,601,1,approve,R0753,Graphics/Battlers/601_1.png,Graphics/Battlers/601b_1.png,Graphics/Battlers/601s_1.png,Graphics/Battlers/601sb_1.png,4
eelektrik-alternate-form-1,Eelektrik,603,1,approve,R0754,Graphics/Battlers/603_1.png,Graphics/Battlers/603b_1.png,Graphics/Battlers/603s_1.png,Graphics/Battlers/603sb_1.png,4
eelektross-alternate-form-1,Eelektross,604,1,approve,R0755,Graphics/Battlers/604_1.png,Graphics/Battlers/604b_1.png,Graphics/Battlers/604s_1.png,Graphics/Battlers/604sb_1.png,4
cryogonal-alternate-form-1,Cryogonal,615,1,approve,R0765,Graphics/Battlers/615_1.png,Graphics/Battlers/615b_1.png,Graphics/Battlers/615s_1.png,Graphics/Battlers/615sb_1.png,4
mienfoo-bluetowel-alternate-form-form-1,Mienfoo,619,1,approve,R0766,Graphics/Battlers/619_1.png,Graphics/Battlers/619b_1.png,Graphics/Battlers/619s_1.png,Graphics/Battlers/619sb_1.png,4
mienshao-bluetowel-alternate-form-form-1,Mienshao,620,1,approve,R0768,Graphics/Battlers/620_1.png,Graphics/Battlers/620b_1.png,Graphics/Battlers/620s_1.png,Graphics/Battlers/620sb_1.png,4
golett-alternate-form-1,Golett,622,1,approve,R0770,Graphics/Battlers/622_1.png,Graphics/Battlers/622b_1.png,Graphics/Battlers/622s_1.png,Graphics/Battlers/622sb_1.png,4
golurk-alternate-form-1,Golurk,623,1,approve,R0771,Graphics/Battlers/623_1.png,Graphics/Battlers/623b_1.png,Graphics/Battlers/623s_1.png,Graphics/Battlers/623sb_1.png,4
durant-bluetowel-alternate-form-form-1,Durant,632,1,approve,R0778,Graphics/Battlers/632_1.png,Graphics/Battlers/632b_1.png,Graphics/Battlers/632s_1.png,Graphics/Battlers/632sb_1.png,4
aromatisse-alternate-form-1,Aromatisse,683,1,approve,R0810,Graphics/Battlers/683_1.png,Graphics/Battlers/683b_1.png,Graphics/Battlers/683s_1.png,Graphics/Battlers/683sb_1.png,4
tyrunt-alternate-form-1,Tyrunt,696,1,approve,R0817,Graphics/Battlers/696_1.png,Graphics/Battlers/696b_1.png,Graphics/Battlers/696s_1.png,Graphics/Battlers/696sb_1.png,4
tyrantrum-alternate-form-1,Tyrantrum,697,1,approve,R0818,Graphics/Battlers/697_1.png,Graphics/Battlers/697b_1.png,Graphics/Battlers/697s_1.png,Graphics/Battlers/697sb_1.png,4
amaura-alternate-form-1,Amaura,698,1,approve,R0819,Graphics/Battlers/698_1.png,Graphics/Battlers/698b_1.png,Graphics/Battlers/698s_1.png,Graphics/Battlers/698sb_1.png,4
aurorus-alternate-form-1,Aurorus,699,1,approve,R0820,Graphics/Battlers/699_1.png,Graphics/Battlers/699b_1.png,Graphics/Battlers/699s_1.png,Graphics/Battlers/699sb_1.png,4
noibat-alternate-form-1,Noibat,714,1,approve,R0831,Graphics/Battlers/714_1.png,Graphics/Battlers/714b_1.png,Graphics/Battlers/714s_1.png,Graphics/Battlers/714sb_1.png,4
noivern-alternate-form-1,Noivern,715,1,approve,R0833,Graphics/Battlers/715_1.png,Graphics/Battlers/715b_1.png,Graphics/Battlers/715s_1.png,Graphics/Battlers/715sb_1.png,4
hakamo-o-alternate-form-1,Hakamo-o,783,1,approve,R0876,Graphics/Battlers/783_1.png,Graphics/Battlers/783b_1.png,Graphics/Battlers/783s_1.png,Graphics/Battlers/783sb_1.png,4
kommo-o-alternate-form-1,Kommo-o,784,1,approve,R0877,Graphics/Battlers/784_1.png,Graphics/Battlers/784b_1.png,Graphics/Battlers/784s_1.png,Graphics/Battlers/784sb_1.png,4
caterpie-alternate-form-1,Caterpie,10,1,reject,R0007,Graphics/Battlers/010_1.png,Graphics/Battlers/010b_1.png,Graphics/Battlers/010s_1.png,Graphics/Battlers/010sb_1.png,4
weedle-alternate-form-2,Weedle,13,2,reject,R0012,Graphics/Battlers/013_2.png,Graphics/Battlers/013b_2.png,Graphics/Battlers/013s_2.png,Graphics/Battlers/013sb_2.png,4
kakuna-alternate-form-2,Kakuna,14,2,reject,R0014,Graphics/Battlers/014_2.png,Graphics/Battlers/014b_2.png,Graphics/Battlers/014s_2.png,Graphics/Battlers/014sb_2.png,4
beedrill-alternate-form-2,Beedrill,15,2,reject,R0017,Graphics/Battlers/015_2.png,Graphics/Battlers/015b_2.png,Graphics/Battlers/015s_2.png,Graphics/Battlers/015sb_2.png,4
beedrill-alternate-mega-form-3,Beedrill,15,3,reject,R0018,Graphics/Battlers/015_3.png,Graphics/Battlers/015b_3.png,Graphics/Battlers/015s_3.png,Graphics/Battlers/015sb_3.png,4
clefairy-alternate-form-1,Clefairy,35,1,reject,R0043,Graphics/Battlers/035_1.png,Graphics/Battlers/035b_1.png,Graphics/Battlers/035s_1.png,Graphics/Battlers/035sb_1.png,4
clefable-alternate-form-1,Clefable,36,1,reject,R0047,Graphics/Battlers/036_1.png,Graphics/Battlers/036b_1.png,Graphics/Battlers/036s_1.png,Graphics/Battlers/036sb_1.png,4
vulpix-alternate-form-3,Vulpix,37,3,reject,R0049,Graphics/Battlers/037_3.png,Graphics/Battlers/037b_3.png,Graphics/Battlers/037s_3.png,Graphics/Battlers/037sb_3.png,4
ninetales-alternate-form-2,Ninetales,38,2,reject,R0051,Graphics/Battlers/038_2.png,Graphics/Battlers/038b_2.png,Graphics/Battlers/038s_2.png,Graphics/Battlers/038sb_2.png,4
ninetales-alternate-form-3,Ninetales,38,3,reject,R0052,Graphics/Battlers/038_3.png,Graphics/Battlers/038b_3.png,Graphics/Battlers/038s_3.png,Graphics/Battlers/038sb_3.png,4
jigglypuff-alternate-form-1,Jigglypuff,39,1,reject,R0054,Graphics/Battlers/039_1.png,Graphics/Battlers/039b_1.png,Graphics/Battlers/039s_1.png,Graphics/Battlers/039sb_1.png,4
wigglytuff-alternate-form-1,Wigglytuff,40,1,reject,R0060,Graphics/Battlers/040_1.png,Graphics/Battlers/040b_1.png,Graphics/Battlers/040s_1.png,Graphics/Battlers/040sb_1.png,4
paras-alternate-form-1,Paras,46,1,reject,R0063,Graphics/Battlers/046_1.png,Graphics/Battlers/046b_1.png,Graphics/Battlers/046s_1.png,Graphics/Battlers/046sb_1.png,4
parasect-alternate-form-1,Parasect,47,1,reject,R0064,Graphics/Battlers/047_1.png,Graphics/Battlers/047b_1.png,Graphics/Battlers/047s_1.png,Graphics/Battlers/047sb_1.png,4
venonat-alternate-form-1,Venonat,48,1,reject,R0065,Graphics/Battlers/048_1.png,Graphics/Battlers/048b_1.png,Graphics/Battlers/048s_1.png,Graphics/Battlers/048sb_1.png,4
venomoth-alternate-form-1,Venomoth,49,1,reject,R0067,Graphics/Battlers/049_1.png,Graphics/Battlers/049b_1.png,Graphics/Battlers/049s_1.png,Graphics/Battlers/049sb_1.png,4
abra-alternate-form-1,Abra,63,1,reject,R0086,Graphics/Battlers/063_1.png,Graphics/Battlers/063b_1.png,,,2
abra-alternate-form-2,Abra,63,2,reject,R0087,Graphics/Battlers/063_2.png,Graphics/Battlers/063b_2.png,Graphics/Battlers/063s_2.png,Graphics/Battlers/063sb_2.png,4
kadabra-alternate-form-2,Kadabra,64,2,reject,R0089,Graphics/Battlers/064_2.png,Graphics/Battlers/064b_2.png,Graphics/Battlers/064s_2.png,Graphics/Battlers/064sb_2.png,4
alakazam-alternate-form-2,Alakazam,65,2,reject,R0093,Graphics/Battlers/065_2.png,Graphics/Battlers/065b_2.png,Graphics/Battlers/065s_2.png,Graphics/Battlers/065sb_2.png,4
alakazam-mega-alternate-form-3,Alakazam,65,3,reject,R0094,Graphics/Battlers/065_3.png,Graphics/Battlers/065b_3.png,Graphics/Battlers/065s_3.png,Graphics/Battlers/065sb_3.png,4
ponyta-alternate-form-1,Ponyta,77,1,reject,R0108,Graphics/Battlers/077_1.png,Graphics/Battlers/077b_1.png,Graphics/Battlers/077s_1.png,Graphics/Battlers/077sb_1.png,4
rapidash-alternate-form-1,Rapidash,78,1,reject,R0112,Graphics/Battlers/078_1.png,Graphics/Battlers/078b_1.png,Graphics/Battlers/078s_1.png,Graphics/Battlers/078sb_1.png,4
slowbro-bluetowel-alternate-forms-form-2,Slowbro,80,2,reject,R0114,Graphics/Battlers/080_2.png,Graphics/Battlers/080b_2.png,Graphics/Battlers/080s_2.png,Graphics/Battlers/080sb_2.png,4
slowbro-bluetowel-alternate-forms-form-4,Slowbro,80,4,reject,R0115,Graphics/Battlers/080_4.png,Graphics/Battlers/080b_4.png,Graphics/Battlers/080s_4.png,Graphics/Battlers/080sb_4.png,4
slowbro-bluetowel-alternate-forms-form-5,Slowbro,80,5,reject,R0116,Graphics/Battlers/080_5.png,Graphics/Battlers/080b_5.png,Graphics/Battlers/080s_5.png,Graphics/Battlers/080sb_5.png,4
slowbro-mega-alt-form-form-3,Slowbro,80,3,reject,R0117,Graphics/Battlers/080_3.png,Graphics/Battlers/080b_3.png,Graphics/Battlers/080s_3.png,Graphics/Battlers/080sb_3.png,4
slowking-bluetowel-alternate-forms-form-2,Slowking,199,2,reject,R0121,Graphics/Battlers/199_2.png,Graphics/Battlers/199b_2.png,Graphics/Battlers/199s_2.png,Graphics/Battlers/199sb_2.png,4
farfetchd-alternate-form-1,Farfetch'd,83,1,reject,R0125,Graphics/Battlers/083_1.png,Graphics/Battlers/083b_1.png,Graphics/Battlers/083s_1.png,Graphics/Battlers/083sb_1.png,4
doduo-alternate-form-1,Doduo,84,1,reject,R0127,Graphics/Battlers/084_1.png,Graphics/Battlers/084b_1.png,Graphics/Battlers/084s_1.png,Graphics/Battlers/084sb_1.png,4
dodrio-alternate-form-1,Dodrio,85,1,reject,R0130,Graphics/Battlers/085_1.png,Graphics/Battlers/085b_1.png,Graphics/Battlers/085s_1.png,Graphics/Battlers/085sb_1.png,4
gastly-alternate-form-2,Gastly,92,2,reject,R0139,Graphics/Battlers/092_2.png,Graphics/Battlers/092b_2.png,Graphics/Battlers/092s_2.png,Graphics/Battlers/092sb_2.png,4
haunter-alternate-form-2,Haunter,93,2,reject,R0140,Graphics/Battlers/093_2.png,Graphics/Battlers/093b_2.png,Graphics/Battlers/093s_2.png,Graphics/Battlers/093sb_2.png,4
gengar-alternate-form-2,Gengar,94,2,reject,R0142,Graphics/Battlers/094_2.png,Graphics/Battlers/094b_2.png,Graphics/Battlers/094s_2.png,Graphics/Battlers/094sb_2.png,4
gengar-alternate-form-3,Gengar,94,3,reject,R0143,Graphics/Battlers/094_3.png,Graphics/Battlers/094b_3.png,Graphics/Battlers/094s_3.png,Graphics/Battlers/094sb_3.png,4
onix-alternate-form-2,Onix,95,2,reject,R0144,Graphics/Battlers/095_2.png,Graphics/Battlers/095b_2.png,Graphics/Battlers/095s_2.png,Graphics/Battlers/095sb_2.png,4
steelix-alternate-form-2,Steelix,208,2,reject,R0145,Graphics/Battlers/208_2.png,Graphics/Battlers/208b_2.png,Graphics/Battlers/208s_2.png,Graphics/Battlers/208sb_2.png,4
steelix-alternate-mega-form-3,Steelix,208,3,reject,R0146,Graphics/Battlers/208_3.png,Graphics/Battlers/208b_3.png,Graphics/Battlers/208s_3.png,Graphics/Battlers/208sb_3.png,4
drowzee-alternate-form-2,Drowzee,96,2,reject,R0147,Graphics/Battlers/096_2.png,Graphics/Battlers/096b_2.png,Graphics/Battlers/096s_2.png,Graphics/Battlers/096sb_2.png,4
krabby-alternate-form-2,Krabby,98,2,reject,R0151,Graphics/Battlers/098_2.png,Graphics/Battlers/098b_2.png,Graphics/Battlers/098s_2.png,Graphics/Battlers/098sb_2.png,4
kingler-alternate-form-2,Kingler,99,2,reject,R0156,Graphics/Battlers/099_2.png,Graphics/Battlers/099b_2.png,Graphics/Battlers/099s_2.png,Graphics/Battlers/099sb_2.png,4
hitmonlee-alternate-form-1,Hitmonlee,106,1,reject,R0164,Graphics/Battlers/106_1.png,Graphics/Battlers/106b_1.png,Graphics/Battlers/106s_1.png,Graphics/Battlers/106sb_1.png,4
hitmonchan-alternate-form-1,Hitmonchan,107,1,reject,R0167,Graphics/Battlers/107_1.png,Graphics/Battlers/107b_1.png,Graphics/Battlers/107s_1.png,Graphics/Battlers/107sb_1.png,4
hitmontop-alternate-form-1,Hitmontop,237,1,reject,R0170,Graphics/Battlers/237_1.png,Graphics/Battlers/237b_1.png,Graphics/Battlers/237s_1.png,Graphics/Battlers/237sb_1.png,4
rhyperior-alternate-form-1,Rhyperior,464,1,reject,R0176,Graphics/Battlers/464_1.png,Graphics/Battlers/464b_1.png,Graphics/Battlers/464s_1.png,Graphics/Battlers/464sb_1.png,4
chansey-alternate-form-1,Chansey,113,1,reject,R0180,Graphics/Battlers/113_1.png,Graphics/Battlers/113b_1.png,Graphics/Battlers/113s_1.png,Graphics/Battlers/113sb_1.png,4
blissey-alternate-form-1,Blissey,242,1,reject,R0183,Graphics/Battlers/242_1.png,Graphics/Battlers/242b_1.png,Graphics/Battlers/242s_1.png,Graphics/Battlers/242sb_1.png,4
electabuzz-alternate-form-1,Electabuzz,125,1,reject,R0204,Graphics/Battlers/125_1.png,Graphics/Battlers/125b_1.png,Graphics/Battlers/125s_1.png,Graphics/Battlers/125sb_1.png,4
electivire-alternate-form-1,Electivire,466,1,reject,R0207,Graphics/Battlers/466_1.png,Graphics/Battlers/466b_1.png,Graphics/Battlers/466s_1.png,Graphics/Battlers/466sb_1.png,4
magmar-alternate-form-1,Magmar,126,1,reject,R0209,Graphics/Battlers/126_1.png,Graphics/Battlers/126b_1.png,Graphics/Battlers/126s_1.png,Graphics/Battlers/126sb_1.png,4
magmortar-alternate-form-1,Magmortar,467,1,reject,R0212,Graphics/Battlers/467_1.png,Graphics/Battlers/467b_1.png,Graphics/Battlers/467s_1.png,Graphics/Battlers/467sb_1.png,4
magikarp-alternate-form-2,Magikarp,129,2,reject,R0215,Graphics/Battlers/129_2.png,Graphics/Battlers/129b_2.png,Graphics/Battlers/129s_2.png,Graphics/Battlers/129sb_2.png,4
gyarados-alternate-form-2,Gyarados,130,2,reject,R0218,Graphics/Battlers/130_2.png,Graphics/Battlers/130b_2.png,Graphics/Battlers/130s_2.png,Graphics/Battlers/130sb_2.png,4
gyarados-mega-alternate-form-3,Gyarados,130,3,reject,R0219,Graphics/Battlers/130_3.png,Graphics/Battlers/130b_3.png,Graphics/Battlers/130s_3.png,Graphics/Battlers/130sb_3.png,4
vaporeon-alternate-form-3,Vaporeon,134,3,reject,R0226,Graphics/Battlers/134_3.png,Graphics/Battlers/134b_3.png,Graphics/Battlers/134s_3.png,Graphics/Battlers/134sb_3.png,4
jolteon-alternate-form-3,Jolteon,135,3,reject,R0228,Graphics/Battlers/135_3.png,Graphics/Battlers/135b_3.png,Graphics/Battlers/135s_3.png,Graphics/Battlers/135sb_3.png,4
espeon-alternate-form-3,Espeon,196,3,reject,R0233,Graphics/Battlers/196_3.png,Graphics/Battlers/196b_3.png,Graphics/Battlers/196s_3.png,Graphics/Battlers/196sb_3.png,4
umbreon-alternate-form-3,Umbreon,197,3,reject,R0235,Graphics/Battlers/197_3.png,Graphics/Battlers/197b_3.png,Graphics/Battlers/197s_3.png,Graphics/Battlers/197sb_3.png,4
omanyte-alternate-form-1,Omanyte,138,1,reject,R0243,Graphics/Battlers/138_1.png,Graphics/Battlers/138b_1.png,Graphics/Battlers/138s_1.png,Graphics/Battlers/138sb_1.png,4
omastar-alternate-form-1,Omastar,139,1,reject,R0245,Graphics/Battlers/139_1.png,Graphics/Battlers/139b_1.png,Graphics/Battlers/139s_1.png,Graphics/Battlers/139sb_1.png,4
kabuto-alternate-form-1,Kabuto,140,1,reject,R0246,Graphics/Battlers/140_1.png,Graphics/Battlers/140b_1.png,Graphics/Battlers/140s_1.png,Graphics/Battlers/140sb_1.png,4
kabutops-alternate-form-1,Kabutops,141,1,reject,R0248,Graphics/Battlers/141_1.png,Graphics/Battlers/141b_1.png,Graphics/Battlers/141s_1.png,Graphics/Battlers/141sb_1.png,4
aerodactyl-alternate-form-2,Aerodactyl,142,2,reject,R0249,Graphics/Battlers/142_2.png,Graphics/Battlers/142b_2.png,Graphics/Battlers/142s_2.png,Graphics/Battlers/142sb_2.png,4
aerodactyl-alternate-mega-form-3,Aerodactyl,142,3,reject,R0250,Graphics/Battlers/142_3.png,Graphics/Battlers/142b_3.png,Graphics/Battlers/142s_3.png,Graphics/Battlers/142sb_3.png,4
bayleef-bluetowel-alternate-form-form-1,Bayleef,153,1,reject,R0270,Graphics/Battlers/153_1.png,Graphics/Battlers/153b_1.png,Graphics/Battlers/153s_1.png,Graphics/Battlers/153sb_1.png,4
meganium-alternate-form-1,Meganium,154,1,reject,R0272,Graphics/Battlers/154_1.png,Graphics/Battlers/154b_1.png,Graphics/Battlers/154s_1.png,Graphics/Battlers/154sb_1.png,4
quilava-alternate-form-1,Quilava,156,1,reject,R0273,Graphics/Battlers/156_1.png,Graphics/Battlers/156b_1.png,Graphics/Battlers/156s_1.png,Graphics/Battlers/156sb_1.png,4
typhlosion-alternate-form-1,Typhlosion,157,1,reject,R0277,Graphics/Battlers/157_1.png,Graphics/Battlers/157b_1.png,Graphics/Battlers/157s_1.png,Graphics/Battlers/157sb_1.png,4
typhlosion-alternate-form-2,Typhlosion,157,2,reject,R0278,Graphics/Battlers/157_2.png,Graphics/Battlers/157b_2.png,Graphics/Battlers/157s_2.png,Graphics/Battlers/157sb_2.png,4
croconaw-alternate-form-1,Croconaw,159,1,reject,R0279,Graphics/Battlers/159_1.png,Graphics/Battlers/159b_1.png,Graphics/Battlers/159s_1.png,Graphics/Battlers/159sb_1.png,4
noctowl-alternate-form-1,Noctowl,164,1,reject,R0287,Graphics/Battlers/164_1.png,Graphics/Battlers/164b_1.png,Graphics/Battlers/164s_1.png,Graphics/Battlers/164sb_1.png,4
ledyba-alternate-form-1,Ledyba,165,1,reject,R0288,Graphics/Battlers/165_1.png,Graphics/Battlers/165b_1.png,Graphics/Battlers/165s_1.png,Graphics/Battlers/165sb_1.png,4
ledian-alternate-form-1,Ledian,166,1,reject,R0290,Graphics/Battlers/166_1.png,Graphics/Battlers/166b_1.png,Graphics/Battlers/166s_1.png,Graphics/Battlers/166sb_1.png,4
natu-alternate-form-1,Natu,177,1,reject,R0294,Graphics/Battlers/177_1.png,Graphics/Battlers/177b_1.png,Graphics/Battlers/177s_1.png,Graphics/Battlers/177sb_1.png,4
xatu-alternate-form-1,Xatu,178,1,reject,R0295,Graphics/Battlers/178_1.png,Graphics/Battlers/178b_1.png,Graphics/Battlers/178s_1.png,Graphics/Battlers/178sb_1.png,4
flaaffy-alternate-form-2,Flaaffy,180,2,reject,R0296,Graphics/Battlers/180_2.png,Graphics/Battlers/180b_2.png,Graphics/Battlers/180s_2.png,Graphics/Battlers/180sb_2.png,4
sunflora-alternate-form-2,Sunflora,192,2,reject,R0308,Graphics/Battlers/192_2.png,Graphics/Battlers/192b_2.png,Graphics/Battlers/192s_2.png,Graphics/Battlers/192sb_2.png,4
yanma-alternate-form-1,Yanma,193,1,reject,R0309,Graphics/Battlers/193_1.png,Graphics/Battlers/193b_1.png,Graphics/Battlers/193s_1.png,Graphics/Battlers/193sb_1.png,4
yanmega-alternate-form-1,Yanmega,469,1,reject,R0311,Graphics/Battlers/469_1.png,Graphics/Battlers/469b_1.png,Graphics/Battlers/469s_1.png,Graphics/Battlers/469sb_1.png,4
wooper-alternate-form-1,Wooper,194,1,reject,R0312,Graphics/Battlers/194_1.png,Graphics/Battlers/194b_1.png,Graphics/Battlers/194s_1.png,Graphics/Battlers/194sb_1.png,4
quagsire-alternate-form-1,Quagsire,195,1,reject,R0314,Graphics/Battlers/195_1.png,Graphics/Battlers/195b_1.png,Graphics/Battlers/195s_1.png,Graphics/Battlers/195sb_1.png,4
girafarig-bluetowel-alternate-form-form-1,Girafarig,203,1,reject,R0321,Graphics/Battlers/203_1.png,Graphics/Battlers/203b_1.png,Graphics/Battlers/203s_1.png,Graphics/Battlers/203sb_1.png,4
dunsparce-bt-alt-forms-draco-form-6,Dunsparce,206,6,reject,R0323,Graphics/Battlers/206_6.png,Graphics/Battlers/206b_6.png,Graphics/Battlers/206s_6.png,Graphics/Battlers/206sb_6.png,4
dunsparce-bt-alt-forms-insect-form-4,Dunsparce,206,4,reject,R0325,Graphics/Battlers/206_4.png,Graphics/Battlers/206b_4.png,Graphics/Battlers/206s_4.png,Graphics/Battlers/206sb_4.png,4
dunsparce-bt-alt-forms-sky-form-3,Dunsparce,206,3,reject,R0326,Graphics/Battlers/206_3.png,Graphics/Battlers/206b_3.png,Graphics/Battlers/206s_3.png,Graphics/Battlers/206sb_3.png,4
dunsparce-bt-alt-forms-spooky-form-5,Dunsparce,206,5,reject,R0327,Graphics/Battlers/206_5.png,Graphics/Battlers/206b_5.png,Graphics/Battlers/206s_5.png,Graphics/Battlers/206sb_5.png,4
dunsparce-bt-alt-forms-toxic-form-1,Dunsparce,206,1,reject,R0328,Graphics/Battlers/206_1.png,Graphics/Battlers/206b_1.png,Graphics/Battlers/206s_1.png,Graphics/Battlers/206sb_1.png,4
gligar-alternate-form-1,Gligar,207,1,reject,R0330,Graphics/Battlers/207_1.png,Graphics/Battlers/207b_1.png,Graphics/Battlers/207s_1.png,Graphics/Battlers/207sb_1.png,4
sneasel-alternate-form-1,Sneasel,215,1,reject,R0341,Graphics/Battlers/215_1.png,Graphics/Battlers/215b_1.png,Graphics/Battlers/215s_1.png,Graphics/Battlers/215sb_1.png,4
sneasel-alternate-form-2,Sneasel,215,2,reject,R0342,Graphics/Battlers/215_2.png,Graphics/Battlers/215b_2.png,Graphics/Battlers/215s_2.png,Graphics/Battlers/215sb_2.png,4
weavile-alternate-form-1,Weavile,461,1,reject,R0347,Graphics/Battlers/461_1.png,Graphics/Battlers/461b_1.png,Graphics/Battlers/461s_1.png,Graphics/Battlers/461sb_1.png,4
corsola-alternate-form-1,Corsola,222,1,reject,R0358,Graphics/Battlers/222_1.png,Graphics/Battlers/222b_1.png,Graphics/Battlers/222s_1.png,Graphics/Battlers/222sb_1.png,4
remoraid-alternate-form-1,Remoraid,223,1,reject,R0360,Graphics/Battlers/223_1.png,Graphics/Battlers/223b_1.png,Graphics/Battlers/223s_1.png,Graphics/Battlers/223sb_1.png,4
octillery-alternate-form-1,Octillery,224,1,reject,R0363,Graphics/Battlers/224_1.png,Graphics/Battlers/224b_1.png,Graphics/Battlers/224s_1.png,Graphics/Battlers/224sb_1.png,4
phanpy-alternate-form-1,Phanpy,231,1,reject,R0370,Graphics/Battlers/231_1.png,Graphics/Battlers/231b_1.png,Graphics/Battlers/231s_1.png,Graphics/Battlers/231sb_1.png,4
larvitar-ice-form-2,Larvitar,246,2,reject,R0380,Graphics/Battlers/246_2.png,Graphics/Battlers/246b_2.png,Graphics/Battlers/246s_2.png,Graphics/Battlers/246sb_2.png,4
pupitar-ice-form-2,Pupitar,247,2,reject,R0383,Graphics/Battlers/247_2.png,Graphics/Battlers/247b_2.png,Graphics/Battlers/247s_2.png,Graphics/Battlers/247sb_2.png,4
tyranitar-ice-form-2,Tyranitar,248,2,reject,R0387,Graphics/Battlers/248_2.png,Graphics/Battlers/248b_2.png,Graphics/Battlers/248s_2.png,Graphics/Battlers/248sb_2.png,4
tyranitar-mega-ice-form-3,Tyranitar,248,3,reject,R0389,Graphics/Battlers/248_3.png,Graphics/Battlers/248b_3.png,Graphics/Battlers/248s_3.png,Graphics/Battlers/248sb_3.png,4
grovyle-alternate-form-2,Grovyle,253,2,reject,R0392,Graphics/Battlers/253_2.png,Graphics/Battlers/253b_2.png,Graphics/Battlers/253s_2.png,Graphics/Battlers/253sb_2.png,4
sceptile-alternate-form-2,Sceptile,254,2,reject,R0394,Graphics/Battlers/254_2.png,Graphics/Battlers/254b_2.png,Graphics/Battlers/254s_2.png,Graphics/Battlers/254sb_2.png,4
sceptile-alternate-mega-form-3,Sceptile,254,3,reject,R0395,Graphics/Battlers/254_3.png,Graphics/Battlers/254b_3.png,Graphics/Battlers/254s_3.png,Graphics/Battlers/254sb_3.png,4
combusken-alternate-form-2,Combusken,256,2,reject,R0396,Graphics/Battlers/256_2.png,Graphics/Battlers/256b_2.png,Graphics/Battlers/256s_2.png,Graphics/Battlers/256sb_2.png,4
blaziken-alternate-mega-form-2,Blaziken,257,2,reject,R0397,Graphics/Battlers/257_2.png,Graphics/Battlers/257b_2.png,Graphics/Battlers/257s_2.png,Graphics/Battlers/257sb_2.png,4
blaziken-alternate-mega-form-3,Blaziken,257,3,reject,R0398,Graphics/Battlers/257_3.png,Graphics/Battlers/257b_3.png,Graphics/Battlers/257s_3.png,Graphics/Battlers/257sb_3.png,4
swampert-alternate-mega-form-2,Swampert,260,2,reject,R0399,Graphics/Battlers/260_2.png,Graphics/Battlers/260b_2.png,Graphics/Battlers/260s_2.png,Graphics/Battlers/260sb_2.png,4
swampert-alternate-mega-form-3,Swampert,260,3,reject,R0400,Graphics/Battlers/260_3.png,Graphics/Battlers/260b_3.png,Graphics/Battlers/260s_3.png,Graphics/Battlers/260sb_3.png,4
mightyena-alternate-form-1,Mightyena,262,1,reject,R0402,Graphics/Battlers/262_1.png,Graphics/Battlers/262b_1.png,Graphics/Battlers/262s_1.png,Graphics/Battlers/262sb_1.png,4
ralts-alternate-form-3,Ralts,280,3,reject,R0407,Graphics/Battlers/280_3.png,Graphics/Battlers/280b_3.png,Graphics/Battlers/280s_3.png,Graphics/Battlers/280sb_3.png,4
kirlia-alternate-form-3,Kirlia,281,3,reject,R0409,Graphics/Battlers/281_3.png,Graphics/Battlers/281b_3.png,Graphics/Battlers/281s_3.png,Graphics/Battlers/281sb_3.png,4
gardevoir-alternate-form-3,Gardevoir,282,3,reject,R0413,Graphics/Battlers/282_3.png,Graphics/Battlers/282b_3.png,Graphics/Battlers/282s_3.png,Graphics/Battlers/282sb_3.png,4
gardevoir-mega-alternate-form-4,Gardevoir,282,4,reject,R0414,Graphics/Battlers/282_4.png,Graphics/Battlers/282b_4.png,Graphics/Battlers/282s_4.png,Graphics/Battlers/282sb_4.png,4
breloom-alternate-form-2,Breloom,286,2,reject,R0420,Graphics/Battlers/286_2.png,Graphics/Battlers/286b_2.png,,,2
nosepass-alternate-form-1,Nosepass,299,1,reject,R0437,Graphics/Battlers/299_1.png,Graphics/Battlers/299b_1.png,Graphics/Battlers/299s_1.png,Graphics/Battlers/299sb_1.png,4
sableye-alternate-darkness-form-4,Sableye,302,4,reject,R0447,Graphics/Battlers/302_4.png,Graphics/Battlers/302b_4.png,Graphics/Battlers/302s_4.png,Graphics/Battlers/302sb_4.png,4
sableye-alternate-gemstone-form-2,Sableye,302,2,reject,R0448,Graphics/Battlers/302_2.png,Graphics/Battlers/302b_2.png,Graphics/Battlers/302s_2.png,Graphics/Battlers/302sb_2.png,4
sableye-alternate-darkness-mega-form-5,Sableye,302,5,reject,R0449,Graphics/Battlers/302_5.png,Graphics/Battlers/302b_5.png,Graphics/Battlers/302s_5.png,Graphics/Battlers/302sb_5.png,4
manectric-alternate-form-2,Manectric,310,2,reject,R0463,Graphics/Battlers/310_2.png,Graphics/Battlers/310b_2.png,Graphics/Battlers/310s_2.png,Graphics/Battlers/310sb_2.png,4
swalot-alternate-form-2,Swalot,317,2,reject,R0475,Graphics/Battlers/317_2.png,Graphics/Battlers/317b_2.png,Graphics/Battlers/317s_2.png,Graphics/Battlers/317sb_2.png,4
numel-alternate-form-3,Numel,322,3,reject,R0481,Graphics/Battlers/322_3.png,Graphics/Battlers/322b_3.png,Graphics/Battlers/322s_3.png,Graphics/Battlers/322sb_3.png,4
camerupt-alternate-form-3,Camerupt,323,3,reject,R0483,Graphics/Battlers/323_3.png,Graphics/Battlers/323b_3.png,Graphics/Battlers/323s_3.png,Graphics/Battlers/323sb_3.png,4
camerupt-mega-alternate-form-4,Camerupt,323,4,reject,R0484,Graphics/Battlers/323_4.png,Graphics/Battlers/323b_4.png,Graphics/Battlers/323s_4.png,,3
grumpig-alternate-form-1,Grumpig,326,1,reject,R0487,Graphics/Battlers/326_1.png,Graphics/Battlers/326b_1.png,Graphics/Battlers/326s_1.png,Graphics/Battlers/326sb_1.png,4
trapinch-alternate-form-1,Trapinch,328,1,reject,R0490,Graphics/Battlers/328_1.png,Graphics/Battlers/328b_1.png,Graphics/Battlers/328s_1.png,Graphics/Battlers/328sb_1.png,4
vibrava-alternate-form-1,Vibrava,329,1,reject,R0492,Graphics/Battlers/329_1.png,Graphics/Battlers/329b_1.png,Graphics/Battlers/329s_1.png,Graphics/Battlers/329sb_1.png,4
flygon-alternate-form-1,Flygon,330,1,reject,R0499,Graphics/Battlers/330_1.png,Graphics/Battlers/330b_1.png,Graphics/Battlers/330s_1.png,Graphics/Battlers/330sb_1.png,4
baltoy-alternate-form-1,Baltoy,343,1,reject,R0511,Graphics/Battlers/343_1.png,Graphics/Battlers/343b_1.png,Graphics/Battlers/343s_1.png,Graphics/Battlers/343sb_1.png,4
claydol-alternate-form-1,Claydol,344,1,reject,R0512,Graphics/Battlers/344_1.png,Graphics/Battlers/344b_1.png,Graphics/Battlers/344s_1.png,Graphics/Battlers/344sb_1.png,4
lileep-alternate-form-1,Lileep,345,1,reject,R0513,Graphics/Battlers/345_1.png,Graphics/Battlers/345b_1.png,,,2
cradily-alternate-form-1,Cradily,346,1,reject,R0514,Graphics/Battlers/346_1.png,Graphics/Battlers/346b_1.png,,,2
anorith-alternate-form-1,Anorith,347,1,reject,R0515,Graphics/Battlers/347_1.png,Graphics/Battlers/347b_1.png,Graphics/Battlers/347s_1.png,Graphics/Battlers/347sb_1.png,4
armaldo-alternate-form-1,Armaldo,348,1,reject,R0516,Graphics/Battlers/348_1.png,Graphics/Battlers/348b_1.png,Graphics/Battlers/348s_1.png,Graphics/Battlers/348sb_1.png,4
dusclops-alternate-form-1,Dusclops,356,1,reject,R0525,Graphics/Battlers/356_1.png,Graphics/Battlers/356b_1.png,Graphics/Battlers/356s_1.png,Graphics/Battlers/356sb_1.png,4
tropius-alternate-form-1,Tropius,357,1,reject,R0530,Graphics/Battlers/357_1.png,Graphics/Battlers/357b_1.png,Graphics/Battlers/357s_1.png,Graphics/Battlers/357sb_1.png,4
chingling-alternate-form-1,Chingling,433,1,reject,R0532,Graphics/Battlers/433_1.png,Graphics/Battlers/433b_1.png,Graphics/Battlers/433s_1.png,Graphics/Battlers/433sb_1.png,4
chimecho-alternate-form-1,Chimecho,358,1,reject,R0534,Graphics/Battlers/358_1.png,Graphics/Battlers/358b_1.png,Graphics/Battlers/358s_1.png,Graphics/Battlers/358sb_1.png,4
absol-alternate-form-2,Absol,359,2,reject,R0536,Graphics/Battlers/359_2.png,Graphics/Battlers/359b_2.png,Graphics/Battlers/359s_2.png,Graphics/Battlers/359sb_2.png,4
absol-alternate-mega-form-3,Absol,359,3,reject,R0537,Graphics/Battlers/359_3.png,Graphics/Battlers/359b_3.png,Graphics/Battlers/359s_3.png,Graphics/Battlers/359sb_3.png,4
bagon-alternate-form-2,Bagon,371,2,reject,R0551,Graphics/Battlers/371_2.png,Graphics/Battlers/371b_2.png,Graphics/Battlers/371s_2.png,Graphics/Battlers/371sb_2.png,4
shelgon-alternate-form-2,Shelgon,372,2,reject,R0552,Graphics/Battlers/372_2.png,Graphics/Battlers/372b_2.png,Graphics/Battlers/372s_2.png,Graphics/Battlers/372sb_2.png,4
salamence-alternate-form-1,Salamence,373,1,reject,R0554,Graphics/Battlers/373_1.png,Graphics/Battlers/373b_1.png,Graphics/Battlers/373s_1.png,Graphics/Battlers/373sb_1.png,4
metagross-alternate-form-1,Metagross,376,1,reject,R0559,Graphics/Battlers/376_1.png,Graphics/Battlers/376b_1.png,Graphics/Battlers/376s_1.png,Graphics/Battlers/376sb_1.png,4
torterra-bluetowel-alternate-form-form-1,Torterra,389,1,reject,R0574,Graphics/Battlers/389_1.png,Graphics/Battlers/389b_1.png,Graphics/Battlers/389s_1.png,Graphics/Battlers/389sb_1.png,4
infernape-alternate-form-1,Infernape,392,1,reject,R0580,Graphics/Battlers/392_1.png,Graphics/Battlers/392b_1.png,Graphics/Battlers/392s_1.png,Graphics/Battlers/392sb_1.png,4
empoleon-alternate-form-1,Empoleon,395,1,reject,R0586,Graphics/Battlers/395_1.png,Graphics/Battlers/395b_1.png,Graphics/Battlers/395s_1.png,Graphics/Battlers/395sb_1.png,4
luxray-alternate-form-1,Luxray,405,1,reject,R0596,Graphics/Battlers/405_1.png,Graphics/Battlers/405b_1.png,Graphics/Battlers/405s_1.png,Graphics/Battlers/405sb_1.png,4
rampardos-alternate-form-1,Rampardos,409,1,reject,R0600,Graphics/Battlers/409_1.png,Graphics/Battlers/409b_1.png,Graphics/Battlers/409s_1.png,Graphics/Battlers/409sb_1.png,4
bastiodon-alternate-form-1,Bastiodon,411,1,reject,R0604,Graphics/Battlers/411_1.png,Graphics/Battlers/411b_1.png,Graphics/Battlers/411s_1.png,Graphics/Battlers/411sb_1.png,4
pachirisu-alternate-form-1,Pachirisu,417,1,reject,R0610,Graphics/Battlers/417_1.png,Graphics/Battlers/417b_1.png,Graphics/Battlers/417s_1.png,Graphics/Battlers/417sb_1.png,4
buneary-alternate-form-2,Buneary,427,2,reject,R0621,Graphics/Battlers/427_2.png,Graphics/Battlers/427b_2.png,Graphics/Battlers/427s_2.png,Graphics/Battlers/427sb_2.png,4
lopunny-alternate-form-2,Lopunny,428,2,reject,R0623,Graphics/Battlers/428_2.png,Graphics/Battlers/428b_2.png,Graphics/Battlers/428s_2.png,Graphics/Battlers/428sb_2.png,4
lopunny-bluetowel-alternate-forms-form-1,Lopunny,428,1,reject,R0624,Graphics/Battlers/428_1.png,Graphics/Battlers/428b_1.png,Graphics/Battlers/428s_1.png,Graphics/Battlers/428sb_1.png,4
lopunny-alternate-mega-form-3,Lopunny,428,3,reject,R0625,Graphics/Battlers/428_3.png,Graphics/Battlers/428b_3.png,Graphics/Battlers/428s_3.png,Graphics/Battlers/428sb_3.png,4
glameow-alternate-form-1,Glameow,431,1,reject,R0627,Graphics/Battlers/431_1.png,Graphics/Battlers/431b_1.png,Graphics/Battlers/431s_1.png,Graphics/Battlers/431sb_1.png,4
purugly-alternate-form-1,Purugly,432,1,reject,R0630,Graphics/Battlers/432_1.png,Graphics/Battlers/432b_1.png,Graphics/Battlers/432s_1.png,Graphics/Battlers/432sb_1.png,4
spiritomb-alternate-form-1,Spiritomb,442,1,reject,R0638,Graphics/Battlers/442_1.png,Graphics/Battlers/442b_1.png,Graphics/Battlers/442s_1.png,Graphics/Battlers/442sb_1.png,4
gible-bluetowel-alternate-forms-form-2,Gible,443,2,reject,R0640,Graphics/Battlers/443_2.png,Graphics/Battlers/443b_2.png,Graphics/Battlers/443s_2.png,Graphics/Battlers/443sb_2.png,4
gabite-bluetowel-alternate-forms-form-2,Gabite,444,2,reject,R0642,Graphics/Battlers/444_2.png,Graphics/Battlers/444b_2.png,Graphics/Battlers/444s_2.png,Graphics/Battlers/444sb_2.png,4
garchomp-alternate-form-2,Garchomp,445,2,reject,R0645,Graphics/Battlers/445_2.png,Graphics/Battlers/445b_2.png,Graphics/Battlers/445s_2.png,Graphics/Battlers/445sb_2.png,4
garchomp-bluetowel-alternate-forms-form-1,Garchomp,445,1,reject,R0646,Graphics/Battlers/445_1.png,Graphics/Battlers/445b_1.png,Graphics/Battlers/445s_1.png,Graphics/Battlers/445sb_1.png,4
garchomp-alternate-mega-form-3,Garchomp,445,3,reject,R0647,Graphics/Battlers/445_3.png,Graphics/Battlers/445b_3.png,Graphics/Battlers/445s_3.png,Graphics/Battlers/445sb_3.png,4
skorupi-alternate-form-1,Skorupi,451,1,reject,R0650,Graphics/Battlers/451_1.png,Graphics/Battlers/451b_1.png,Graphics/Battlers/451s_1.png,Graphics/Battlers/451sb_1.png,4
skorupi-alternate-form-2,Skorupi,451,2,reject,R0651,Graphics/Battlers/451_2.png,Graphics/Battlers/451b_2.png,Graphics/Battlers/451s_2.png,Graphics/Battlers/451sb_2.png,4
drapion-alternate-form-1,Drapion,452,1,reject,R0653,Graphics/Battlers/452_1.png,Graphics/Battlers/452b_1.png,Graphics/Battlers/452s_1.png,Graphics/Battlers/452sb_1.png,4
carnivine-bluetowel-alternate-form-form-1,Carnivine,455,1,reject,R0656,Graphics/Battlers/455_1.png,Graphics/Battlers/455b_1.png,Graphics/Battlers/455s_1.png,Graphics/Battlers/455sb_1.png,4
serperior-alternate-form-1,Serperior,497,1,reject,R0676,Graphics/Battlers/497_1.png,Graphics/Battlers/497b_1.png,Graphics/Battlers/497s_1.png,Graphics/Battlers/497sb_1.png,4
pignite-alternate-form-1,Pignite,499,1,reject,R0677,Graphics/Battlers/499_1.png,Graphics/Battlers/499b_1.png,Graphics/Battlers/499s_1.png,Graphics/Battlers/499sb_1.png,4
emboar-alternate-form-1,Emboar,500,1,reject,R0678,Graphics/Battlers/500_1.png,Graphics/Battlers/500b_1.png,Graphics/Battlers/500s_1.png,Graphics/Battlers/500sb_1.png,4
samurott-bluetowel-alternate-form-form-1,Samurott,503,1,reject,R0681,Graphics/Battlers/503_1.png,Graphics/Battlers/503b_1.png,Graphics/Battlers/503s_1.png,Graphics/Battlers/503sb_1.png,4
samurott-bluetowel-alternate-form-form-2,Samurott,503,2,reject,R0682,Graphics/Battlers/503_2.png,Graphics/Battlers/503b_2.png,Graphics/Battlers/503s_2.png,Graphics/Battlers/503sb_2.png,4
pidove-alternate-form-1,Pidove,519,1,reject,R0693,Graphics/Battlers/519_1.png,Graphics/Battlers/519b_1.png,Graphics/Battlers/519s_1.png,Graphics/Battlers/519sb_1.png,4
tranquill-alternate-form-1,Tranquill,520,1,reject,R0694,Graphics/Battlers/520_1.png,Graphics/Battlers/520b_1.png,Graphics/Battlers/520s_1.png,Graphics/Battlers/520sb_1.png,4
unfezant-alternate-form-1,Unfezant,521,1,reject,R0695,Graphics/Battlers/521_1.png,Graphics/Battlers/521b_1.png,Graphics/Battlers/521s_1.png,Graphics/Battlers/521sb_1.png,4
roggenrola-alternate-form-1,Roggenrola,524,1,reject,R0696,Graphics/Battlers/524_1.png,Graphics/Battlers/524b_1.png,Graphics/Battlers/524s_1.png,Graphics/Battlers/524sb_1.png,4
boldore-alternate-form-1,Boldore,525,1,reject,R0697,Graphics/Battlers/525_1.png,Graphics/Battlers/525b_1.png,Graphics/Battlers/525s_1.png,Graphics/Battlers/525sb_1.png,4
timburr-alternate-form-1,Timburr,532,1,reject,R0700,Graphics/Battlers/532_1.png,Graphics/Battlers/532b_1.png,Graphics/Battlers/532s_1.png,Graphics/Battlers/532sb_1.png,4
gurdurr-alternate-form-1,Gurdurr,533,1,reject,R0701,Graphics/Battlers/533_1.png,Graphics/Battlers/533b_1.png,Graphics/Battlers/533s_1.png,Graphics/Battlers/533sb_1.png,4
conkeldurr-alternate-form-1,Conkeldurr,534,1,reject,R0702,Graphics/Battlers/534_1.png,Graphics/Battlers/534b_1.png,Graphics/Battlers/534s_1.png,Graphics/Battlers/534sb_1.png,4
petilil-alternate-form-2,Petilil,548,2,reject,R0706,Graphics/Battlers/548_2.png,Graphics/Battlers/548b_2.png,Graphics/Battlers/548s_2.png,Graphics/Battlers/548sb_2.png,4
lilligant-alternate-form-2,Lilligant,549,2,reject,R0708,Graphics/Battlers/549_2.png,Graphics/Battlers/549b_2.png,Graphics/Battlers/549s_2.png,Graphics/Battlers/549sb_2.png,4
yamask-alternate-form-1,Yamask,562,1,reject,R0719,Graphics/Battlers/562_1.png,Graphics/Battlers/562b_1.png,Graphics/Battlers/562s_1.png,Graphics/Battlers/562sb_1.png,4
yamask-alternate-form-2,Yamask,562,2,reject,R0720,Graphics/Battlers/562_2.png,Graphics/Battlers/562b_2.png,Graphics/Battlers/562s_2.png,Graphics/Battlers/562sb_2.png,4
cofagrigus-alternate-form-1,Cofagrigus,563,1,reject,R0721,Graphics/Battlers/563_1.png,Graphics/Battlers/563b_1.png,Graphics/Battlers/563s_1.png,Graphics/Battlers/563sb_1.png,4
tirtouga-alternate-form-1,Tirtouga,564,1,reject,R0722,Graphics/Battlers/564_1.png,Graphics/Battlers/564b_1.png,Graphics/Battlers/564s_1.png,Graphics/Battlers/564sb_1.png,4
carracosta-alternate-form-1,Carracosta,565,1,reject,R0723,Graphics/Battlers/565_1.png,Graphics/Battlers/565b_1.png,Graphics/Battlers/565s_1.png,Graphics/Battlers/565sb_1.png,4
archen-alternate-form-1,Archen,566,1,reject,R0724,Graphics/Battlers/566_1.png,Graphics/Battlers/566b_1.png,Graphics/Battlers/566s_1.png,Graphics/Battlers/566sb_1.png,4
archeops-alternate-form-1,Archeops,567,1,reject,R0725,Graphics/Battlers/567_1.png,Graphics/Battlers/567b_1.png,Graphics/Battlers/567s_1.png,Graphics/Battlers/567sb_1.png,4
trubbish-alternate-form-1,Trubbish,568,1,reject,R0726,Graphics/Battlers/568_1.png,Graphics/Battlers/568b_1.png,Graphics/Battlers/568s_1.png,Graphics/Battlers/568sb_1.png,4
garbodor-alternate-form-1,Garbodor,569,1,reject,R0728,Graphics/Battlers/569_1.png,Graphics/Battlers/569b_1.png,Graphics/Battlers/569s_1.png,Graphics/Battlers/569sb_1.png,4
solosis-alternate-form-1,Solosis,577,1,reject,R0733,Graphics/Battlers/577_1.png,Graphics/Battlers/577b_1.png,Graphics/Battlers/577s_1.png,Graphics/Battlers/577sb_1.png,4
duosion-alternate-form-1,Duosion,578,1,reject,R0735,Graphics/Battlers/578_1.png,Graphics/Battlers/578b_1.png,Graphics/Battlers/578s_1.png,Graphics/Battlers/578sb_1.png,4
reuniclus-alternate-form-1,Reuniclus,579,1,reject,R0739,Graphics/Battlers/579_1.png,Graphics/Battlers/579b_1.png,Graphics/Battlers/579s_1.png,Graphics/Battlers/579sb_1.png,4
vanillite-alternate-form-1,Vanillite,582,1,reject,R0741,Graphics/Battlers/582_1.png,Graphics/Battlers/582b_1.png,Graphics/Battlers/582s_1.png,Graphics/Battlers/582sb_1.png,4
vanillish-alternate-form-1,Vanillish,583,1,reject,R0743,Graphics/Battlers/583_1.png,Graphics/Battlers/583b_1.png,Graphics/Battlers/583s_1.png,Graphics/Battlers/583sb_1.png,4
vanilluxe-alternate-form-1,Vanilluxe,584,1,reject,R0747,Graphics/Battlers/584_1.png,Graphics/Battlers/584b_1.png,Graphics/Battlers/584s_1.png,Graphics/Battlers/584sb_1.png,4
ferroseed-alternate-form-1,Ferroseed,597,1,reject,R0750,Graphics/Battlers/597_1.png,Graphics/Battlers/597b_1.png,Graphics/Battlers/597s_1.png,Graphics/Battlers/597sb_1.png,4
ferrothorn-alternate-form-1,Ferrothorn,598,1,reject,R0751,Graphics/Battlers/598_1.png,Graphics/Battlers/598b_1.png,Graphics/Battlers/598s_1.png,Graphics/Battlers/598sb_1.png,4
litwick-alternate-form-1,Litwick,607,1,reject,R0757,Graphics/Battlers/607_1.png,Graphics/Battlers/607b_1.png,Graphics/Battlers/607s_1.png,Graphics/Battlers/607sb_1.png,4
lampent-alternate-form-1,Lampent,608,1,reject,R0759,Graphics/Battlers/608_1.png,Graphics/Battlers/608b_1.png,Graphics/Battlers/608s_1.png,Graphics/Battlers/608sb_1.png,4
chandelure-alternate-form-1,Chandelure,609,1,reject,R0763,Graphics/Battlers/609_1.png,Graphics/Battlers/609b_1.png,Graphics/Battlers/609s_1.png,Graphics/Battlers/609sb_1.png,4
druddigon-alternate-form-1,Druddigon,621,1,reject,R0769,Graphics/Battlers/621_1.png,Graphics/Battlers/621b_1.png,Graphics/Battlers/621s_1.png,Graphics/Battlers/621sb_1.png,4
pawniard-alternate-form-1,Pawniard,624,1,reject,R0773,Graphics/Battlers/624_1.png,Graphics/Battlers/624b_1.png,Graphics/Battlers/624s_1.png,Graphics/Battlers/624sb_1.png,4
bisharp-alternate-form-1,Bisharp,625,1,reject,R0775,Graphics/Battlers/625_1.png,Graphics/Battlers/625b_1.png,Graphics/Battlers/625s_1.png,Graphics/Battlers/625sb_1.png,4
deino-cybertank-form-1,Deino,633,1,reject,R0780,Graphics/Battlers/633_1.png,Graphics/Battlers/633b_1.png,Graphics/Battlers/633s_1.png,Graphics/Battlers/633sb_1.png,4
deino-telepathic-form-2,Deino,633,2,reject,R0781,Graphics/Battlers/633_2.png,Graphics/Battlers/633b_2.png,Graphics/Battlers/633s_2.png,Graphics/Battlers/633sb_2.png,4
zweilous-cybertank-form-1,Zweilous,634,1,reject,R0783,Graphics/Battlers/634_1.png,Graphics/Battlers/634b_1.png,Graphics/Battlers/634s_1.png,Graphics/Battlers/634sb_1.png,4
zweilous-telepathic-form-2,Zweilous,634,2,reject,R0784,Graphics/Battlers/634_2.png,Graphics/Battlers/634b_2.png,Graphics/Battlers/634s_2.png,Graphics/Battlers/634sb_2.png,4
hydreigon-cybertank-form-1,Hydreigon,635,1,reject,R0788,Graphics/Battlers/635_1.png,Graphics/Battlers/635b_1.png,Graphics/Battlers/635s_1.png,Graphics/Battlers/635sb_1.png,4
hydreigon-telepathic-form-2,Hydreigon,635,2,reject,R0789,Graphics/Battlers/635_2.png,Graphics/Battlers/635b_2.png,Graphics/Battlers/635s_2.png,Graphics/Battlers/635sb_2.png,4
chesnaught-alternate-form-1,Chesnaught,652,1,reject,R0794,Graphics/Battlers/652_1.png,Graphics/Battlers/652b_1.png,Graphics/Battlers/652s_1.png,Graphics/Battlers/652sb_1.png,4
delphox-alternate-form-1,Delphox,655,1,reject,R0797,Graphics/Battlers/655_1.png,Graphics/Battlers/655b_1.png,Graphics/Battlers/655s_1.png,Graphics/Battlers/655sb_1.png,4
greninja-alternate-form-1,Greninja,658,1,reject,R0798,Graphics/Battlers/658_1.png,Graphics/Battlers/658b_1.png,Graphics/Battlers/658s_1.png,Graphics/Battlers/658sb_1.png,4
bunnelby-alternate-form-1,Bunnelby,659,1,reject,R0799,Graphics/Battlers/659_1.png,Graphics/Battlers/659b_1.png,Graphics/Battlers/659s_1.png,Graphics/Battlers/659sb_1.png,4
diggersby-alternate-form-1,Diggersby,660,1,reject,R0800,Graphics/Battlers/660_1.png,Graphics/Battlers/660b_1.png,Graphics/Battlers/660s_1.png,Graphics/Battlers/660sb_1.png,4
spritzee-alternate-form-1,Spritzee,682,1,reject,R0808,Graphics/Battlers/682_1.png,Graphics/Battlers/682b_1.png,Graphics/Battlers/682s_1.png,Graphics/Battlers/682sb_1.png,4
spritzee-alternate-form-2,Spritzee,682,2,reject,R0809,Graphics/Battlers/682_2.png,Graphics/Battlers/682b_2.png,Graphics/Battlers/682s_2.png,Graphics/Battlers/682sb_2.png,4
aromatisse-alternate-form-2,Aromatisse,683,2,reject,R0811,Graphics/Battlers/683_2.png,Graphics/Battlers/683b_2.png,Graphics/Battlers/683s_2.png,Graphics/Battlers/683sb_2.png,4
barbaracle-alternate-form-1,Barbaracle,689,1,reject,R0812,Graphics/Battlers/689_1.png,Graphics/Battlers/689b_1.png,Graphics/Battlers/689s_1.png,Graphics/Battlers/689sb_1.png,4
skrelp-alternate-form-1,Skrelp,690,1,reject,R0813,Graphics/Battlers/690_1.png,Graphics/Battlers/690b_1.png,Graphics/Battlers/690s_1.png,Graphics/Battlers/690sb_1.png,4
dragalge-alternate-form-1,Dragalge,691,1,reject,R0814,Graphics/Battlers/691_1.png,Graphics/Battlers/691b_1.png,Graphics/Battlers/691s_1.png,Graphics/Battlers/691sb_1.png,4
clauncher-alternate-form-1,Clauncher,692,1,reject,R0815,Graphics/Battlers/692_1.png,Graphics/Battlers/692b_1.png,Graphics/Battlers/692s_1.png,Graphics/Battlers/692sb_1.png,4
clawitzer-alternate-form-1,Clawitzer,693,1,reject,R0816,Graphics/Battlers/693_1.png,Graphics/Battlers/693b_1.png,Graphics/Battlers/693s_1.png,Graphics/Battlers/693sb_1.png,4
dedenne-alternate-form-1,Dedenne,702,1,reject,R0821,Graphics/Battlers/702_1.png,Graphics/Battlers/702b_1.png,Graphics/Battlers/702s_1.png,Graphics/Battlers/702sb_1.png,4
goomy-alternate-form-1,Goomy,704,1,reject,R0822,Graphics/Battlers/704_1.png,Graphics/Battlers/704b_1.png,Graphics/Battlers/704s_1.png,Graphics/Battlers/704sb_1.png,4
sliggoo-alternate-form-1,Sliggoo,705,1,reject,R0823,Graphics/Battlers/705_1.png,Graphics/Battlers/705b_1.png,Graphics/Battlers/705s_1.png,Graphics/Battlers/705sb_1.png,4
sliggoo-alternate-form-2,Sliggoo,705,2,reject,R0824,Graphics/Battlers/705_2.png,Graphics/Battlers/705b_2.png,Graphics/Battlers/705s_2.png,Graphics/Battlers/705sb_2.png,4
goodra-alternate-form-1,Goodra,706,1,reject,R0827,Graphics/Battlers/706_1.png,Graphics/Battlers/706b_1.png,Graphics/Battlers/706s_1.png,Graphics/Battlers/706sb_1.png,4
goodra-alternate-form-2,Goodra,706,2,reject,R0828,Graphics/Battlers/706_2.png,Graphics/Battlers/706b_2.png,Graphics/Battlers/706s_2.png,Graphics/Battlers/706sb_2.png,4
dartrix-alternate-form-1,Dartrix,723,1,reject,R0835,Graphics/Battlers/723_1.png,Graphics/Battlers/723b_1.png,Graphics/Battlers/723s_1.png,Graphics/Battlers/723sb_1.png,4
dartrix-alternate-form-2,Dartrix,723,2,reject,R0836,Graphics/Battlers/723_2.png,Graphics/Battlers/723b_2.png,Graphics/Battlers/723s_2.png,Graphics/Battlers/723sb_2.png,4
decidueye-alternate-form-1,Decidueye,724,1,reject,R0839,Graphics/Battlers/724_1.png,Graphics/Battlers/724b_1.png,Graphics/Battlers/724s_1.png,Graphics/Battlers/724sb_1.png,4
decidueye-alternate-form-2,Decidueye,724,2,reject,R0840,Graphics/Battlers/724_2.png,Graphics/Battlers/724b_2.png,Graphics/Battlers/724s_2.png,Graphics/Battlers/724sb_2.png,4
incineroar-alternate-form-1,Incineroar,727,1,reject,R0842,Graphics/Battlers/727_1.png,Graphics/Battlers/727b_1.png,Graphics/Battlers/727s_1.png,Graphics/Battlers/727sb_1.png,4
primarina-alternate-form-1,Primarina,730,1,reject,R0844,Graphics/Battlers/730_1.png,Graphics/Battlers/730b_1.png,Graphics/Battlers/730s_1.png,Graphics/Battlers/730sb_1.png,4
ribombee-bluetowel-alternate-form-form-1,Ribombee,743,1,reject,R0852,Graphics/Battlers/743_1.png,Graphics/Battlers/743b_1.png,Graphics/Battlers/743s_1.png,Graphics/Battlers/743sb_1.png,4
dewpider-alternate-form-1,Dewpider,751,1,reject,R0856,Graphics/Battlers/751_1.png,Graphics/Battlers/751b_1.png,Graphics/Battlers/751s_1.png,Graphics/Battlers/751sb_1.png,4
araquanid-alternate-form-1,Araquanid,752,1,reject,R0858,Graphics/Battlers/752_1.png,Graphics/Battlers/752b_1.png,Graphics/Battlers/752s_1.png,Graphics/Battlers/752sb_1.png,4
fomantis-alternate-form-1,Fomantis,753,1,reject,R0859,Graphics/Battlers/753_1.png,Graphics/Battlers/753b_1.png,Graphics/Battlers/753s_1.png,Graphics/Battlers/753sb_1.png,4
lurantis-alternate-form-1,Lurantis,754,1,reject,R0860,Graphics/Battlers/754_1.png,Graphics/Battlers/754b_1.png,Graphics/Battlers/754s_1.png,Graphics/Battlers/754sb_1.png,4
sandygast-alternate-form-1,Sandygast,769,1,reject,R0870,Graphics/Battlers/769_1.png,Graphics/Battlers/769b_1.png,Graphics/Battlers/769s_1.png,Graphics/Battlers/769sb_1.png,4
palossand-alternate-form-1,Palossand,770,1,reject,R0871,Graphics/Battlers/770_1.png,Graphics/Battlers/770b_1.png,Graphics/Battlers/770s_1.png,Graphics/Battlers/770sb_1.png,4
thwackey-alternate-form-2,Thwackey,811,2,reject,R0880,Graphics/Battlers/811_2.png,Graphics/Battlers/811b_2.png,Graphics/Battlers/811s_2.png,Graphics/Battlers/811sb_2.png,4
rillaboom-alternate-form-2,Rillaboom,812,2,reject,R0882,Graphics/Battlers/812_2.png,Graphics/Battlers/812b_2.png,Graphics/Battlers/812s_2.png,Graphics/Battlers/812sb_2.png,4
scorbunny-alternate-form-2,Scorbunny,813,2,reject,R0883,Graphics/Battlers/813_2.png,Graphics/Battlers/813b_2.png,Graphics/Battlers/813s_2.png,Graphics/Battlers/813sb_2.png,4
raboot-alternate-form-2,Raboot,814,2,reject,R0884,Graphics/Battlers/814_2.png,Graphics/Battlers/814b_2.png,Graphics/Battlers/814s_2.png,Graphics/Battlers/814sb_2.png,4
cinderace-alternate-form-2,Cinderace,815,2,reject,R0886,Graphics/Battlers/815_2.png,Graphics/Battlers/815b_2.png,Graphics/Battlers/815s_2.png,Graphics/Battlers/815sb_2.png,4
sobble-alternate-form-2,Sobble,816,2,reject,R0887,Graphics/Battlers/816_2.png,Graphics/Battlers/816b_2.png,Graphics/Battlers/816s_2.png,Graphics/Battlers/816sb_2.png,4
drizzile-alternate-form-2,Drizzile,817,2,reject,R0888,Graphics/Battlers/817_2.png,Graphics/Battlers/817b_2.png,Graphics/Battlers/817s_2.png,Graphics/Battlers/817sb_2.png,4
inteleon-alternate-form-2,Inteleon,818,2,reject,R0890,Graphics/Battlers/818_2.png,Graphics/Battlers/818b_2.png,Graphics/Battlers/818s_2.png,Graphics/Battlers/818sb_2.png,4
arrokuda-alternate-form-1,Arrokuda,846,1,reject,R0896,Graphics/Battlers/846_1.png,Graphics/Battlers/846b_1.png,Graphics/Battlers/846s_1.png,Graphics/Battlers/846sb_1.png,4
barraskewda-alternate-form-1,Barraskewda,847,1,reject,R0897,Graphics/Battlers/847_1.png,Graphics/Battlers/847b_1.png,Graphics/Battlers/847s_1.png,Graphics/Battlers/847sb_1.png,4
sirfetchd-alternate-form-1,Sirfetch'd,865,1,reject,R0909,Graphics/Battlers/865_1.png,Graphics/Battlers/865b_1.png,Graphics/Battlers/865s_1.png,Graphics/Battlers/865sb_1.png,4
