kind,key,front,back,front-shiny,back-shiny,icon,complete
VANILLA_SPECIES,abomasnow,True,True,True,True,True,True
VANILLA_SPECIES,abra,True,True,True,True,True,True
VANILLA_SPECIES,absol,True,True,True,True,True,True
VANILLA_SPECIES,accelgor,True,True,True,True,True,True
VANILLA_SPECIES,aegislash,False,False,False,False,False,False
VANILLA_SPECIES,aerodactyl,True,True,True,True,True,True
VANILLA_SPECIES,aggron,True,True,True,True,True,True
VANILLA_SPECIES,aipom,True,True,True,True,True,True
VANILLA_SPECIES,alakazam,True,True,True,True,True,True
VANILLA_SPECIES,alcremie,False,False,False,False,False,False
VANILLA_SPECIES,alomomola,True,True,True,True,True,True
VANILLA_SPECIES,altaria,True,True,True,True,True,True
VANILLA_SPECIES,amaura,True,True,True,True,True,True
VANILLA_SPECIES,ambipom,True,True,True,True,True,True
VANILLA_SPECIES,amoonguss,True,True,True,True,True,True
VANILLA_SPECIES,ampharos,True,True,True,True,True,True
VANILLA_SPECIES,annihilape,True,True,True,True,True,True
VANILLA_SPECIES,anorith,True,True,True,True,True,True
VANILLA_SPECIES,appletun,True,True,True,True,True,True
VANILLA_SPECIES,applin,True,True,True,True,True,True
VANILLA_SPECIES,araquanid,True,True,True,True,True,True
VANILLA_SPECIES,arbok,True,True,True,True,True,True
VANILLA_SPECIES,arboliva,True,True,True,True,True,True
VANILLA_SPECIES,arcanine,True,True,True,True,True,True
VANILLA_SPECIES,arceus,False,False,False,False,False,False
VANILLA_SPECIES,archaludon,True,True,True,True,True,True
VANILLA_SPECIES,archen,True,True,True,True,True,True
VANILLA_SPECIES,archeops,True,True,True,True,True,True
VANILLA_SPECIES,arctibax,True,True,True,True,True,True
VANILLA_SPECIES,arctovish,True,True,True,True,True,True
VANILLA_SPECIES,arctozolt,True,True,True,True,True,True
VANILLA_SPECIES,ariados,True,True,True,True,True,True
VANILLA_SPECIES,armaldo,True,True,True,True,True,True
VANILLA_SPECIES,armarouge,True,True,True,True,True,True
VANILLA_SPECIES,aromatisse,True,True,True,True,True,True
VANILLA_SPECIES,aron,True,True,True,True,True,True
VANILLA_SPECIES,arrokuda,True,True,True,True,True,True
VANILLA_SPECIES,articuno,True,True,True,True,True,True
VANILLA_SPECIES,audino,True,True,True,True,True,True
VANILLA_SPECIES,aurorus,True,True,True,True,True,True
VANILLA_SPECIES,avalugg,True,True,True,True,True,True
VANILLA_SPECIES,axew,True,True,True,True,True,True
VANILLA_SPECIES,azelf,True,True,True,True,True,True
VANILLA_SPECIES,azumarill,True,True,True,True,True,True
VANILLA_SPECIES,azurill,True,True,True,True,True,True
VANILLA_SPECIES,bagon,True,True,True,True,True,True
VANILLA_SPECIES,baltoy,True,True,True,True,True,True
VANILLA_SPECIES,banette,True,True,True,True,True,True
VANILLA_SPECIES,barbaracle,True,True,True,True,True,True
VANILLA_SPECIES,barboach,True,True,True,True,True,True
VANILLA_SPECIES,barraskewda,True,True,True,True,True,True
VANILLA_SPECIES,basculegion,False,False,False,False,False,False
VANILLA_SPECIES,basculin,False,False,False,False,False,False
VANILLA_SPECIES,bastiodon,True,True,True,True,True,True
VANILLA_SPECIES,baxcalibur,True,True,True,True,True,True
VANILLA_SPECIES,bayleef,True,True,True,True,True,True
VANILLA_SPECIES,beartic,True,True,True,True,True,True
VANILLA_SPECIES,beautifly,True,True,True,True,True,True
VANILLA_SPECIES,beedrill,True,True,True,True,True,True
VANILLA_SPECIES,beheeyem,True,True,True,True,True,True
VANILLA_SPECIES,beldum,True,True,True,True,True,True
VANILLA_SPECIES,bellibolt,True,True,True,True,True,True
VANILLA_SPECIES,bellossom,True,True,True,True,True,True
VANILLA_SPECIES,bellsprout,True,True,True,True,True,True
VANILLA_SPECIES,bergmite,True,True,True,True,True,True
VANILLA_SPECIES,bewear,True,True,True,True,True,True
VANILLA_SPECIES,bibarel,True,True,True,True,True,True
VANILLA_SPECIES,bidoof,True,True,True,True,True,True
VANILLA_SPECIES,binacle,True,True,True,True,True,True
VANILLA_SPECIES,bisharp,True,True,True,True,True,True
VANILLA_SPECIES,blacephalon,True,True,True,True,True,True
VANILLA_SPECIES,blastoise,True,True,True,True,True,True
VANILLA_SPECIES,blaziken,True,True,True,True,True,True
VANILLA_SPECIES,blipbug,True,True,True,True,True,True
VANILLA_SPECIES,blissey,True,True,True,True,True,True
VANILLA_SPECIES,blitzle,True,True,True,True,True,True
VANILLA_SPECIES,boldore,True,True,True,True,True,True
VANILLA_SPECIES,boltund,True,True,True,True,True,True
VANILLA_SPECIES,bombirdier,True,True,True,True,True,True
VANILLA_SPECIES,bonsly,True,True,True,True,True,True
VANILLA_SPECIES,bouffalant,True,True,True,True,True,True
VANILLA_SPECIES,bounsweet,True,True,True,True,True,True
VANILLA_SPECIES,braixen,True,True,True,True,True,True
VANILLA_SPECIES,brambleghast,True,True,True,True,True,True
VANILLA_SPECIES,bramblin,True,True,True,True,True,True
VANILLA_SPECIES,braviary,True,True,True,True,True,True
VANILLA_SPECIES,breloom,True,True,True,True,True,True
VANILLA_SPECIES,brionne,True,True,True,True,True,True
VANILLA_SPECIES,bronzong,True,True,True,True,True,True
VANILLA_SPECIES,bronzor,True,True,True,True,True,True
VANILLA_SPECIES,brute-bonnet,True,True,True,True,True,True
VANILLA_SPECIES,bruxish,True,True,True,True,True,True
VANILLA_SPECIES,budew,True,True,True,True,True,True
VANILLA_SPECIES,buizel,True,True,True,True,True,True
VANILLA_SPECIES,bulbasaur,True,True,True,True,True,True
VANILLA_SPECIES,buneary,True,True,True,True,True,True
VANILLA_SPECIES,bunnelby,True,True,True,True,True,True
VANILLA_SPECIES,burmy,False,False,False,False,False,False
VANILLA_SPECIES,butterfree,True,True,True,True,True,True
VANILLA_SPECIES,buzzwole,True,True,True,True,True,True
VANILLA_SPECIES,cacnea,True,True,True,True,True,True
VANILLA_SPECIES,cacturne,True,True,True,True,True,True
VANILLA_SPECIES,calyrex,True,True,True,True,True,True
VANILLA_SPECIES,camerupt,True,True,True,True,True,True
VANILLA_SPECIES,capsakid,True,True,True,True,True,True
VANILLA_SPECIES,carbink,True,True,True,True,True,True
VANILLA_SPECIES,carkol,True,True,True,True,True,True
VANILLA_SPECIES,carnivine,True,True,True,True,True,True
VANILLA_SPECIES,carracosta,True,True,True,True,True,True
VANILLA_SPECIES,carvanha,True,True,True,True,True,True
VANILLA_SPECIES,cascoon,True,True,True,True,True,True
VANILLA_SPECIES,castform,True,True,True,True,True,True
VANILLA_SPECIES,caterpie,True,True,True,True,True,True
VANILLA_SPECIES,celebi,True,True,True,True,True,True
VANILLA_SPECIES,celesteela,True,True,True,True,True,True
VANILLA_SPECIES,centiskorch,True,True,True,True,True,True
VANILLA_SPECIES,ceruledge,True,True,True,True,True,True
VANILLA_SPECIES,cetitan,True,True,True,True,True,True
VANILLA_SPECIES,cetoddle,True,True,True,True,True,True
VANILLA_SPECIES,chandelure,True,True,True,True,True,True
VANILLA_SPECIES,chansey,True,True,True,True,True,True
VANILLA_SPECIES,charcadet,True,True,True,True,True,True
VANILLA_SPECIES,charizard,True,True,True,True,True,True
VANILLA_SPECIES,charjabug,True,True,True,True,True,True
VANILLA_SPECIES,charmander,True,True,True,True,True,True
VANILLA_SPECIES,charmeleon,True,True,True,True,True,True
VANILLA_SPECIES,chatot,True,True,True,True,True,True
VANILLA_SPECIES,cherrim,False,False,False,False,False,False
VANILLA_SPECIES,cherubi,True,True,True,True,True,True
VANILLA_SPECIES,chesnaught,True,True,True,True,True,True
VANILLA_SPECIES,chespin,True,True,True,True,True,True
VANILLA_SPECIES,chewtle,True,True,True,True,True,True
VANILLA_SPECIES,chi-yu,True,True,True,True,True,True
VANILLA_SPECIES,chien-pao,True,True,True,True,True,True
VANILLA_SPECIES,chikorita,True,True,True,True,True,True
VANILLA_SPECIES,chimchar,True,True,True,True,True,True
VANILLA_SPECIES,chimecho,True,True,True,True,True,True
VANILLA_SPECIES,chinchou,True,True,True,True,True,True
VANILLA_SPECIES,chingling,True,True,True,True,True,True
VANILLA_SPECIES,cinccino,True,True,True,True,True,True
VANILLA_SPECIES,cinderace,True,True,True,True,True,True
VANILLA_SPECIES,clamperl,True,True,True,True,True,True
VANILLA_SPECIES,clauncher,True,True,True,True,True,True
VANILLA_SPECIES,clawitzer,True,True,True,True,True,True
VANILLA_SPECIES,claydol,True,True,True,True,True,True
VANILLA_SPECIES,clefable,True,True,True,True,True,True
VANILLA_SPECIES,clefairy,True,True,True,True,True,True
VANILLA_SPECIES,cleffa,True,True,True,True,True,True
VANILLA_SPECIES,clobbopus,True,True,True,True,True,True
VANILLA_SPECIES,clodsire,True,True,True,True,True,True
VANILLA_SPECIES,cloyster,True,True,True,True,True,True
VANILLA_SPECIES,coalossal,True,True,True,True,True,True
VANILLA_SPECIES,cobalion,True,True,True,True,True,True
VANILLA_SPECIES,cofagrigus,True,True,True,True,True,True
VANILLA_SPECIES,combee,True,True,True,True,True,True
VANILLA_SPECIES,combusken,True,True,True,True,True,True
VANILLA_SPECIES,comfey,True,True,True,True,True,True
VANILLA_SPECIES,conkeldurr,True,True,True,True,True,True
VANILLA_SPECIES,copperajah,True,True,True,True,True,True
VANILLA_SPECIES,corphish,True,True,True,True,True,True
VANILLA_SPECIES,corsola,True,True,True,True,True,True
VANILLA_SPECIES,corviknight,True,True,True,True,True,True
VANILLA_SPECIES,corvisquire,True,True,True,True,True,True
VANILLA_SPECIES,cosmoem,True,True,True,True,True,True
VANILLA_SPECIES,cosmog,True,True,True,True,True,True
VANILLA_SPECIES,cottonee,True,True,True,True,True,True
VANILLA_SPECIES,crabominable,True,True,True,True,True,True
VANILLA_SPECIES,crabrawler,True,True,True,True,True,True
VANILLA_SPECIES,cradily,True,True,True,True,True,True
VANILLA_SPECIES,cramorant,True,True,True,True,True,True
VANILLA_SPECIES,cranidos,True,True,True,True,True,True
VANILLA_SPECIES,crawdaunt,True,True,True,True,True,True
VANILLA_SPECIES,cresselia,True,True,True,True,True,True
VANILLA_SPECIES,croagunk,True,True,True,True,True,True
VANILLA_SPECIES,crobat,True,True,True,True,True,True
VANILLA_SPECIES,crocalor,True,True,True,True,True,True
VANILLA_SPECIES,croconaw,True,True,True,True,True,True
VANILLA_SPECIES,crustle,True,True,True,True,True,True
VANILLA_SPECIES,cryogonal,True,True,True,True,True,True
VANILLA_SPECIES,cubchoo,True,True,True,True,True,True
VANILLA_SPECIES,cubone,True,True,True,True,True,True
VANILLA_SPECIES,cufant,True,True,True,True,True,True
VANILLA_SPECIES,cursola,True,True,True,True,True,True
VANILLA_SPECIES,cutiefly,True,True,True,True,True,True
VANILLA_SPECIES,cyclizar,True,True,True,True,True,True
VANILLA_SPECIES,cyndaquil,True,True,True,True,True,True
VANILLA_SPECIES,dachsbun,True,True,True,True,True,True
VANILLA_SPECIES,darkrai,True,True,True,True,True,True
VANILLA_SPECIES,darmanitan,False,False,False,False,False,False
VANILLA_SPECIES,dartrix,True,True,True,True,True,True
VANILLA_SPECIES,darumaka,True,True,True,True,True,True
VANILLA_SPECIES,decidueye,True,True,True,True,True,True
VANILLA_SPECIES,dedenne,True,True,True,True,True,True
VANILLA_SPECIES,deerling,False,False,False,False,False,False
VANILLA_SPECIES,deino,True,True,True,True,True,True
VANILLA_SPECIES,delcatty,True,True,True,True,True,True
VANILLA_SPECIES,delibird,True,True,True,True,True,True
VANILLA_SPECIES,delphox,True,True,True,True,True,True
VANILLA_SPECIES,deoxys,False,False,False,False,False,False
VANILLA_SPECIES,dewgong,True,True,True,True,True,True
VANILLA_SPECIES,dewott,True,True,True,True,True,True
VANILLA_SPECIES,dewpider,True,True,True,True,True,True
VANILLA_SPECIES,dhelmise,True,True,True,True,True,True
VANILLA_SPECIES,dialga,True,True,True,True,True,True
VANILLA_SPECIES,diancie,True,True,True,True,True,True
VANILLA_SPECIES,diggersby,True,True,True,True,True,True
VANILLA_SPECIES,diglett,True,True,True,True,True,True
VANILLA_SPECIES,dipplin,True,True,True,True,True,True
VANILLA_SPECIES,ditto,True,True,True,True,True,True
VANILLA_SPECIES,dodrio,True,True,True,True,True,True
VANILLA_SPECIES,doduo,True,True,True,True,True,True
VANILLA_SPECIES,dolliv,True,True,True,True,True,True
VANILLA_SPECIES,dondozo,True,True,True,True,True,True
VANILLA_SPECIES,donphan,True,True,True,True,True,True
VANILLA_SPECIES,dottler,True,True,True,True,True,True
VANILLA_SPECIES,doublade,True,True,True,True,True,True
VANILLA_SPECIES,dracovish,True,True,True,True,True,True
VANILLA_SPECIES,dracozolt,True,True,True,True,True,True
VANILLA_SPECIES,dragalge,True,True,True,True,True,True
VANILLA_SPECIES,dragapult,True,True,True,True,True,True
VANILLA_SPECIES,dragonair,True,True,True,True,True,True
VANILLA_SPECIES,dragonite,True,True,True,True,True,True
VANILLA_SPECIES,drakloak,True,True,True,True,True,True
VANILLA_SPECIES,drampa,True,True,True,True,True,True
VANILLA_SPECIES,drapion,True,True,True,True,True,True
VANILLA_SPECIES,dratini,True,True,True,True,True,True
VANILLA_SPECIES,drednaw,True,True,True,True,True,True
VANILLA_SPECIES,dreepy,True,True,True,True,True,True
VANILLA_SPECIES,drifblim,True,True,True,True,True,True
VANILLA_SPECIES,drifloon,True,True,True,True,True,True
VANILLA_SPECIES,drilbur,True,True,True,True,True,True
VANILLA_SPECIES,drizzile,True,True,True,True,True,True
VANILLA_SPECIES,drowzee,True,True,True,True,True,True
VANILLA_SPECIES,druddigon,True,True,True,True,True,True
VANILLA_SPECIES,dubwool,True,True,True,True,True,True
VANILLA_SPECIES,ducklett,True,True,True,True,True,True
VANILLA_SPECIES,dudunsparce,False,False,False,False,False,False
VANILLA_SPECIES,dugtrio,True,True,True,True,True,True
VANILLA_SPECIES,dunsparce,True,True,True,True,True,True
VANILLA_SPECIES,duosion,True,True,True,True,True,True
VANILLA_SPECIES,duraludon,True,True,True,True,True,True
VANILLA_SPECIES,durant,True,True,True,True,True,True
VANILLA_SPECIES,dusclops,True,True,True,True,True,True
VANILLA_SPECIES,dusknoir,True,True,True,True,True,True
VANILLA_SPECIES,duskull,True,True,True,True,True,True
VANILLA_SPECIES,dustox,True,True,True,True,True,True
VANILLA_SPECIES,dwebble,True,True,True,True,True,True
VANILLA_SPECIES,eelektrik,True,True,True,True,True,True
VANILLA_SPECIES,eelektross,True,True,True,True,True,True
VANILLA_SPECIES,eevee,True,True,True,True,True,True
VANILLA_SPECIES,eiscue,False,False,False,False,False,False
VANILLA_SPECIES,ekans,True,True,True,True,True,True
VANILLA_SPECIES,eldegoss,True,True,True,True,True,True
VANILLA_SPECIES,electabuzz,True,True,True,True,True,True
VANILLA_SPECIES,electivire,True,True,True,True,True,True
VANILLA_SPECIES,electrike,True,True,True,True,True,True
VANILLA_SPECIES,electrode,True,True,True,True,True,True
VANILLA_SPECIES,elekid,True,True,True,True,True,True
VANILLA_SPECIES,elgyem,True,True,True,True,True,True
VANILLA_SPECIES,emboar,True,True,True,True,True,True
VANILLA_SPECIES,emolga,True,True,True,True,True,True
VANILLA_SPECIES,empoleon,True,True,True,True,True,True
VANILLA_SPECIES,enamorus,False,False,False,False,False,False
VANILLA_SPECIES,entei,True,True,True,True,True,True
VANILLA_SPECIES,escavalier,True,True,True,True,True,True
VANILLA_SPECIES,espathra,True,True,True,True,True,True
VANILLA_SPECIES,espeon,True,True,True,True,True,True
VANILLA_SPECIES,espurr,True,True,True,True,True,True
VANILLA_SPECIES,eternatus,True,True,True,True,True,True
VANILLA_SPECIES,excadrill,True,True,True,True,True,True
VANILLA_SPECIES,exeggcute,True,True,True,True,True,True
VANILLA_SPECIES,exeggutor,True,True,True,True,True,True
VANILLA_SPECIES,exploud,True,True,True,True,True,True
VANILLA_SPECIES,falinks,True,True,True,True,True,True
VANILLA_SPECIES,farfetchd,True,True,True,True,True,True
VANILLA_SPECIES,farigiraf,True,True,True,True,True,True
VANILLA_SPECIES,fearow,True,True,True,True,True,True
VANILLA_SPECIES,feebas,True,True,True,True,True,True
VANILLA_SPECIES,fennekin,True,True,True,True,True,True
VANILLA_SPECIES,feraligatr,True,True,True,True,True,True
VANILLA_SPECIES,ferroseed,True,True,True,True,True,True
VANILLA_SPECIES,ferrothorn,True,True,True,True,True,True
VANILLA_SPECIES,fezandipiti,True,True,True,True,True,True
VANILLA_SPECIES,fidough,True,True,True,True,True,True
VANILLA_SPECIES,finizen,True,True,True,True,True,True
VANILLA_SPECIES,finneon,True,True,True,True,True,True
VANILLA_SPECIES,flaaffy,True,True,True,True,True,True
VANILLA_SPECIES,flabebe,False,False,False,False,False,False
VANILLA_SPECIES,flamigo,True,True,True,True,True,True
VANILLA_SPECIES,flapple,True,True,True,True,True,True
VANILLA_SPECIES,flareon,True,True,True,True,True,True
VANILLA_SPECIES,fletchinder,True,True,True,True,True,True
VANILLA_SPECIES,fletchling,True,True,True,True,True,True
VANILLA_SPECIES,flittle,True,True,True,True,True,True
VANILLA_SPECIES,floatzel,True,True,True,True,True,True
VANILLA_SPECIES,floette,False,False,False,False,False,False
VANILLA_SPECIES,floragato,True,True,True,True,True,True
VANILLA_SPECIES,florges,False,False,False,False,False,False
VANILLA_SPECIES,flutter-mane,True,True,True,True,True,True
VANILLA_SPECIES,flygon,True,True,True,True,True,True
VANILLA_SPECIES,fomantis,True,True,True,True,True,True
VANILLA_SPECIES,foongus,True,True,True,True,True,True
VANILLA_SPECIES,forretress,True,True,True,True,True,True
VANILLA_SPECIES,fraxure,True,True,True,True,True,True
VANILLA_SPECIES,frigibax,True,True,True,True,True,True
VANILLA_SPECIES,frillish,False,False,False,False,False,False
VANILLA_SPECIES,froakie,True,True,True,True,True,True
VANILLA_SPECIES,frogadier,True,True,True,True,True,True
VANILLA_SPECIES,froslass,True,True,True,True,True,True
VANILLA_SPECIES,frosmoth,True,True,True,True,True,True
VANILLA_SPECIES,fuecoco,True,True,True,True,True,True
VANILLA_SPECIES,furfrou,False,False,False,False,False,False
VANILLA_SPECIES,furret,True,True,True,True,True,True
VANILLA_SPECIES,gabite,True,True,True,True,True,True
VANILLA_SPECIES,gallade,True,True,True,True,True,True
VANILLA_SPECIES,galvantula,True,True,True,True,True,True
VANILLA_SPECIES,garbodor,True,True,True,True,True,True
VANILLA_SPECIES,garchomp,True,True,True,True,True,True
VANILLA_SPECIES,gardevoir,True,True,True,True,True,True
VANILLA_SPECIES,garganacl,True,True,True,True,True,True
VANILLA_SPECIES,gastly,True,True,True,True,True,True
VANILLA_SPECIES,gastrodon,False,False,False,False,False,False
VANILLA_SPECIES,genesect,True,True,True,True,True,True
VANILLA_SPECIES,gengar,True,True,True,True,True,True
VANILLA_SPECIES,geodude,True,True,True,True,True,True
VANILLA_SPECIES,gholdengo,True,True,True,True,True,True
VANILLA_SPECIES,gible,True,True,True,True,True,True
VANILLA_SPECIES,gigalith,True,True,True,True,True,True
VANILLA_SPECIES,gimmighoul,False,False,False,False,False,False
VANILLA_SPECIES,girafarig,True,True,True,True,True,True
VANILLA_SPECIES,giratina,False,False,False,False,False,False
VANILLA_SPECIES,glaceon,True,True,True,True,True,True
VANILLA_SPECIES,glalie,True,True,True,True,True,True
VANILLA_SPECIES,glameow,True,True,True,True,True,True
VANILLA_SPECIES,glastrier,True,True,True,True,True,True
VANILLA_SPECIES,gligar,True,True,True,True,True,True
VANILLA_SPECIES,glimmet,True,True,True,True,True,True
VANILLA_SPECIES,glimmora,True,True,True,True,True,True
VANILLA_SPECIES,gliscor,True,True,True,True,True,True
VANILLA_SPECIES,gloom,True,True,True,True,True,True
VANILLA_SPECIES,gogoat,True,True,True,True,True,True
VANILLA_SPECIES,golbat,True,True,True,True,True,True
VANILLA_SPECIES,goldeen,True,True,True,True,True,True
VANILLA_SPECIES,golduck,True,True,True,True,True,True
VANILLA_SPECIES,golem,True,True,True,True,True,True
VANILLA_SPECIES,golett,True,True,True,True,True,True
VANILLA_SPECIES,golisopod,True,True,True,True,True,True
VANILLA_SPECIES,golurk,True,True,True,True,True,True
VANILLA_SPECIES,goodra,True,True,True,True,True,True
VANILLA_SPECIES,goomy,True,True,True,True,True,True
VANILLA_SPECIES,gorebyss,True,True,True,True,True,True
VANILLA_SPECIES,gossifleur,True,True,True,True,True,True
VANILLA_SPECIES,gothita,True,True,True,True,True,True
VANILLA_SPECIES,gothitelle,True,True,True,True,True,True
VANILLA_SPECIES,gothorita,True,True,True,True,True,True
VANILLA_SPECIES,gouging-fire,True,True,True,True,True,True
VANILLA_SPECIES,gourgeist,False,False,False,False,False,False
VANILLA_SPECIES,grafaiai,True,True,True,True,True,True
VANILLA_SPECIES,granbull,True,True,True,True,True,True
VANILLA_SPECIES,grapploct,True,True,True,True,True,True
VANILLA_SPECIES,graveler,True,True,True,True,True,True
VANILLA_SPECIES,great-tusk,True,True,True,True,True,True
VANILLA_SPECIES,greavard,True,True,True,True,True,True
VANILLA_SPECIES,greedent,True,True,True,True,True,True
VANILLA_SPECIES,greninja,True,True,True,True,True,True
VANILLA_SPECIES,grimer,True,True,True,True,True,True
VANILLA_SPECIES,grimmsnarl,True,True,True,True,True,True
VANILLA_SPECIES,grookey,True,True,True,True,True,True
VANILLA_SPECIES,grotle,True,True,True,True,True,True
VANILLA_SPECIES,groudon,True,True,True,True,True,True
VANILLA_SPECIES,grovyle,True,True,True,True,True,True
VANILLA_SPECIES,growlithe,True,True,True,True,True,True
VANILLA_SPECIES,grubbin,True,True,True,True,True,True
VANILLA_SPECIES,grumpig,True,True,True,True,True,True
VANILLA_SPECIES,gulpin,True,True,True,True,True,True
VANILLA_SPECIES,gumshoos,True,True,True,True,True,True
VANILLA_SPECIES,gurdurr,True,True,True,True,True,True
VANILLA_SPECIES,guzzlord,True,True,True,True,True,True
VANILLA_SPECIES,gyarados,True,True,True,True,True,True
VANILLA_SPECIES,hakamo-o,True,True,True,True,True,True
VANILLA_SPECIES,happiny,True,True,True,True,True,True
VANILLA_SPECIES,hariyama,True,True,True,True,True,True
VANILLA_SPECIES,hatenna,True,True,True,True,True,True
VANILLA_SPECIES,hatterene,True,True,True,True,True,True
VANILLA_SPECIES,hattrem,True,True,True,True,True,True
VANILLA_SPECIES,haunter,True,True,True,True,True,True
VANILLA_SPECIES,hawlucha,True,True,True,True,True,True
VANILLA_SPECIES,haxorus,True,True,True,True,True,True
VANILLA_SPECIES,heatmor,True,True,True,True,True,True
VANILLA_SPECIES,heatran,True,True,True,True,True,True
VANILLA_SPECIES,heliolisk,True,True,True,True,True,True
VANILLA_SPECIES,helioptile,True,True,True,True,True,True
VANILLA_SPECIES,heracross,True,True,True,True,True,True
VANILLA_SPECIES,herdier,True,True,True,True,True,True
VANILLA_SPECIES,hippopotas,True,True,True,True,True,True
VANILLA_SPECIES,hippowdon,True,True,True,True,True,True
VANILLA_SPECIES,hitmonchan,True,True,True,True,True,True
VANILLA_SPECIES,hitmonlee,True,True,True,True,True,True
VANILLA_SPECIES,hitmontop,True,True,True,True,True,True
VANILLA_SPECIES,ho-oh,True,True,True,True,True,True
VANILLA_SPECIES,honchkrow,True,True,True,True,True,True
VANILLA_SPECIES,honedge,True,True,True,True,True,True
VANILLA_SPECIES,hoopa,True,True,True,True,True,True
VANILLA_SPECIES,hoothoot,True,True,True,True,True,True
VANILLA_SPECIES,hoppip,True,True,True,True,True,True
VANILLA_SPECIES,horsea,True,True,True,True,True,True
VANILLA_SPECIES,houndoom,True,True,True,True,True,True
VANILLA_SPECIES,houndour,True,True,True,True,True,True
VANILLA_SPECIES,houndstone,True,True,True,True,True,True
VANILLA_SPECIES,huntail,True,True,True,True,True,True
VANILLA_SPECIES,hydrapple,True,True,True,True,True,True
VANILLA_SPECIES,hydreigon,True,True,True,True,True,True
VANILLA_SPECIES,hypno,True,True,True,True,True,True
VANILLA_SPECIES,igglybuff,True,True,True,True,True,True
VANILLA_SPECIES,illumise,True,True,True,True,True,True
VANILLA_SPECIES,impidimp,True,True,True,True,True,True
VANILLA_SPECIES,incineroar,True,True,True,True,True,True
VANILLA_SPECIES,indeedee,False,False,False,False,False,False
VANILLA_SPECIES,infernape,True,True,True,True,True,True
VANILLA_SPECIES,inkay,True,True,True,True,True,True
VANILLA_SPECIES,inteleon,True,True,True,True,True,True
VANILLA_SPECIES,iron-boulder,True,True,True,True,True,True
VANILLA_SPECIES,iron-bundle,True,True,True,True,True,True
VANILLA_SPECIES,iron-crown,True,True,True,True,True,True
VANILLA_SPECIES,iron-hands,True,True,True,True,True,True
VANILLA_SPECIES,iron-jugulis,True,True,True,True,True,True
VANILLA_SPECIES,iron-leaves,True,True,True,True,True,True
VANILLA_SPECIES,iron-moth,True,True,True,True,True,True
VANILLA_SPECIES,iron-thorns,True,True,True,True,True,True
VANILLA_SPECIES,iron-treads,True,True,True,True,True,True
VANILLA_SPECIES,iron-valiant,True,True,True,True,True,True
VANILLA_SPECIES,ivysaur,True,True,True,True,True,True
VANILLA_SPECIES,jangmo-o,True,True,True,True,True,True
VANILLA_SPECIES,jellicent,False,False,False,False,False,False
VANILLA_SPECIES,jigglypuff,True,True,True,True,True,True
VANILLA_SPECIES,jirachi,True,True,True,True,True,True
VANILLA_SPECIES,jolteon,True,True,True,True,True,True
VANILLA_SPECIES,joltik,True,True,True,True,True,True
VANILLA_SPECIES,jumpluff,True,True,True,True,True,True
VANILLA_SPECIES,jynx,True,True,True,True,True,True
VANILLA_SPECIES,kabuto,True,True,True,True,True,True
VANILLA_SPECIES,kabutops,True,True,True,True,True,True
VANILLA_SPECIES,kadabra,True,True,True,True,True,True
VANILLA_SPECIES,kakuna,True,True,True,True,True,True
VANILLA_SPECIES,kangaskhan,True,True,True,True,True,True
VANILLA_SPECIES,karrablast,True,True,True,True,True,True
VANILLA_SPECIES,kartana,True,True,True,True,True,True
VANILLA_SPECIES,kecleon,True,True,True,True,True,True
VANILLA_SPECIES,keldeo,False,False,False,False,False,False
VANILLA_SPECIES,kilowattrel,True,True,True,True,True,True
VANILLA_SPECIES,kingambit,True,True,True,True,True,True
VANILLA_SPECIES,kingdra,True,True,True,True,True,True
VANILLA_SPECIES,kingler,True,True,True,True,True,True
VANILLA_SPECIES,kirlia,True,True,True,True,True,True
VANILLA_SPECIES,klang,True,True,True,True,True,True
VANILLA_SPECIES,klawf,True,True,True,True,True,True
VANILLA_SPECIES,kleavor,True,True,True,True,True,True
VANILLA_SPECIES,klefki,True,True,True,True,True,True
VANILLA_SPECIES,klink,True,True,True,True,True,True
VANILLA_SPECIES,klinklang,True,True,True,True,True,True
VANILLA_SPECIES,koffing,True,True,True,True,True,True
VANILLA_SPECIES,komala,True,True,True,True,True,True
VANILLA_SPECIES,kommo-o,True,True,True,True,True,True
VANILLA_SPECIES,koraidon,False,False,False,False,False,False
VANILLA_SPECIES,krabby,True,True,True,True,True,True
VANILLA_SPECIES,kricketot,True,True,True,True,True,True
VANILLA_SPECIES,kricketune,True,True,True,True,True,True
VANILLA_SPECIES,krokorok,True,True,True,True,True,True
VANILLA_SPECIES,krookodile,True,True,True,True,True,True
VANILLA_SPECIES,kubfu,True,True,True,True,True,True
VANILLA_SPECIES,kyogre,True,True,True,True,True,True
VANILLA_SPECIES,kyurem,True,True,True,True,True,True
VANILLA_SPECIES,lairon,True,True,True,True,True,True
VANILLA_SPECIES,lampent,True,True,True,True,True,True
VANILLA_SPECIES,landorus,False,False,False,False,False,False
VANILLA_SPECIES,lanturn,True,True,True,True,True,True
VANILLA_SPECIES,lapras,True,True,True,True,True,True
VANILLA_SPECIES,larvesta,True,True,True,True,True,True
VANILLA_SPECIES,larvitar,True,True,True,True,True,True
VANILLA_SPECIES,latias,True,True,True,True,True,True
VANILLA_SPECIES,latios,True,True,True,True,True,True
VANILLA_SPECIES,leafeon,True,True,True,True,True,True
VANILLA_SPECIES,leavanny,True,True,True,True,True,True
VANILLA_SPECIES,lechonk,True,True,True,True,True,True
VANILLA_SPECIES,ledian,True,True,True,True,True,True
VANILLA_SPECIES,ledyba,True,True,True,True,True,True
VANILLA_SPECIES,lickilicky,True,True,True,True,True,True
VANILLA_SPECIES,lickitung,True,True,True,True,True,True
VANILLA_SPECIES,liepard,True,True,True,True,True,True
VANILLA_SPECIES,lileep,True,True,True,True,True,True
VANILLA_SPECIES,lilligant,True,True,True,True,True,True
VANILLA_SPECIES,lillipup,True,True,True,True,True,True
VANILLA_SPECIES,linoone,True,True,True,True,True,True
VANILLA_SPECIES,litleo,True,True,True,True,True,True
VANILLA_SPECIES,litten,True,True,True,True,True,True
VANILLA_SPECIES,litwick,True,True,True,True,True,True
VANILLA_SPECIES,lokix,True,True,True,True,True,True
VANILLA_SPECIES,lombre,True,True,True,True,True,True
VANILLA_SPECIES,lopunny,True,True,True,True,True,True
VANILLA_SPECIES,lotad,True,True,True,True,True,True
VANILLA_SPECIES,loudred,True,True,True,True,True,True
VANILLA_SPECIES,lucario,True,True,True,True,True,True
VANILLA_SPECIES,ludicolo,True,True,True,True,True,True
VANILLA_SPECIES,lugia,True,True,True,True,True,True
VANILLA_SPECIES,lumineon,True,True,True,True,True,True
VANILLA_SPECIES,lunala,True,True,True,True,True,True
VANILLA_SPECIES,lunatone,True,True,True,True,True,True
VANILLA_SPECIES,lurantis,True,True,True,True,True,True
VANILLA_SPECIES,luvdisc,True,True,True,True,True,True
VANILLA_SPECIES,luxio,True,True,True,True,True,True
VANILLA_SPECIES,luxray,True,True,True,True,True,True
VANILLA_SPECIES,lycanroc,False,False,False,False,False,False
VANILLA_SPECIES,mabosstiff,True,True,True,True,True,True
VANILLA_SPECIES,machamp,True,True,True,True,True,True
VANILLA_SPECIES,machoke,True,True,True,True,True,True
VANILLA_SPECIES,machop,True,True,True,True,True,True
VANILLA_SPECIES,magby,True,True,True,True,True,True
VANILLA_SPECIES,magcargo,True,True,True,True,True,True
VANILLA_SPECIES,magearna,True,True,True,True,True,True
VANILLA_SPECIES,magikarp,True,True,True,True,True,True
VANILLA_SPECIES,magmar,True,True,True,True,True,True
VANILLA_SPECIES,magmortar,True,True,True,True,True,True
VANILLA_SPECIES,magnemite,True,True,True,True,True,True
VANILLA_SPECIES,magneton,True,True,True,True,True,True
VANILLA_SPECIES,magnezone,True,True,True,True,True,True
VANILLA_SPECIES,makuhita,True,True,True,True,True,True
VANILLA_SPECIES,malamar,True,True,True,True,True,True
VANILLA_SPECIES,mamoswine,True,True,True,True,True,True
VANILLA_SPECIES,manaphy,True,True,True,True,True,True
VANILLA_SPECIES,mandibuzz,True,True,True,True,True,True
VANILLA_SPECIES,manectric,True,True,True,True,True,True
VANILLA_SPECIES,mankey,True,True,True,True,True,True
VANILLA_SPECIES,mantine,True,True,True,True,True,True
VANILLA_SPECIES,mantyke,True,True,True,True,True,True
VANILLA_SPECIES,maractus,True,True,True,True,True,True
VANILLA_SPECIES,mareanie,True,True,True,True,True,True
VANILLA_SPECIES,mareep,True,True,True,True,True,True
VANILLA_SPECIES,marill,True,True,True,True,True,True
VANILLA_SPECIES,marowak,True,True,True,True,True,True
VANILLA_SPECIES,marshadow,True,True,True,True,True,True
VANILLA_SPECIES,marshtomp,True,True,True,True,True,True
VANILLA_SPECIES,maschiff,True,True,True,True,True,True
VANILLA_SPECIES,masquerain,True,True,True,True,True,True
VANILLA_SPECIES,maushold,False,False,False,False,False,False
VANILLA_SPECIES,mawile,True,True,True,True,True,True
VANILLA_SPECIES,medicham,True,True,True,True,True,True
VANILLA_SPECIES,meditite,True,True,True,True,True,True
VANILLA_SPECIES,meganium,True,True,True,True,True,True
VANILLA_SPECIES,melmetal,True,True,True,True,True,True
VANILLA_SPECIES,meloetta,False,False,False,False,False,False
VANILLA_SPECIES,meltan,True,True,True,True,True,True
VANILLA_SPECIES,meowscarada,True,True,True,True,True,True
VANILLA_SPECIES,meowstic,False,False,False,False,False,False
VANILLA_SPECIES,meowth,True,True,True,True,True,True
VANILLA_SPECIES,mesprit,True,True,True,True,True,True
VANILLA_SPECIES,metagross,True,True,True,True,True,True
VANILLA_SPECIES,metang,True,True,True,True,True,True
VANILLA_SPECIES,metapod,True,True,True,True,True,True
VANILLA_SPECIES,mew,True,True,True,True,True,True
VANILLA_SPECIES,mewtwo,True,True,True,True,True,True
VANILLA_SPECIES,mienfoo,True,True,True,True,True,True
VANILLA_SPECIES,mienshao,True,True,True,True,True,True
VANILLA_SPECIES,mightyena,True,True,True,True,True,True
VANILLA_SPECIES,milcery,True,True,True,True,True,True
VANILLA_SPECIES,milotic,True,True,True,True,True,True
VANILLA_SPECIES,miltank,True,True,True,True,True,True
VANILLA_SPECIES,mime-jr,True,True,True,True,True,True
VANILLA_SPECIES,mimikyu,False,False,False,False,False,False
VANILLA_SPECIES,minccino,True,True,True,True,True,True
VANILLA_SPECIES,minior,False,False,False,False,False,False
VANILLA_SPECIES,minun,True,True,True,True,True,True
VANILLA_SPECIES,miraidon,False,False,False,False,False,False
VANILLA_SPECIES,misdreavus,True,True,True,True,True,True
VANILLA_SPECIES,mismagius,True,True,True,True,True,True
VANILLA_SPECIES,moltres,True,True,True,True,True,True
VANILLA_SPECIES,monferno,True,True,True,True,True,True
VANILLA_SPECIES,morelull,True,True,True,True,True,True
VANILLA_SPECIES,morgrem,True,True,True,True,True,True
VANILLA_SPECIES,morpeko,False,False,False,False,False,False
VANILLA_SPECIES,mothim,False,False,False,False,False,False
VANILLA_SPECIES,mr-mime,True,True,True,True,True,True
VANILLA_SPECIES,mr-rime,True,True,True,True,True,True
VANILLA_SPECIES,mudbray,True,True,True,True,True,True
VANILLA_SPECIES,mudkip,True,True,True,True,True,True
VANILLA_SPECIES,mudsdale,True,True,True,True,True,True
VANILLA_SPECIES,muk,True,True,True,True,True,True
VANILLA_SPECIES,munchlax,True,True,True,True,True,True
VANILLA_SPECIES,munkidori,True,True,True,True,True,True
VANILLA_SPECIES,munna,True,True,True,True,True,True
VANILLA_SPECIES,murkrow,True,True,True,True,True,True
VANILLA_SPECIES,musharna,True,True,True,True,True,True
VANILLA_SPECIES,nacli,True,True,True,True,True,True
VANILLA_SPECIES,naclstack,True,True,True,True,True,True
VANILLA_SPECIES,naganadel,True,True,True,True,True,True
VANILLA_SPECIES,natu,True,True,True,True,True,True
VANILLA_SPECIES,necrozma,True,True,True,True,True,True
VANILLA_SPECIES,nickit,True,True,True,True,True,True
VANILLA_SPECIES,nidoking,True,True,True,True,True,True
VANILLA_SPECIES,nidoqueen,True,True,True,True,True,True
VANILLA_SPECIES,nidoran-f,True,True,True,True,True,True
VANILLA_SPECIES,nidoran-m,True,True,True,True,True,True
VANILLA_SPECIES,nidorina,True,True,True,True,True,True
VANILLA_SPECIES,nidorino,True,True,True,True,True,True
VANILLA_SPECIES,nihilego,True,True,True,True,True,True
VANILLA_SPECIES,nincada,True,True,True,True,True,True
VANILLA_SPECIES,ninetales,True,True,True,True,True,True
VANILLA_SPECIES,ninjask,True,True,True,True,True,True
VANILLA_SPECIES,noctowl,True,True,True,True,True,True
VANILLA_SPECIES,noibat,True,True,True,True,True,True
VANILLA_SPECIES,noivern,True,True,True,True,True,True
VANILLA_SPECIES,nosepass,True,True,True,True,True,True
VANILLA_SPECIES,numel,True,True,True,True,True,True
VANILLA_SPECIES,nuzleaf,True,True,True,True,True,True
VANILLA_SPECIES,nymble,True,True,True,True,True,True
VANILLA_SPECIES,obstagoon,True,True,True,True,True,True
VANILLA_SPECIES,octillery,True,True,True,True,True,True
VANILLA_SPECIES,oddish,True,True,True,True,True,True
VANILLA_SPECIES,ogerpon,True,True,True,True,True,True
VANILLA_SPECIES,oinkologne,False,False,False,False,False,False
VANILLA_SPECIES,okidogi,True,True,True,True,True,True
VANILLA_SPECIES,omanyte,True,True,True,True,True,True
VANILLA_SPECIES,omastar,True,True,True,True,True,True
VANILLA_SPECIES,onix,True,True,True,True,True,True
VANILLA_SPECIES,oranguru,True,True,True,True,True,True
VANILLA_SPECIES,orbeetle,True,True,True,True,True,True
VANILLA_SPECIES,oricorio,False,False,False,False,False,False
VANILLA_SPECIES,orthworm,True,True,True,True,True,True
VANILLA_SPECIES,oshawott,True,True,True,True,True,True
VANILLA_SPECIES,overqwil,True,True,True,True,True,True
VANILLA_SPECIES,pachirisu,True,True,True,True,True,True
VANILLA_SPECIES,palafin,False,False,False,False,False,False
VANILLA_SPECIES,palkia,True,True,True,True,True,True
VANILLA_SPECIES,palossand,True,True,True,True,True,True
VANILLA_SPECIES,palpitoad,True,True,True,True,True,True
VANILLA_SPECIES,pancham,True,True,True,True,True,True
VANILLA_SPECIES,pangoro,True,True,True,True,True,True
VANILLA_SPECIES,panpour,True,True,True,True,True,True
VANILLA_SPECIES,pansage,True,True,True,True,True,True
VANILLA_SPECIES,pansear,True,True,True,True,True,True
VANILLA_SPECIES,paras,True,True,True,True,True,True
VANILLA_SPECIES,parasect,True,True,True,True,True,True
VANILLA_SPECIES,passimian,True,True,True,True,True,True
VANILLA_SPECIES,patrat,True,True,True,True,True,True
VANILLA_SPECIES,pawmi,True,True,True,True,True,True
VANILLA_SPECIES,pawmo,True,True,True,True,True,True
VANILLA_SPECIES,pawmot,True,True,True,True,True,True
VANILLA_SPECIES,pawniard,True,True,True,True,True,True
VANILLA_SPECIES,pecharunt,True,True,True,True,True,True
VANILLA_SPECIES,pelipper,True,True,True,True,True,True
VANILLA_SPECIES,perrserker,True,True,True,True,True,True
VANILLA_SPECIES,persian,True,True,True,True,True,True
VANILLA_SPECIES,petilil,True,True,True,True,True,True
VANILLA_SPECIES,phanpy,True,True,True,True,True,True
VANILLA_SPECIES,phantump,True,True,True,True,True,True
VANILLA_SPECIES,pheromosa,True,True,True,True,True,True
VANILLA_SPECIES,phione,True,True,True,True,True,True
VANILLA_SPECIES,pichu,True,True,True,True,True,True
VANILLA_SPECIES,pidgeot,True,True,True,True,True,True
VANILLA_SPECIES,pidgeotto,True,True,True,True,True,True
VANILLA_SPECIES,pidgey,True,True,True,True,True,True
VANILLA_SPECIES,pidove,True,True,True,True,True,True
VANILLA_SPECIES,pignite,True,True,True,True,True,True
VANILLA_SPECIES,pikachu,True,True,True,True,True,True
VANILLA_SPECIES,pikipek,True,True,True,True,True,True
VANILLA_SPECIES,piloswine,True,True,True,True,True,True
VANILLA_SPECIES,pincurchin,True,True,True,True,True,True
VANILLA_SPECIES,pineco,True,True,True,True,True,True
VANILLA_SPECIES,pinsir,True,True,True,True,True,True
VANILLA_SPECIES,piplup,True,True,True,True,True,True
VANILLA_SPECIES,plusle,True,True,True,True,True,True
VANILLA_SPECIES,poipole,True,True,True,True,True,True
VANILLA_SPECIES,politoed,True,True,True,True,True,True
VANILLA_SPECIES,poliwag,True,True,True,True,True,True
VANILLA_SPECIES,poliwhirl,True,True,True,True,True,True
VANILLA_SPECIES,poliwrath,True,True,True,True,True,True
VANILLA_SPECIES,poltchageist,False,False,False,False,False,False
VANILLA_SPECIES,polteageist,False,False,False,False,False,False
VANILLA_SPECIES,ponyta,True,True,True,True,True,True
VANILLA_SPECIES,poochyena,True,True,True,True,True,True
VANILLA_SPECIES,popplio,True,True,True,True,True,True
VANILLA_SPECIES,porygon,True,True,True,True,True,True
VANILLA_SPECIES,porygon-z,True,True,True,True,True,True
VANILLA_SPECIES,porygon2,True,True,True,True,True,True
VANILLA_SPECIES,primarina,True,True,True,True,True,True
VANILLA_SPECIES,primeape,True,True,True,True,True,True
VANILLA_SPECIES,prinplup,True,True,True,True,True,True
VANILLA_SPECIES,probopass,True,True,True,True,True,True
VANILLA_SPECIES,psyduck,True,True,True,True,True,True
VANILLA_SPECIES,pumpkaboo,False,False,False,False,False,False
VANILLA_SPECIES,pupitar,True,True,True,True,True,True
VANILLA_SPECIES,purrloin,True,True,True,True,True,True
VANILLA_SPECIES,purugly,True,True,True,True,True,True
VANILLA_SPECIES,pyroar,False,False,False,False,False,False
VANILLA_SPECIES,pyukumuku,True,True,True,True,True,True
VANILLA_SPECIES,quagsire,True,True,True,True,True,True
VANILLA_SPECIES,quaquaval,True,True,True,True,True,True
VANILLA_SPECIES,quaxly,True,True,True,True,True,True
VANILLA_SPECIES,quaxwell,True,True,True,True,True,True
VANILLA_SPECIES,quilava,True,True,True,True,True,True
VANILLA_SPECIES,quilladin,True,True,True,True,True,True
VANILLA_SPECIES,qwilfish,True,True,True,True,True,True
VANILLA_SPECIES,raboot,True,True,True,True,True,True
VANILLA_SPECIES,rabsca,True,True,True,True,True,True
VANILLA_SPECIES,raging-bolt,True,True,True,True,True,True
VANILLA_SPECIES,raichu,True,True,True,True,True,True
VANILLA_SPECIES,raikou,True,True,True,True,True,True
VANILLA_SPECIES,ralts,True,True,True,True,True,True
VANILLA_SPECIES,rampardos,True,True,True,True,True,True
VANILLA_SPECIES,rapidash,True,True,True,True,True,True
VANILLA_SPECIES,raticate,True,True,True,True,True,True
VANILLA_SPECIES,rattata,True,True,True,True,True,True
VANILLA_SPECIES,rayquaza,True,True,True,True,True,True
VANILLA_SPECIES,regice,True,True,True,True,True,True
VANILLA_SPECIES,regidrago,True,True,True,True,True,True
VANILLA_SPECIES,regieleki,True,True,True,True,True,True
VANILLA_SPECIES,regigigas,True,True,True,True,True,True
VANILLA_SPECIES,regirock,True,True,True,True,True,True
VANILLA_SPECIES,registeel,True,True,True,True,True,True
VANILLA_SPECIES,relicanth,True,True,True,True,True,True
VANILLA_SPECIES,rellor,True,True,True,True,True,True
VANILLA_SPECIES,remoraid,True,True,True,True,True,True
VANILLA_SPECIES,reshiram,True,True,True,True,True,True
VANILLA_SPECIES,reuniclus,True,True,True,True,True,True
VANILLA_SPECIES,revavroom,True,True,True,True,True,True
VANILLA_SPECIES,rhydon,True,True,True,True,True,True
VANILLA_SPECIES,rhyhorn,True,True,True,True,True,True
VANILLA_SPECIES,rhyperior,True,True,True,True,True,True
VANILLA_SPECIES,ribombee,True,True,True,True,True,True
VANILLA_SPECIES,rillaboom,True,True,True,True,True,True
VANILLA_SPECIES,riolu,True,True,True,True,True,True
VANILLA_SPECIES,roaring-moon,True,True,True,True,True,True
VANILLA_SPECIES,rockruff,True,True,True,True,True,True
VANILLA_SPECIES,roggenrola,True,True,True,True,True,True
VANILLA_SPECIES,rolycoly,True,True,True,True,True,True
VANILLA_SPECIES,rookidee,True,True,True,True,True,True
VANILLA_SPECIES,roselia,True,True,True,True,True,True
VANILLA_SPECIES,roserade,True,True,True,True,True,True
VANILLA_SPECIES,rotom,True,True,True,True,True,True
VANILLA_SPECIES,rowlet,True,True,True,True,True,True
VANILLA_SPECIES,rufflet,True,True,True,True,True,True
VANILLA_SPECIES,runerigus,True,True,True,True,True,True
VANILLA_SPECIES,sableye,True,True,True,True,True,True
VANILLA_SPECIES,salamence,True,True,True,True,True,True
VANILLA_SPECIES,salandit,True,True,True,True,True,True
VANILLA_SPECIES,salazzle,True,True,True,True,True,True
VANILLA_SPECIES,samurott,True,True,True,True,True,True
VANILLA_SPECIES,sandaconda,True,True,True,True,True,True
VANILLA_SPECIES,sandile,True,True,True,True,True,True
VANILLA_SPECIES,sandshrew,True,True,True,True,True,True
VANILLA_SPECIES,sandslash,True,True,True,True,True,True
VANILLA_SPECIES,sandy-shocks,True,True,True,True,True,True
VANILLA_SPECIES,sandygast,True,True,True,True,True,True
VANILLA_SPECIES,sawk,True,True,True,True,True,True
VANILLA_SPECIES,sawsbuck,False,False,False,False,False,False
VANILLA_SPECIES,scatterbug,False,False,False,False,False,False
VANILLA_SPECIES,sceptile,True,True,True,True,True,True
VANILLA_SPECIES,scizor,True,True,True,True,True,True
VANILLA_SPECIES,scolipede,True,True,True,True,True,True
VANILLA_SPECIES,scorbunny,True,True,True,True,True,True
VANILLA_SPECIES,scovillain,True,True,True,True,True,True
VANILLA_SPECIES,scrafty,True,True,True,True,True,True
VANILLA_SPECIES,scraggy,True,True,True,True,True,True
VANILLA_SPECIES,scream-tail,True,True,True,True,True,True
VANILLA_SPECIES,scyther,True,True,True,True,True,True
VANILLA_SPECIES,seadra,True,True,True,True,True,True
VANILLA_SPECIES,seaking,True,True,True,True,True,True
VANILLA_SPECIES,sealeo,True,True,True,True,True,True
VANILLA_SPECIES,seedot,True,True,True,True,True,True
VANILLA_SPECIES,seel,True,True,True,True,True,True
VANILLA_SPECIES,seismitoad,True,True,True,True,True,True
VANILLA_SPECIES,sentret,True,True,True,True,True,True
VANILLA_SPECIES,serperior,True,True,True,True,True,True
VANILLA_SPECIES,servine,True,True,True,True,True,True
VANILLA_SPECIES,seviper,True,True,True,True,True,True
VANILLA_SPECIES,sewaddle,True,True,True,True,True,True
VANILLA_SPECIES,sharpedo,True,True,True,True,True,True
VANILLA_SPECIES,shaymin,False,False,False,False,False,False
VANILLA_SPECIES,shedinja,True,True,True,True,True,True
VANILLA_SPECIES,shelgon,True,True,True,True,True,True
VANILLA_SPECIES,shellder,True,True,True,True,True,True
VANILLA_SPECIES,shellos,False,False,False,False,False,False
VANILLA_SPECIES,shelmet,True,True,True,True,True,True
VANILLA_SPECIES,shieldon,True,True,True,True,True,True
VANILLA_SPECIES,shiftry,True,True,True,True,True,True
VANILLA_SPECIES,shiinotic,True,True,True,True,True,True
VANILLA_SPECIES,shinx,True,True,True,True,True,True
VANILLA_SPECIES,shroodle,True,True,True,True,True,True
VANILLA_SPECIES,shroomish,True,True,True,True,True,True
VANILLA_SPECIES,shuckle,True,True,True,True,True,True
VANILLA_SPECIES,shuppet,True,True,True,True,True,True
VANILLA_SPECIES,sigilyph,True,True,True,True,True,True
VANILLA_SPECIES,silcoon,True,True,True,True,True,True
VANILLA_SPECIES,silicobra,True,True,True,True,True,True
VANILLA_SPECIES,silvally,False,False,False,False,False,False
VANILLA_SPECIES,simipour,True,True,True,True,True,True
VANILLA_SPECIES,simisage,True,True,True,True,True,True
VANILLA_SPECIES,simisear,True,True,True,True,True,True
VANILLA_SPECIES,sinistcha,False,False,False,False,False,False
VANILLA_SPECIES,sinistea,False,False,False,False,False,False
VANILLA_SPECIES,sirfetchd,True,True,True,True,True,True
VANILLA_SPECIES,sizzlipede,True,True,True,True,True,True
VANILLA_SPECIES,skarmory,True,True,True,True,True,True
VANILLA_SPECIES,skeledirge,True,True,True,True,True,True
VANILLA_SPECIES,skiddo,True,True,True,True,True,True
VANILLA_SPECIES,skiploom,True,True,True,True,True,True
VANILLA_SPECIES,skitty,True,True,True,True,True,True
VANILLA_SPECIES,skorupi,True,True,True,True,True,True
VANILLA_SPECIES,skrelp,True,True,True,True,True,True
VANILLA_SPECIES,skuntank,True,True,True,True,True,True
VANILLA_SPECIES,skwovet,True,True,True,True,True,True
VANILLA_SPECIES,slaking,True,True,True,True,True,True
VANILLA_SPECIES,slakoth,True,True,True,True,True,True
VANILLA_SPECIES,sliggoo,True,True,True,True,True,True
VANILLA_SPECIES,slither-wing,True,True,True,True,True,True
VANILLA_SPECIES,slowbro,True,True,True,True,True,True
VANILLA_SPECIES,slowking,True,True,True,True,True,True
VANILLA_SPECIES,slowpoke,True,True,True,True,True,True
VANILLA_SPECIES,slugma,True,True,True,True,True,True
VANILLA_SPECIES,slurpuff,True,True,True,True,True,True
VANILLA_SPECIES,smeargle,True,True,True,True,True,True
VANILLA_SPECIES,smoliv,True,True,True,True,True,True
VANILLA_SPECIES,smoochum,True,True,True,True,True,True
VANILLA_SPECIES,sneasel,True,True,True,True,True,True
VANILLA_SPECIES,sneasler,True,True,True,True,True,True
VANILLA_SPECIES,snivy,True,True,True,True,True,True
VANILLA_SPECIES,snom,True,True,True,True,True,True
VANILLA_SPECIES,snorlax,True,True,True,True,True,True
VANILLA_SPECIES,snorunt,True,True,True,True,True,True
VANILLA_SPECIES,snover,True,True,True,True,True,True
VANILLA_SPECIES,snubbull,True,True,True,True,True,True
VANILLA_SPECIES,sobble,True,True,True,True,True,True
VANILLA_SPECIES,solgaleo,True,True,True,True,True,True
VANILLA_SPECIES,solosis,True,True,True,True,True,True
VANILLA_SPECIES,solrock,True,True,True,True,True,True
VANILLA_SPECIES,spearow,True,True,True,True,True,True
VANILLA_SPECIES,spectrier,True,True,True,True,True,True
VANILLA_SPECIES,spewpa,False,False,False,False,False,False
VANILLA_SPECIES,spheal,True,True,True,True,True,True
VANILLA_SPECIES,spidops,True,True,True,True,True,True
VANILLA_SPECIES,spinarak,True,True,True,True,True,True
VANILLA_SPECIES,spinda,True,True,True,True,True,True
VANILLA_SPECIES,spiritomb,True,True,True,True,True,True
VANILLA_SPECIES,spoink,True,True,True,True,True,True
VANILLA_SPECIES,sprigatito,True,True,True,True,True,True
VANILLA_SPECIES,spritzee,True,True,True,True,True,True
VANILLA_SPECIES,squawkabilly,False,False,False,False,False,False
VANILLA_SPECIES,squirtle,True,True,True,True,True,True
VANILLA_SPECIES,stakataka,True,True,True,True,True,True
VANILLA_SPECIES,stantler,True,True,True,True,True,True
VANILLA_SPECIES,staraptor,True,True,True,True,True,True
VANILLA_SPECIES,staravia,True,True,True,True,True,True
VANILLA_SPECIES,starly,True,True,True,True,True,True
VANILLA_SPECIES,starmie,True,True,True,True,True,True
VANILLA_SPECIES,staryu,True,True,True,True,True,True
VANILLA_SPECIES,steelix,True,True,True,True,True,True
VANILLA_SPECIES,steenee,True,True,True,True,True,True
VANILLA_SPECIES,stonjourner,True,True,True,True,True,True
VANILLA_SPECIES,stoutland,True,True,True,True,True,True
VANILLA_SPECIES,stufful,True,True,True,True,True,True
VANILLA_SPECIES,stunfisk,True,True,True,True,True,True
VANILLA_SPECIES,stunky,True,True,True,True,True,True
VANILLA_SPECIES,sudowoodo,True,True,True,True,True,True
VANILLA_SPECIES,suicune,True,True,True,True,True,True
VANILLA_SPECIES,sunflora,True,True,True,True,True,True
VANILLA_SPECIES,sunkern,True,True,True,True,True,True
VANILLA_SPECIES,surskit,True,True,True,True,True,True
VANILLA_SPECIES,swablu,True,True,True,True,True,True
VANILLA_SPECIES,swadloon,True,True,True,True,True,True
VANILLA_SPECIES,swalot,True,True,True,True,True,True
VANILLA_SPECIES,swampert,True,True,True,True,True,True
VANILLA_SPECIES,swanna,True,True,True,True,True,True
VANILLA_SPECIES,swellow,True,True,True,True,True,True
VANILLA_SPECIES,swinub,True,True,True,True,True,True
VANILLA_SPECIES,swirlix,True,True,True,True,True,True
VANILLA_SPECIES,swoobat,True,True,True,True,True,True
VANILLA_SPECIES,sylveon,True,True,True,True,True,True
VANILLA_SPECIES,tadbulb,True,True,True,True,True,True
VANILLA_SPECIES,taillow,True,True,True,True,True,True
VANILLA_SPECIES,talonflame,True,True,True,True,True,True
VANILLA_SPECIES,tandemaus,True,True,True,True,True,True
VANILLA_SPECIES,tangela,True,True,True,True,True,True
VANILLA_SPECIES,tangrowth,True,True,True,True,True,True
VANILLA_SPECIES,tapu-bulu,True,True,True,True,True,True
VANILLA_SPECIES,tapu-fini,True,True,True,True,True,True
VANILLA_SPECIES,tapu-koko,True,True,True,True,True,True
VANILLA_SPECIES,tapu-lele,True,True,True,True,True,True
VANILLA_SPECIES,tarountula,True,True,True,True,True,True
VANILLA_SPECIES,tatsugiri,False,False,False,False,False,False
VANILLA_SPECIES,tauros,True,True,True,True,True,True
VANILLA_SPECIES,teddiursa,True,True,True,True,True,True
VANILLA_SPECIES,tentacool,True,True,True,True,True,True
VANILLA_SPECIES,tentacruel,True,True,True,True,True,True
VANILLA_SPECIES,tepig,True,True,True,True,True,True
VANILLA_SPECIES,terapagos,True,True,True,True,True,True
VANILLA_SPECIES,terrakion,True,True,True,True,True,True
VANILLA_SPECIES,thievul,True,True,True,True,True,True
VANILLA_SPECIES,throh,True,True,True,True,True,True
VANILLA_SPECIES,thundurus,False,False,False,False,False,False
VANILLA_SPECIES,thwackey,True,True,True,True,True,True
VANILLA_SPECIES,timburr,True,True,True,True,True,True
VANILLA_SPECIES,ting-lu,True,True,True,True,True,True
VANILLA_SPECIES,tinkatink,True,True,True,True,True,True
VANILLA_SPECIES,tinkaton,True,True,True,True,True,True
VANILLA_SPECIES,tinkatuff,True,True,True,True,True,True
VANILLA_SPECIES,tirtouga,True,True,True,True,True,True
VANILLA_SPECIES,toedscool,True,True,True,True,True,True
VANILLA_SPECIES,toedscruel,True,True,True,True,True,True
VANILLA_SPECIES,togedemaru,True,True,True,True,True,True
VANILLA_SPECIES,togekiss,True,True,True,True,True,True
VANILLA_SPECIES,togepi,True,True,True,True,True,True
VANILLA_SPECIES,togetic,True,True,True,True,True,True
VANILLA_SPECIES,torchic,True,True,True,True,True,True
VANILLA_SPECIES,torkoal,True,True,True,True,True,True
VANILLA_SPECIES,tornadus,False,False,False,False,False,False
VANILLA_SPECIES,torracat,True,True,True,True,True,True
VANILLA_SPECIES,torterra,True,True,True,True,True,True
VANILLA_SPECIES,totodile,True,True,True,True,True,True
VANILLA_SPECIES,toucannon,True,True,True,True,True,True
VANILLA_SPECIES,toxapex,True,True,True,True,True,True
VANILLA_SPECIES,toxel,True,True,True,True,True,True
VANILLA_SPECIES,toxicroak,True,True,True,True,True,True
VANILLA_SPECIES,toxtricity,False,False,False,False,False,False
VANILLA_SPECIES,tranquill,True,True,True,True,True,True
VANILLA_SPECIES,trapinch,True,True,True,True,True,True
VANILLA_SPECIES,treecko,True,True,True,True,True,True
VANILLA_SPECIES,trevenant,True,True,True,True,True,True
VANILLA_SPECIES,tropius,True,True,True,True,True,True
VANILLA_SPECIES,trubbish,True,True,True,True,True,True
VANILLA_SPECIES,trumbeak,True,True,True,True,True,True
VANILLA_SPECIES,tsareena,True,True,True,True,True,True
VANILLA_SPECIES,turtonator,True,True,True,True,True,True
VANILLA_SPECIES,turtwig,True,True,True,True,True,True
VANILLA_SPECIES,tympole,True,True,True,True,True,True
VANILLA_SPECIES,tynamo,True,True,True,True,True,True
VANILLA_SPECIES,type-null,True,True,True,True,True,True
VANILLA_SPECIES,typhlosion,True,True,True,True,True,True
VANILLA_SPECIES,tyranitar,True,True,True,True,True,True
VANILLA_SPECIES,tyrantrum,True,True,True,True,True,True
VANILLA_SPECIES,tyrogue,True,True,True,True,True,True
VANILLA_SPECIES,tyrunt,True,True,True,True,True,True
VANILLA_SPECIES,umbreon,True,True,True,True,True,True
VANILLA_SPECIES,unfezant,True,True,True,True,True,True
VANILLA_SPECIES,unown,False,False,False,False,False,False
VANILLA_SPECIES,ursaluna,True,True,True,True,True,True
VANILLA_SPECIES,ursaring,True,True,True,True,True,True
VANILLA_SPECIES,urshifu,False,False,False,False,False,False
VANILLA_SPECIES,uxie,True,True,True,True,True,True
VANILLA_SPECIES,vanillish,True,True,True,True,True,True
VANILLA_SPECIES,vanillite,True,True,True,True,True,True
VANILLA_SPECIES,vanilluxe,True,True,True,True,True,True
VANILLA_SPECIES,vaporeon,True,True,True,True,True,True
VANILLA_SPECIES,varoom,True,True,True,True,True,True
VANILLA_SPECIES,veluza,True,True,True,True,True,True
VANILLA_SPECIES,venipede,True,True,True,True,True,True
VANILLA_SPECIES,venomoth,True,True,True,True,True,True
VANILLA_SPECIES,venonat,True,True,True,True,True,True
VANILLA_SPECIES,venusaur,True,True,True,True,True,True
VANILLA_SPECIES,vespiquen,True,True,True,True,True,True
VANILLA_SPECIES,vibrava,True,True,True,True,True,True
VANILLA_SPECIES,victini,True,True,True,True,True,True
VANILLA_SPECIES,victreebel,True,True,True,True,True,True
VANILLA_SPECIES,vigoroth,True,True,True,True,True,True
VANILLA_SPECIES,vikavolt,True,True,True,True,True,True
VANILLA_SPECIES,vileplume,True,True,True,True,True,True
VANILLA_SPECIES,virizion,True,True,True,True,True,True
VANILLA_SPECIES,vivillon,False,False,False,False,False,False
VANILLA_SPECIES,volbeat,True,True,True,True,True,True
VANILLA_SPECIES,volcanion,True,True,True,True,True,True
VANILLA_SPECIES,volcarona,True,True,True,True,True,True
VANILLA_SPECIES,voltorb,True,True,True,True,True,True
VANILLA_SPECIES,vullaby,True,True,True,True,True,True
VANILLA_SPECIES,vulpix,True,True,True,True,True,True
VANILLA_SPECIES,wailmer,True,True,True,True,True,True
VANILLA_SPECIES,wailord,True,True,True,True,True,True
VANILLA_SPECIES,walking-wake,True,True,True,True,True,True
VANILLA_SPECIES,walrein,True,True,True,True,True,True
VANILLA_SPECIES,wartortle,True,True,True,True,True,True
VANILLA_SPECIES,watchog,True,True,True,True,True,True
VANILLA_SPECIES,wattrel,True,True,True,True,True,True
VANILLA_SPECIES,weavile,True,True,True,True,True,True
VANILLA_SPECIES,weedle,True,True,True,True,True,True
VANILLA_SPECIES,weepinbell,True,True,True,True,True,True
VANILLA_SPECIES,weezing,True,True,True,True,True,True
VANILLA_SPECIES,whimsicott,True,True,True,True,True,True
VANILLA_SPECIES,whirlipede,True,True,True,True,True,True
VANILLA_SPECIES,whiscash,True,True,True,True,True,True
VANILLA_SPECIES,whismur,True,True,True,True,True,True
VANILLA_SPECIES,wigglytuff,True,True,True,True,True,True
VANILLA_SPECIES,wiglett,True,True,True,True,True,True
VANILLA_SPECIES,wimpod,True,True,True,True,True,True
VANILLA_SPECIES,wingull,True,True,True,True,True,True
VANILLA_SPECIES,wishiwashi,False,False,False,False,False,False
VANILLA_SPECIES,wo-chien,True,True,True,True,True,True
VANILLA_SPECIES,wobbuffet,True,True,True,True,True,True
VANILLA_SPECIES,woobat,True,True,True,True,True,True
VANILLA_SPECIES,wooloo,True,True,True,True,True,True
VANILLA_SPECIES,wooper,True,True,True,True,True,True
VANILLA_SPECIES,wormadam,False,False,False,False,False,False
VANILLA_SPECIES,wugtrio,True,True,True,True,True,True
VANILLA_SPECIES,wurmple,True,True,True,True,True,True
VANILLA_SPECIES,wynaut,True,True,True,True,True,True
VANILLA_SPECIES,wyrdeer,True,True,True,True,True,True
VANILLA_SPECIES,xatu,True,True,True,True,True,True
VANILLA_SPECIES,xerneas,False,False,False,False,False,False
VANILLA_SPECIES,xurkitree,True,True,True,True,True,True
VANILLA_SPECIES,yamask,True,True,True,True,True,True
VANILLA_SPECIES,yamper,True,True,True,True,True,True
VANILLA_SPECIES,yanma,True,True,True,True,True,True
VANILLA_SPECIES,yanmega,True,True,True,True,True,True
VANILLA_SPECIES,yungoos,True,True,True,True,True,True
VANILLA_SPECIES,yveltal,True,True,True,True,True,True
VANILLA_SPECIES,zacian,True,True,True,True,True,True
VANILLA_SPECIES,zamazenta,True,True,True,True,True,True
VANILLA_SPECIES,zangoose,True,True,True,True,True,True
VANILLA_SPECIES,zapdos,True,True,True,True,True,True
VANILLA_SPECIES,zarude,True,True,True,True,True,True
VANILLA_SPECIES,zebstrika,True,True,True,True,True,True
VANILLA_SPECIES,zekrom,True,True,True,True,True,True
VANILLA_SPECIES,zeraora,True,True,True,True,True,True
VANILLA_SPECIES,zigzagoon,True,True,True,True,True,True
VANILLA_SPECIES,zoroark,True,True,True,True,True,True
VANILLA_SPECIES,zorua,True,True,True,True,True,True
VANILLA_SPECIES,zubat,True,True,True,True,True,True
VANILLA_SPECIES,zweilous,True,True,True,True,True,True
VANILLA_SPECIES,zygarde,False,False,False,False,False,False
MEGA,abomasnow-mega,True,True,True,True,True,True
MEGA,absol-mega,True,True,True,True,True,True
MEGA,absol-mega-z,True,True,True,True,True,True
MEGA,aerodactyl-mega,True,True,True,True,True,True
MEGA,aggron-mega,True,True,True,True,True,True
MEGA,alakazam-mega,True,True,True,True,True,True
MEGA,altaria-mega,True,True,True,True,True,True
MEGA,ampharos-mega,True,True,True,True,True,True
MEGA,audino-mega,True,True,True,True,True,True
MEGA,back-glalie-mega,False,False,False,False,False,False
MEGA,back-zygarde-mega,False,False,False,False,False,False
MEGA,banette-mega,True,True,True,True,True,True
MEGA,barbaracle-mega,True,True,True,True,True,True
MEGA,baxcalibur-mega,True,True,True,True,True,True
MEGA,beedrill-mega,True,True,True,True,True,True
MEGA,blastoise-mega,True,True,True,True,True,True
MEGA,blaziken-mega,True,True,True,True,True,True
MEGA,camerupt-mega,True,True,True,True,True,True
MEGA,chandelure-mega,True,True,True,True,True,True
MEGA,charizard-mega-x,True,True,True,True,True,True
MEGA,charizard-mega-y,True,True,True,True,True,True
MEGA,chesnaught-mega,True,True,True,True,True,True
MEGA,chimecho-mega,True,True,True,True,True,True
MEGA,clefable-mega,True,True,True,True,True,True
MEGA,crabominable-mega,False,False,False,False,True,False
MEGA,darkrai-mega,True,True,True,True,True,True
MEGA,delphox-mega,True,True,True,True,True,True
MEGA,diancie-mega,True,True,True,True,True,True
MEGA,dragalge-mega,True,True,True,True,True,True
MEGA,dragonite-mega,True,True,True,True,True,True
MEGA,drampa-mega,True,True,True,True,True,True
MEGA,eelektross-mega,False,False,False,False,True,False
MEGA,emboar-mega,False,False,False,False,True,False
MEGA,excadrill-mega,True,True,True,True,True,True
MEGA,falinks-mega,True,True,True,True,True,True
MEGA,feraligatr-mega,True,True,True,True,True,True
MEGA,floette-mega,True,True,True,True,True,True
MEGA,froslass-mega,True,True,True,True,True,True
MEGA,gallade-mega,True,True,True,True,True,True
MEGA,garchomp-mega,True,True,True,True,True,True
MEGA,garchomp-mega-z,False,False,False,False,True,False
MEGA,gardevoir-mega,True,True,True,True,True,True
MEGA,gengar-mega,True,True,True,True,True,True
MEGA,glalie-mega,True,True,True,True,True,True
MEGA,glimmora-mega,True,True,True,True,True,True
MEGA,golisopod-mega,True,True,True,True,True,True
MEGA,golurk-mega,False,False,False,False,True,False
MEGA,greninja-mega,True,True,True,True,True,True
MEGA,gyarados-mega,True,True,True,True,True,True
MEGA,hawlucha-mega,True,True,True,True,True,True
MEGA,heatran-mega,True,True,True,True,True,True
MEGA,heracross-mega,True,True,True,True,True,True
MEGA,houndoom-mega,True,True,True,True,True,True
MEGA,kangaskhan-mega,True,True,True,True,True,True
MEGA,latias-mega,True,True,True,True,True,True
MEGA,latios-mega,True,True,True,True,True,True
MEGA,lopunny-mega,True,True,True,True,True,True
MEGA,lucario-mega,True,True,True,True,True,True
MEGA,lucario-mega-z,True,True,True,True,True,True
MEGA,magearna-mega,False,False,False,False,False,False
MEGA,magearna-original-mega,False,False,False,False,False,False
MEGA,malamar-mega,True,True,True,True,True,True
MEGA,manectric-mega,True,True,True,True,True,True
MEGA,mawile-mega,True,True,True,True,True,True
MEGA,medicham-mega,True,True,True,True,True,True
MEGA,meganium,True,True,True,True,True,True
MEGA,meganium-mega,True,True,True,True,True,True
MEGA,meowstic-female-mega,False,False,False,False,False,False
MEGA,meowstic-male-mega,False,False,False,False,False,False
MEGA,meowstic-mega,True,True,True,True,True,True
MEGA,metagross-mega,True,True,True,True,True,True
MEGA,mewtwo-mega-x,True,True,True,True,True,True
MEGA,mewtwo-mega-y,True,True,True,True,True,True
MEGA,pidgeot-mega,True,True,True,True,True,True
MEGA,pinsir-mega,True,True,True,True,True,True
MEGA,pyroar-mega,True,True,True,True,True,True
MEGA,raichu-mega-x,True,True,True,True,True,True
MEGA,raichu-mega-y,False,False,False,False,True,False
MEGA,rayquaza-mega,True,True,True,True,True,True
MEGA,sableye-mega,True,True,True,True,True,True
MEGA,salamence-mega,True,True,True,True,True,True
MEGA,sceptile-mega,True,True,True,True,True,True
MEGA,scizor-mega,True,True,True,True,True,True
MEGA,scolipede-mega,True,True,True,True,True,True
MEGA,scovillain-mega,True,True,True,True,True,True
MEGA,scrafty-mega,True,True,True,True,True,True
MEGA,sharpedo-mega,True,True,True,True,True,True
MEGA,skarmory-mega,True,True,True,True,True,True
MEGA,slowbro-mega,True,True,True,True,True,True
MEGA,staraptor-mega,True,True,True,True,True,True
MEGA,starmie-mega,True,True,True,True,True,True
MEGA,steelix-mega,True,True,True,True,True,True
MEGA,swampert-mega,True,True,True,True,True,True
MEGA,tatsugiri-curly-mega,False,False,False,False,False,False
MEGA,tatsugiri-droopy-mega,False,False,False,False,False,False
MEGA,tatsugiri-stretchy-mega,False,False,False,False,False,False
MEGA,tyranitar-mega,True,True,True,True,True,True
MEGA,venusaur-mega,True,True,True,True,True,True
MEGA,victreebel-mega,True,True,True,True,True,True
MEGA,yanmega,True,True,True,True,True,True
MEGA,zeraora-mega,True,True,True,True,True,True
MEGA,zygarde-mega,True,True,True,True,True,True
