"identity","type1","type2","decision","note"
"butterfree-alternate-form-1","Bug","Fairy","approve","Mega maybe "
"pidgey-alternate-form-2","Ice","Flying","reject",""
"pidgeotto-alternate-form-2","Ice","Flying","reject",""
"pidgeot-alternate-form-2","Ice","Flying","reject",""
"pidgeot-mega-alternate-form-3","Ice","Flying","reject",""
"vulpix-alternate-form-2","Fire","Ice","maybe","No ninetails"
"poliwag-alternate-form-1","Ground","","approve",""
"poliwhirl-alternate-form-1","Ground","","approve",""
"poliwrath-alternate-form-1","Ground","Fighting","approve",""
"politoed-alternate-form-1","Ground","Psychic","approve",""
"geodude-bluetowel-alternate-forms-form-2","Rock","Fire","approve",""
"graveler-bluetowel-alternate-forms-form-2","Rock","Fire","approve",""
"golem-bluetowel-alternate-forms-form-2","Rock","Fire","approve",""
"hypno-alternate-form-2","Psychic","Fighting","reject",""
"koffing-bluetowel-alternate-forms-form-2","Poison","Steel","approve",""
"weezing-bluetowel-alternate-forms-form-2","Poison","Steel","approve",""
"staryu-alternate-form-1","Rock","Fire","approve",""
"starmie-alternate-form-1","Rock","Fire","approve",""
"flareon-alternate-form-3","Fire","Psychic","approve","Swap shiny and regular "
"leafeon-alternate-form-3","Grass","Dark","approve","Swap shiny and regular "
"glaceon-alternate-form-3","Ice","Ground","approve","Swap shiny and regular "
"sylveon-alternate-form-3","Fairy","Steel","reject",""
"dragonite-alternate-form-1","Dragon","Electric","approve","Swap shiny and regular "
"feraligatr-alternate-form-1","Ground","Dark","approve",""
"hoothoot-alternate-form-1","Water","Ghost","approve",""
"ampharos-alternate-form-2","Electric","Dragon","reject",""
"ampharos-alternate-mega-form-3","Electric","Dragon","approve","Mega maybe"
"sunflora-alternate-form-1","Grass","Fire","approve",""
"misdreavus-alternate-form-2","Ghost","Psychic","approve",""
"mismagius-alternate-form-2","Ghost","Psychic","approve",""
"dunsparce-bt-alt-forms-earth-form-2","Normal","Ground","approve",""
"gliscor-alternate-form-1","Ground","Poison","approve",""
"snubbull-alternate-form-1","Fairy","Dark","approve",""
"granbull-alternate-form-1","Fairy","Dark","approve",""
"donphan-alternate-form-1","Ground","Electric","approve",""
"larvitar-space-form-4","Dragon","","approve",""
"pupitar-space-form-4","Dragon","","approve",""
"tyranitar-space-form-4","Dragon","","approve",""
"breloom-alternate-form-3","Ghost","Fighting","approve",""
"probopass-alternate-form-1","Rock","Electric","approve","Mega maybe"
"skitty-alternate-form-1","Normal","Fairy","reject",""
"delcatty-alternate-form-1","Normal","Fairy","reject",""
"sableye-alternate-gemstone-mega-form-3","Rock","Ghost","reject",""
"electrike-alternate-form-2","Electric","Ice","reject",""
"manectric-mega-alternate-form-3","Electric","Ice","reject",""
"swalot-alternate-form-1","Poison","Water","reject",""
"wailmer-alternate-form-1","Flying","","reject",""
"wailord-alternate-form-1","Flying","","reject",""
"altaria-alternate-form-2","Dragon","Fairy","approve",""
"altaria-alternate-mega-form-3","Dragon","Fairy","approve",""
"dusknoir-alternate-form-1","Ghost","Steel","approve",""
"salamence-alternate-form-2","Dragon","Ghost","approve",""
"salamence-alternate-mega-form-3","Dragon","Ghost","approve",""
"beldum-alternate-form-2","Electric","Psychic","approve",""
"metang-alternate-form-2","Electric","Psychic","approve",""
"metagross-alternate-form-2","Electric","Psychic","approve",""
"metagross-alternate-mega-form-3","Electric","Ghost","approve",""
"cranidos-alternate-form-1","Dragon","","reject",""
"shieldon-alternate-form-1","Dragon","Steel","reject",""
"combee-alternate-form-1","Bug","Psychic","approve",""
"vespiquen-alternate-form-1","Bug","Psychic","approve",""
"carnivine-alternate-form-2","Steel","Dark","approve",""
"purrloin-alternate-form-1","Ice","Dark","approve",""
"liepard-alternate-form-1","Dark","Ice","approve",""
"munna-alternate-form-1","Grass","","approve",""
"musharna-alternate-form-1","Grass","Fire","approve",""
"petilil-alternate-form-1","Grass","Fire","approve",""
"lilligant-alternate-form-1","Grass","Fire","approve",""
"sandile-alternate-form-1","Water","Dark","approve",""
"krokorok-alternate-form-1","Water","Dark","approve",""
"krookodile-alternate-form-1","Water","Dark","approve",""
"dwebble-alternate-form-1","Bug","Ground","approve",""
"crustle-alternate-form-1","Bug","Ground","approve",""
"escavalier-alternate-form-1","Bug","Fighting","approve",""
"accelgor-alternate-form-1","Bug","Steel","approve",""
"klang-alternate-form-1","Steel","Electric","reject",""
"klinklang-alternate-form-1","Steel","Electric","reject",""
"eelektrik-alternate-form-1","Electric","Poison","reject",""
"eelektross-alternate-form-1","Electric","Poison","reject",""
"cryogonal-alternate-form-1","Ice","Poison","approve",""
"mienfoo-bluetowel-alternate-form-form-1","Fighting","Water","approve","Swap shiny and regular "
"mienshao-bluetowel-alternate-form-form-1","Fighting","Water","approve","Swap shiny and regular "
"golett-alternate-form-1","Ground","Steel","reject",""
"golurk-alternate-form-1","Ground","Steel","reject",""
"durant-bluetowel-alternate-form-form-1","Bug","Fire","approve",""
"aromatisse-alternate-form-1","Fairy","Poison","reject",""
"tyrunt-alternate-form-1","Dark","Dragon","approve",""
"tyrantrum-alternate-form-1","Dark","Dragon","approve",""
"amaura-alternate-form-1","Dragon","Ice","reject",""
"aurorus-alternate-form-1","Dragon","Ice","reject",""
"noibat-alternate-form-1","Dragon","Dark","approve",""
"noivern-alternate-form-1","Dragon","Dark","approve",""
"hakamo-o-alternate-form-1","Dragon","Steel","approve",""
"kommo-o-alternate-form-1","Dragon","Steel","approve",""
