identity,design_option,source,bucket,front_path,structural_hash,exact_hash,action
absol-mega-z,1,DrPrettyman_DS_64x64,NATIVE_PACK,DS_CUSTOM_LIBRARY/packs/DrPrettyman_DS_64x64/sprites-processed/front/absol-mega-z.png,73672c4352a427593225729d491b27380b9c137761ca97294a9638396fb32ea7,832df83876bf22277304bf97de94c2d5a697266d210dfa3ad0a0e6c15feda8b2,KEEP_FOR_APPROVAL_SHEET
absol-mega-z,2,Elite_Redux_Bulk,CONVERTED_GBA,DS_CUSTOM_LIBRARY/converted/Elite_Redux_Bulk/absol_mega_z/front.png,6dfb525182557350b3b8db412ffef6f1ef7f15e97d295aedef32c1213ab2ab50,87c2b9e8499af78e7c0a863fbaeda14ec3c393e229d7d36cf7b40330faaeb999,KEEP_FOR_APPROVAL_SHEET
baxcalibur-mega,1,DrPrettyman_DS_64x64,NATIVE_PACK,DS_CUSTOM_LIBRARY/packs/DrPrettyman_DS_64x64/sprites-processed/front/baxcalibur-mega.png,d4b0d5de080f49b0b80d16eac78e7d659ab3de288937f432133252ed56e78fc2,d8fb2814f78175ed44956235a5c360a2cb706dffd910282649991d215dc75663,KEEP_FOR_APPROVAL_SHEET
baxcalibur-mega,2,Elite_Redux_Bulk,CONVERTED_GBA,DS_CUSTOM_LIBRARY/converted/Elite_Redux_Bulk/baxcalibur_mega/front.png,3592399560d0398289217b996b436bb7643e8824dcf59700715650164452581d,f451c7faa789382b58e6fb7617f1c43d960726344cf6a7cbc8e094409da174b4,KEEP_FOR_APPROVAL_SHEET
golisopod-mega,1,DrPrettyman_DS_64x64,NATIVE_PACK,DS_CUSTOM_LIBRARY/packs/DrPrettyman_DS_64x64/sprites-processed/front/golisopod-mega.png,90d38b36f39bc7569b0f8398e11da2f8a26d44f201e4c9f0dd207c963d9f62fd,d91ed60fb7dd67eebf9153ceae11cc7d6b8f39b4117f4a83cb7d2b80b163dd82,KEEP_FOR_APPROVAL_SHEET
golisopod-mega,2,Elite_Redux_Bulk,CONVERTED_GBA,DS_CUSTOM_LIBRARY/converted/Elite_Redux_Bulk/golisopod_mega/front.png,cecf8ba4f1c9f3715cff306f32c0bd203c40fcee3e36eb401099b32ad18a87df,04db1087dc771762e8220a042abec969e10266089c38a101930d794a68eb5118,KEEP_FOR_APPROVAL_SHEET
lucario-mega-z,1,DrPrettyman_DS_64x64,NATIVE_PACK,DS_CUSTOM_LIBRARY/packs/DrPrettyman_DS_64x64/sprites-processed/front/lucario-mega-z.png,b9330bf14ac91f9c6eaf8d55ff448df0b7542afc60a2b97af74eafcc94cf0b4c,79a6aced84a08a2441638e30277ae6b16a6b12684eb7b9e94e76c68bcececd2e,KEEP_FOR_APPROVAL_SHEET
lucario-mega-z,2,Elite_Redux_Bulk,CONVERTED_GBA,DS_CUSTOM_LIBRARY/converted/Elite_Redux_Bulk/lucario_mega_z/front.png,3e4e41224b500b56bec3042a22246f5b92fc34e6d72e1ada28f0d069c938a64c,0434e148897ea942cb0ef0867582cbe594fa22b5c8a97399b8bc17489151d8fe,KEEP_FOR_APPROVAL_SHEET
noctowl-1,1,Festival_Atsui,NATIVE_PACK,DS_CUSTOM_LIBRARY/packs/Festival_Atsui/Atsui/Pokemon/Front/NOCTOWL_1.png,874cd3c121a0642240a8bca36e4f1289ae2f0ed0e81d391642b67de589562058,29404e237d0e30ff03d80eb8a1df6fdf76b9895706ecaab89eebf8bdffa832cf,KEEP_FOR_APPROVAL_SHEET
noctowl-1,2,Festival_Lumio,NATIVE_PACK,DS_CUSTOM_LIBRARY/packs/Festival_Lumio/Lumio/Pokemon/Front/NOCTOWL_1.png,65eb07c2b968e70f22c91313b1d1c38fc2566aa2217f917bd5e1d83aea2ae380,87c68818451d11ad131270e82d34e43ac10aa4b34dacebe0923049561d8da11d,KEEP_FOR_APPROVAL_SHEET
dampurr,1,Festival_Magiscarf,NATIVE_PACK,DS_CUSTOM_LIBRARY/packs/Festival_Magiscarf/Magiscarf/Battlers Normal/Front/Dampurr.png,8f0f15fc94c800d6667ab463fa01b0149fd20efd37cc3808eeb20215b389d464,b5d318c282cf885432007e6def644f8e44894264696028c5aea16daa599aec97,KEEP_FOR_APPROVAL_SHEET
dampurr,2,Festival_Magiscarf,NATIVE_PACK,DS_CUSTOM_LIBRARY/packs/Festival_Magiscarf/Magiscarf/Gen 4 Battlers/Fronts/DAMPURR.png,8dd554b6d5f78bcb79d1a92ecf3b83ef80fb8a6f5625952573ab68346172a6de,664fb15d6953483958aa04bcbc5d6322dc62680b5b164a9853f440cf394cafc4,KEEP_FOR_APPROVAL_SHEET
delugar,1,Festival_Magiscarf,NATIVE_PACK,DS_CUSTOM_LIBRARY/packs/Festival_Magiscarf/Magiscarf/Battlers Normal/Front/Delugar.png,004727b09b1d228344137f4ae89df8a3daf6865e71ed3a0a3f7fd94c9ebee877,ef7d9a027e150430c126714b17d8a19ca8b44e3a99d0116fec4327f5447dfe8f,KEEP_FOR_APPROVAL_SHEET
delugar,2,Festival_Magiscarf,NATIVE_PACK,DS_CUSTOM_LIBRARY/packs/Festival_Magiscarf/Magiscarf/Gen 4 Battlers/Fronts/DELUGAR.png,7ec9a27bbe472f3db2c3a2f34d70796464a2be76f0e20d9607a2bac4a688bc16,1715beba8098362ff0161458957589da79aa1e1bf75a4614bd0fd60e41fb2757,KEEP_FOR_APPROVAL_SHEET
rainther,1,Festival_Magiscarf,NATIVE_PACK,DS_CUSTOM_LIBRARY/packs/Festival_Magiscarf/Magiscarf/Battlers Normal/Front/Rainther.png,9bd1392ed4216f97385675a1e0200beb046ff0bde9f9d5dd58f7d122050a6eae,c2f31eb9aaf262312013c56db7e0d2837610c0e63c6e996152585356e6417a5a,KEEP_FOR_APPROVAL_SHEET
rainther,2,Festival_Magiscarf,NATIVE_PACK,DS_CUSTOM_LIBRARY/packs/Festival_Magiscarf/Magiscarf/Gen 4 Battlers/Fronts/RAINTHER.png,7f3adf7765a5483676fad9e753944c4afce9f37024eede619364a6caf873fe7e,71ded939bcc9ca9d2db6b26cf3dbf3e5a2f4a4ed2e638b3682e64f693adaeb28,KEEP_FOR_APPROVAL_SHEET
searpent,1,Mikitari,NATIVE_PACK,DS_CUSTOM_LIBRARY/packs/Mikitari/Fakemon Pack/Front/SEARPENT.png,6f7d456842a1605a676ba85f5dd44d561190b7cd9b64b98db2c757e4ee01b116,77735f1d45201b5a923062af5e868da7a759ee6148bc1cb2c53b9f589bbddc1d,KEEP_FOR_APPROVAL_SHEET
searpent,2,Festival_Magiscarf,NATIVE_PACK,DS_CUSTOM_LIBRARY/packs/Festival_Magiscarf/Magiscarf/Battlers Normal/Front/Searpent.png,4b3348e1e0de659e91880c146379dd1d00568e9e460c5d90c4228fb902b2e005,3f0d8ab3dd56c80ebed200bfe058171e195a3b27368c05fa3a4214ac791309ff,KEEP_FOR_APPROVAL_SHEET
cobarett,1,Festival_PrincessPhoenix,NATIVE_PACK,DS_CUSTOM_LIBRARY/packs/Festival_PrincessPhoenix/PrincessPhoenix/Pokemon/Battlers/Gen 3 Frontsprites/Cobarett.png,50e8252692bc285baa1f66003d03010d0c2a800fdc9781709a267eac774d0342,2dd6afdeb7dbef5374c93da5e51f2553d837d99c3c4d50fee44432a441737983,KEEP_FOR_APPROVAL_SHEET
cobarett,2,Festival_PrincessPhoenix,NATIVE_PACK,DS_CUSTOM_LIBRARY/packs/Festival_PrincessPhoenix/PrincessPhoenix/Pokemon/Battlers/Gen 4-5 Frontsprites/Cobarett.png,4a35dccdb4950d1537534d73af33244817812a107180c432861448f8901f6c44,2010eff7c7ee2430b34ec8a4df9c2ab074cbfd4a5dfd5b3fb3b2c80dd5510d81,KEEP_FOR_APPROVAL_SHEET
hissiorite,1,Festival_PrincessPhoenix,NATIVE_PACK,DS_CUSTOM_LIBRARY/packs/Festival_PrincessPhoenix/PrincessPhoenix/Pokemon/Battlers/Gen 3 Frontsprites/Hissiorite.png,7886f1ade29aeb8423ef8961b1339a8a41f9a9754d68ba7b5d0536074b85871e,87999dccd2cf9acb5b2cbceb7041b59c07dc62f4517a9271c9dfb61d29c79ac5,KEEP_FOR_APPROVAL_SHEET
hissiorite,2,Festival_PrincessPhoenix,NATIVE_PACK,DS_CUSTOM_LIBRARY/packs/Festival_PrincessPhoenix/PrincessPhoenix/Pokemon/Battlers/Gen 4-5 Frontsprites/Hissiorite.png,4c89c27889f7fd44776ab87dd535ba8b1ca172de86a1f6e3c6fb16666c1dc9c1,1197e593f39f26a81f5f65b5daa909f8b93a1c2bc136b58728110b06799ab59e,KEEP_FOR_APPROVAL_SHEET
pythonova,1,Festival_PrincessPhoenix,NATIVE_PACK,DS_CUSTOM_LIBRARY/packs/Festival_PrincessPhoenix/PrincessPhoenix/Pokemon/Battlers/Gen 3 Frontsprites/Pythonova.png,93d898a29d1660ee8246735b4b1d3255eada583dbcb9755a6b2a63be6b481942,3600f80bdafc3f411ac1dcffbb51f746d07434e9109fe30ef29f01be1a9e7552,KEEP_FOR_APPROVAL_SHEET
pythonova,2,Festival_PrincessPhoenix,NATIVE_PACK,DS_CUSTOM_LIBRARY/packs/Festival_PrincessPhoenix/PrincessPhoenix/Pokemon/Battlers/Gen 4-5 Frontsprites/Pythonova.png,300b610d4192b91fd38f947e70c1e2ea1d43e2ebdfb147220f1aeed9cb271375,664616b5905779c1be495810f69b3390a35dcd111ce907b3888949c79155e8d8,KEEP_FOR_APPROVAL_SHEET
pythonovas,1,Festival_PrincessPhoenix,NATIVE_PACK,DS_CUSTOM_LIBRARY/packs/Festival_PrincessPhoenix/PrincessPhoenix/Pokemon/Battlers/Gen 3 Frontsprites/PythonovaS.png,0712cb80faa95b4f5a46167af1409c6441e013fc666336d6d9c4c5819c9d9d72,1802b774bbe9ad00c9a94b2362a7ddea1626f51316e693e63462a8281cc14269,KEEP_FOR_APPROVAL_SHEET
pythonovas,2,Festival_PrincessPhoenix,NATIVE_PACK,DS_CUSTOM_LIBRARY/packs/Festival_PrincessPhoenix/PrincessPhoenix/Pokemon/Battlers/Gen 4-5 Frontsprites/PythonovaS.png,19caefc47afc07d633ca65924cb9d51ae80ebee27769a56b2f8dfc7c636ff1db,5542d9e3bd24344e86811605c40d59791eccebb16b77b3daf6c98fb3f02f573a,KEEP_FOR_APPROVAL_SHEET
flygon-1,1,Mega_Flygon_Animated_Gen5,NATIVE_PACK,DS_CUSTOM_LIBRARY/packs/Mega_Flygon_Animated_Gen5/Mega Flygon/Front/FLYGON_1.png,294217d4d2ccb3a0837ad6b25febb8c1da51a6a809bbd21f6d4ce40a084da0eb,814dd346080a8f67923de9cf7e811c3201b8953877cc88b71c3d4a82302bf65c,KEEP_FOR_APPROVAL_SHEET
flygon-1,2,Mega_Flygon,NATIVE_PACK,DS_CUSTOM_LIBRARY/packs/Mega_Flygon/mega flygon/Graphics/Pokemon/Front/FLYGON_1.png,4906a9ac03e2c1b386d1a841845a2a58a87c6456511bbe099d3a035c883d86d3,df8a26189a7ff944695ff424957193915471671a79e5781c70974d94bfe922c7,KEEP_FOR_APPROVAL_SHEET
garchomp-mega-z,1,PokeDot_Engine_Mega_Intake,NATIVE_PACK,DS_CUSTOM_LIBRARY/packs/PokeDot_Engine_Mega_Intake/garchomp-mega-z/front.png,44b38c47759aaf9381adf5dcce729a3fa1ed1856b2ea78b616cef9619bb2c88d,570cc5597e7e1b11722e6fcf0e622e33060a9a4317db6f580b9ec12f9ab323f8,KEEP_FOR_APPROVAL_SHEET
garchomp-mega-z,2,Elite_Redux_Bulk,CONVERTED_GBA,DS_CUSTOM_LIBRARY/converted/Elite_Redux_Bulk/garchomp_mega_z/front.png,c3e7ab61bf1eb6b7156d03d759932cf9fa6d7f28c41d4b8f9fad2d3359bef268,03baa6f9614080306f2a6f3e6d5ab65d39dce4aed7b6f0a839653b1298f83818,KEEP_FOR_APPROVAL_SHEET
