identity,base,reviewed_variant,legacy_source,recovery_status,next_action,conversion_needed,current_front_path,current_back_path,current_name,current_type1,current_type2,current_family,current_candidate_count,legacy_approval,preserve_decision
"charizard-mega-z","Charizard","Charizard Mega Z","Elite Redux","ABSENT_FROM_CURRENT_DS_LIBRARY","LOCATE_GBA_SOURCE_THEN_CONVERT_FRONT_BACK","true","","","","","","","0","approve","true"
"blastoise-mega-x","Blastoise","Blastoise Mega X","Elite Redux","DS_FRONT_PRESENT_BACK_MISSING","RECOVER_OR_CONVERT_BACK_SPRITE","true","DS_CUSTOM_LIBRARY/converted/Elite_Redux_Bulk/blastoise_mega_x/front.png","","Blastoise Mega X","Normal","","Unresolved family / relationship","1","approve","true"
"butterfree-mega","Butterfree","Butterfree Mega","Elite Redux","DS_FRONT_PRESENT_BACK_MISSING","RECOVER_OR_CONVERT_BACK_SPRITE","true","DS_CUSTOM_LIBRARY/converted/Elite_Redux_Bulk/butterfree_mega/front.png","","Butterfree Mega","Normal","","Unresolved family / relationship","1","approve","true"
"butterfree-alternate-form-1","Butterfree","Butterfree — Alternate (Form 1)","Reborn / Plates of Arceus","ABSENT_FROM_CURRENT_DS_LIBRARY","LOCATE_GBA_SOURCE_THEN_CONVERT_FRONT_BACK","true","","","","","","","0","approve","true"
"weedle-redux","Weedle","Weedle Redux","Elite Redux","DS_FRONT_PRESENT_BACK_MISSING","RECOVER_OR_CONVERT_BACK_SPRITE","true","DS_CUSTOM_LIBRARY/converted/Elite_Redux_Bulk/weedle_redux/front.png","","Weedle Redux","Normal","","Unresolved family / relationship","1","approve","true"
"kakuna-redux","Kakuna","Kakuna Redux","Elite Redux","DS_FRONT_PRESENT_BACK_MISSING","RECOVER_OR_CONVERT_BACK_SPRITE","true","DS_CUSTOM_LIBRARY/converted/Elite_Redux_Bulk/kakuna_redux/front.png","","Kakuna Redux","Normal","","Unresolved family / relationship","1","approve","true"
"beedrill-redux","Beedrill","Beedrill Redux","Elite Redux","DS_FRONT_PRESENT_BACK_MISSING","RECOVER_OR_CONVERT_BACK_SPRITE","true","DS_CUSTOM_LIBRARY/converted/Elite_Redux_Bulk/beedrill_redux/front.png","","Beedrill Redux","Bug","","Unresolved family / relationship","1","approve","true"
"beedrill-mega-redux","Beedrill","Beedrill Mega Redux","Elite Redux","DS_FRONT_PRESENT_BACK_MISSING","RECOVER_OR_CONVERT_BACK_SPRITE","true","DS_CUSTOM_LIBRARY/converted/Elite_Redux_Bulk/beedrill_mega_redux/front.png","","Beedrill Mega Redux","Bug","","Unresolved family / relationship","1","approve","true"
"pidgey-alternate-form-2","Pidgey","Pidgey — Alternate (Form 2)","Reborn / Plates of Arceus","ABSENT_FROM_CURRENT_DS_LIBRARY","LOCATE_GBA_SOURCE_THEN_CONVERT_FRONT_BACK","true","","","","","","","0","approve","true"
"pidgeotto-alternate-form-2","Pidgeotto","Pidgeotto — Alternate (Form 2)","Reborn / Plates of Arceus","ABSENT_FROM_CURRENT_DS_LIBRARY","LOCATE_GBA_SOURCE_THEN_CONVERT_FRONT_BACK","true","","","","","","","0","approve","true"
"pidgeot-alternate-form-2","Pidgeot","Pidgeot — Alternate (Form 2)","Reborn / Plates of Arceus","ABSENT_FROM_CURRENT_DS_LIBRARY","LOCATE_GBA_SOURCE_THEN_CONVERT_FRONT_BACK","true","","","","","","","0","approve","true"
"pidgeot-mega-alternate-form-3","Pidgeot","Pidgeot — Mega Alternate (Form 3)","Reborn / Plates of Arceus","ABSENT_FROM_CURRENT_DS_LIBRARY","LOCATE_GBA_SOURCE_THEN_CONVERT_FRONT_BACK","true","","","","","","","0","approve","true"
"rattata-redux","Rattata","Rattata Redux","Elite Redux","DS_FRONT_PRESENT_BACK_MISSING","RECOVER_OR_CONVERT_BACK_SPRITE","true","DS_CUSTOM_LIBRARY/converted/Elite_Redux_Bulk/rattata_redux/front.png","","Rattata Redux","Normal","","Unresolved family / relationship","1","approve","true"
"platinum-redux-raticate","Raticate","Platinum Redux Raticate","Platinum Redux 2.9.3 TC6","DS_ASSETS_PRESENT_FRONT_BACK","VERIFY_AND_MERGE_TO_PLACEMENT","false","DS_CUSTOM_LIBRARY/hack-packs/Platinum_Redux_Embedded_Sprites/all-embedded/0394_image44.png","DS_CUSTOM_LIBRARY/hack-packs/Platinum_Redux_Embedded_Sprites/all-embedded/0313_image19.png","Platinum Redux Raticate","Normal","Dark","Raticate family","1","approve","true"
"spearow-redux","Spearow","Spearow Redux","Elite Redux","DS_FRONT_PRESENT_BACK_MISSING","RECOVER_OR_CONVERT_BACK_SPRITE","true","DS_CUSTOM_LIBRARY/converted/Elite_Redux_Bulk/spearow_redux/front.png","","Spearow Redux","Normal","","Unresolved family / relationship","1","approve","true"
"fearow-redux","Fearow","Fearow Redux","Elite Redux","DS_FRONT_PRESENT_BACK_MISSING","RECOVER_OR_CONVERT_BACK_SPRITE","true","DS_CUSTOM_LIBRARY/converted/Elite_Redux_Bulk/fearow_redux/front.png","","Fearow Redux","Normal","","Unresolved family / relationship","1","approve","true"
"arbok-mega","Arbok","Arbok Mega","Elite Redux","DS_FRONT_PRESENT_BACK_MISSING","RECOVER_OR_CONVERT_BACK_SPRITE","true","DS_CUSTOM_LIBRARY/converted/Elite_Redux_Bulk/arbok_mega/front.png","","Arbok Mega","Normal","","Unresolved family / relationship","1","approve","true"
"pikachu-mega","Pikachu","Pikachu Mega","Elite Redux","ABSENT_FROM_CURRENT_DS_LIBRARY","LOCATE_GBA_SOURCE_THEN_CONVERT_FRONT_BACK","true","","","","","","","0","approve","true"
"sandslash-alolan-mega","Sandslash","Sandslash Alolan Mega","Elite Redux","DS_FRONT_PRESENT_BACK_MISSING","RECOVER_OR_CONVERT_BACK_SPRITE","true","DS_CUSTOM_LIBRARY/converted/Elite_Redux_Bulk/sandslash_alolan_mega/front.png","","Sandslash Alolan Mega","Ground","","Unresolved family / relationship","1","approve","true"
"sandslash-mega","Sandslash","Sandslash Mega","Elite Redux","DS_FRONT_PRESENT_BACK_MISSING","RECOVER_OR_CONVERT_BACK_SPRITE","true","DS_CUSTOM_LIBRARY/converted/Elite_Redux_Bulk/sandslash_mega/front.png","","Sandslash Mega","Ground","","Unresolved family / relationship","1","approve","true"
"nidoqueen-mega","Nidoqueen","Nidoqueen Mega","Elite Redux","DS_FRONT_PRESENT_BACK_MISSING","RECOVER_OR_CONVERT_BACK_SPRITE","true","DS_CUSTOM_LIBRARY/converted/Elite_Redux_Bulk/nidoqueen_mega/front.png","","Nidoqueen Mega","Normal","","Unresolved family / relationship","1","approve","true"
"nidoking-mega","Nidoking","Nidoking Mega","Elite Redux","DS_FRONT_PRESENT_BACK_MISSING","RECOVER_OR_CONVERT_BACK_SPRITE","true","DS_CUSTOM_LIBRARY/converted/Elite_Redux_Bulk/nidoking_mega/front.png","","Nidoking Mega","Normal","","Unresolved family / relationship","1","approve","true"
"clefable-mega-y","Clefable","Clefable Mega Y","Elite Redux","DS_FRONT_PRESENT_BACK_MISSING","RECOVER_OR_CONVERT_BACK_SPRITE","true","DS_CUSTOM_LIBRARY/converted/Elite_Redux_Bulk/clefable_mega_y/front.png","","Clefable Mega Y","Normal","","Unresolved family / relationship","1","approve","true"
"vulpix-alternate-form-2","Vulpix","Vulpix — Alternate (Form 2)","Reborn / Plates of Arceus","ABSENT_FROM_CURRENT_DS_LIBRARY","LOCATE_GBA_SOURCE_THEN_CONVERT_FRONT_BACK","true","","","","","","","0","approve","true"
"wigglytuff-apex","Wigglytuff","Wigglytuff Apex","Elite Redux","ABSENT_FROM_CURRENT_DS_LIBRARY","LOCATE_GBA_SOURCE_THEN_CONVERT_FRONT_BACK","true","","","","","","","0","approve","true"
"wigglytuff-primal","Wigglytuff","Wigglytuff Primal","Elite Redux","DS_FRONT_PRESENT_BACK_MISSING","RECOVER_OR_CONVERT_BACK_SPRITE","true","DS_CUSTOM_LIBRARY/converted/Elite_Redux_Bulk/wigglytuff_primal/front.png","","Wigglytuff Primal","Normal","","Unresolved family / relationship","1","approve","true"
"wigglytuff-mega-x","Wigglytuff","Wigglytuff Mega X","Elite Redux","DS_FRONT_PRESENT_BACK_MISSING","RECOVER_OR_CONVERT_BACK_SPRITE","true","DS_CUSTOM_LIBRARY/converted/Elite_Redux_Bulk/wigglytuff_mega_x/front.png","","Wigglytuff Mega X","Normal","","Unresolved family / relationship","1","approve","true"
"wigglytuff-mega-y","Wigglytuff","Wigglytuff Mega Y","Elite Redux","ABSENT_FROM_CURRENT_DS_LIBRARY","LOCATE_GBA_SOURCE_THEN_CONVERT_FRONT_BACK","true","","","","","","","0","approve","true"
"crobat-mega","Crobat","Crobat Mega","Elite Redux","DS_FRONT_PRESENT_BACK_MISSING","RECOVER_OR_CONVERT_BACK_SPRITE","true","DS_CUSTOM_LIBRARY/converted/Elite_Redux_Bulk/crobat_mega/front.png","","Crobat Mega","Normal","","Unresolved family / relationship","1","approve","true"
"platinum-redux-dugtrio","Dugtrio","Platinum Redux Dugtrio","Platinum Redux 2.9.3 TC6","DS_ASSETS_PRESENT_FRONT_BACK","VERIFY_AND_MERGE_TO_PLACEMENT","false","DS_CUSTOM_LIBRARY/hack-packs/Platinum_Redux_Embedded_Sprites/all-embedded/0357_image37.png","DS_CUSTOM_LIBRARY/hack-packs/Platinum_Redux_Embedded_Sprites/all-embedded/0224_image8.png","Platinum Redux Dugtrio","Ground","Normal","Dugtrio family","1","approve","true"
"growlithe-redux","Growlithe","Growlithe Redux","Elite Redux","DS_FRONT_PRESENT_BACK_MISSING","RECOVER_OR_CONVERT_BACK_SPRITE","true","DS_CUSTOM_LIBRARY/converted/Elite_Redux_Bulk/growlithe_redux/front.png","","Growlithe Redux","Normal","","Unresolved family / relationship","1","approve","true"
"arcanine-redux","Arcanine","Arcanine Redux","Elite Redux","DS_FRONT_PRESENT_BACK_MISSING","RECOVER_OR_CONVERT_BACK_SPRITE","true","DS_CUSTOM_LIBRARY/converted/Elite_Redux_Bulk/arcanine_redux/front.png","","Arcanine Redux","Normal","","Unresolved family / relationship","1","approve","true"
"arcanine-hisuian-mega","Arcanine","Arcanine Hisuian Mega","Elite Redux","DS_FRONT_PRESENT_BACK_MISSING","RECOVER_OR_CONVERT_BACK_SPRITE","true","DS_CUSTOM_LIBRARY/converted/Elite_Redux_Bulk/arcanine_hisuian_mega/front.png","","Arcanine Hisuian Mega","Normal","","Unresolved family / relationship","1","approve","true"
"arcanine-mega","Arcanine","Arcanine Mega","Elite Redux","DS_FRONT_PRESENT_BACK_MISSING","RECOVER_OR_CONVERT_BACK_SPRITE","true","DS_CUSTOM_LIBRARY/converted/Elite_Redux_Bulk/arcanine_mega/front.png","","Arcanine Mega","Normal","","Unresolved family / relationship","1","approve","true"
"poliwag-alternate-form-1","Poliwag","Poliwag — Alternate (Form 1)","Reborn / Plates of Arceus","ABSENT_FROM_CURRENT_DS_LIBRARY","LOCATE_GBA_SOURCE_THEN_CONVERT_FRONT_BACK","true","","","","","","","0","approve","true"
"poliwhirl-alternate-form-1","Poliwhirl","Poliwhirl — Alternate (Form 1)","Reborn / Plates of Arceus","ABSENT_FROM_CURRENT_DS_LIBRARY","LOCATE_GBA_SOURCE_THEN_CONVERT_FRONT_BACK","true","","","","","","","0","approve","true"
"poliwrath-alternate-form-1","Poliwrath","Poliwrath — Alternate (Form 1)","Reborn / Plates of Arceus","ABSENT_FROM_CURRENT_DS_LIBRARY","LOCATE_GBA_SOURCE_THEN_CONVERT_FRONT_BACK","true","","","","","","","0","approve","true"
"politoed-alternate-form-1","Politoed","Politoed — Alternate (Form 1)","Reborn / Plates of Arceus","ABSENT_FROM_CURRENT_DS_LIBRARY","LOCATE_GBA_SOURCE_THEN_CONVERT_FRONT_BACK","true","","","","","","","0","approve","true"
"abra-redux","Abra","Abra Redux","Elite Redux","DS_FRONT_PRESENT_BACK_MISSING","RECOVER_OR_CONVERT_BACK_SPRITE","true","DS_CUSTOM_LIBRARY/converted/Elite_Redux_Bulk/abra_redux/front.png","","Abra Redux","Normal","","Unresolved family / relationship","1","approve","true"
"kadabra-redux","Kadabra","Kadabra Redux","Elite Redux","DS_FRONT_PRESENT_BACK_MISSING","RECOVER_OR_CONVERT_BACK_SPRITE","true","DS_CUSTOM_LIBRARY/converted/Elite_Redux_Bulk/kadabra_redux/front.png","","Kadabra Redux","Normal","","Unresolved family / relationship","1","approve","true"
"alakazam-redux","Alakazam","Alakazam Redux","Elite Redux","DS_FRONT_PRESENT_BACK_MISSING","RECOVER_OR_CONVERT_BACK_SPRITE","true","DS_CUSTOM_LIBRARY/converted/Elite_Redux_Bulk/alakazam_redux/front.png","","Alakazam Redux","Normal","","Unresolved family / relationship","1","approve","true"
"alakazam-mega-redux","Alakazam","Alakazam Mega Redux","Elite Redux","DS_FRONT_PRESENT_BACK_MISSING","RECOVER_OR_CONVERT_BACK_SPRITE","true","DS_CUSTOM_LIBRARY/converted/Elite_Redux_Bulk/alakazam_mega_redux/front.png","","Alakazam Mega Redux","Normal","","Unresolved family / relationship","1","approve","true"
"machop-redux","Machop","Machop Redux","Elite Redux","DS_FRONT_PRESENT_BACK_MISSING","RECOVER_OR_CONVERT_BACK_SPRITE","true","DS_CUSTOM_LIBRARY/converted/Elite_Redux_Bulk/machop_redux/front.png","","Machop Redux","Normal","","Unresolved family / relationship","1","approve","true"
"machoke-redux","Machoke","Machoke Redux","Elite Redux","DS_FRONT_PRESENT_BACK_MISSING","RECOVER_OR_CONVERT_BACK_SPRITE","true","DS_CUSTOM_LIBRARY/converted/Elite_Redux_Bulk/machoke_redux/front.png","","Machoke Redux","Normal","","Unresolved family / relationship","1","approve","true"
"machamp-redux","Machamp","Machamp Redux","Elite Redux","DS_FRONT_PRESENT_BACK_MISSING","RECOVER_OR_CONVERT_BACK_SPRITE","true","DS_CUSTOM_LIBRARY/converted/Elite_Redux_Bulk/machamp_redux/front.png","","Machamp Redux","Normal","","Unresolved family / relationship","1","approve","true"
"machamp-mega","Machamp","Machamp Mega","Elite Redux","ABSENT_FROM_CURRENT_DS_LIBRARY","LOCATE_GBA_SOURCE_THEN_CONVERT_FRONT_BACK","true","","","","","","","0","approve","true"
"machamp-mega-redux","Machamp","Machamp Mega Redux","Elite Redux","DS_FRONT_PRESENT_BACK_MISSING","RECOVER_OR_CONVERT_BACK_SPRITE","true","DS_CUSTOM_LIBRARY/converted/Elite_Redux_Bulk/machamp_mega_redux/front.png","","Machamp Mega Redux","Normal","","Unresolved family / relationship","1","approve","true"
"bellsprout-redux","Bellsprout","Bellsprout Redux","Elite Redux","DS_FRONT_PRESENT_BACK_MISSING","RECOVER_OR_CONVERT_BACK_SPRITE","true","DS_CUSTOM_LIBRARY/converted/Elite_Redux_Bulk/bellsprout_redux/front.png","","Bellsprout Redux","Grass","","Unresolved family / relationship","1","approve","true"
"weepinbell-redux","Weepinbell","Weepinbell Redux","Elite Redux","DS_FRONT_PRESENT_BACK_MISSING","RECOVER_OR_CONVERT_BACK_SPRITE","true","DS_CUSTOM_LIBRARY/converted/Elite_Redux_Bulk/weepinbell_redux/front.png","","Weepinbell Redux","Normal","","Unresolved family / relationship","1","approve","true"
"victreebel-redux","Victreebel","Victreebel Redux","Elite Redux","DS_FRONT_PRESENT_BACK_MISSING","RECOVER_OR_CONVERT_BACK_SPRITE","true","DS_CUSTOM_LIBRARY/converted/Elite_Redux_Bulk/victreebel_redux/front.png","","Victreebel Redux","Grass","","Unresolved family / relationship","1","approve","true"
"geodude-bluetowel-alternate-forms-form-2","Geodude","Geodude — BlueTowel Alternate forms (Form 2)","Reborn / Plates of Arceus","ABSENT_FROM_CURRENT_DS_LIBRARY","LOCATE_GBA_SOURCE_THEN_CONVERT_FRONT_BACK","true","","","","","","","0","approve","true"
"graveler-bluetowel-alternate-forms-form-2","Graveler","Graveler — BlueTowel Alternate forms (Form 2)","Reborn / Plates of Arceus","ABSENT_FROM_CURRENT_DS_LIBRARY","LOCATE_GBA_SOURCE_THEN_CONVERT_FRONT_BACK","true","","","","","","","0","approve","true"
"golem-bluetowel-alternate-forms-form-2","Golem","Golem — BlueTowel Alternate forms (Form 2)","Reborn / Plates of Arceus","ABSENT_FROM_CURRENT_DS_LIBRARY","LOCATE_GBA_SOURCE_THEN_CONVERT_FRONT_BACK","true","","","","","","","0","approve","true"
"hypno-alternate-form-2","Hypno","Hypno — Alternate (Form 2)","Reborn / Plates of Arceus","ABSENT_FROM_CURRENT_DS_LIBRARY","LOCATE_GBA_SOURCE_THEN_CONVERT_FRONT_BACK","true","","","","","","","0","approve","true"
"krabby-redux","Krabby","Krabby Redux","Elite Redux","DS_FRONT_PRESENT_BACK_MISSING","RECOVER_OR_CONVERT_BACK_SPRITE","true","DS_CUSTOM_LIBRARY/converted/Elite_Redux_Bulk/krabby_redux/front.png","","Delta Krabby","Psychic","","Krabby","1","approve","true"
"kingler-redux","Kingler","Kingler Redux","Elite Redux","DS_FRONT_PRESENT_BACK_MISSING","RECOVER_OR_CONVERT_BACK_SPRITE","true","DS_CUSTOM_LIBRARY/converted/Elite_Redux_Bulk/kingler_redux/front.png","","Delta Kingler","Water","Steel","Krabby","1","approve","true"
"kingler-redux-mega","Kingler","Kingler Redux Mega","Elite Redux","DS_FRONT_PRESENT_BACK_MISSING","RECOVER_OR_CONVERT_BACK_SPRITE","true","DS_CUSTOM_LIBRARY/converted/Elite_Redux_Bulk/kingler_redux_mega/front.png","","Mega Delta Kingler","Psychic","","Krabby","1","approve","true"
"exeggcute-redux","Exeggcute","Exeggcute Redux","Elite Redux","DS_FRONT_PRESENT_BACK_MISSING","RECOVER_OR_CONVERT_BACK_SPRITE","true","DS_CUSTOM_LIBRARY/converted/Elite_Redux_Bulk/exeggcute_redux/front.png","","Delta Exeggcute","Grass","Normal","Exeggcute","1","approve","true"
"exeggutor-redux","Exeggutor","Exeggutor Redux","Elite Redux","DS_FRONT_PRESENT_BACK_MISSING","RECOVER_OR_CONVERT_BACK_SPRITE","true","DS_CUSTOM_LIBRARY/converted/Elite_Redux_Bulk/exeggutor_redux/front.png","","Delta Exeggutor","Grass","Normal","Exeggcute","1","approve","true"
"koffing-bluetowel-alternate-forms-form-2","Koffing","Koffing — BlueTowel Alternate forms (Form 2)","Reborn / Plates of Arceus","ABSENT_FROM_CURRENT_DS_LIBRARY","LOCATE_GBA_SOURCE_THEN_CONVERT_FRONT_BACK","true","","","","","","","0","approve","true"
"weezing-bluetowel-alternate-forms-form-2","Weezing","Weezing — BlueTowel Alternate forms (Form 2)","Reborn / Plates of Arceus","ABSENT_FROM_CURRENT_DS_LIBRARY","LOCATE_GBA_SOURCE_THEN_CONVERT_FRONT_BACK","true","","","","","","","0","approve","true"
"mega-rhyperior","Rhyperior","Mega Rhyperior","Banished Platinum / Original Megas","ABSENT_FROM_CURRENT_DS_LIBRARY","LOCATE_GBA_SOURCE_THEN_CONVERT_FRONT_BACK","true","","","","","","","0","approve","true"
"happiny-redux","Happiny","Happiny Redux","Elite Redux","DS_FRONT_PRESENT_BACK_MISSING","RECOVER_OR_CONVERT_BACK_SPRITE","true","DS_CUSTOM_LIBRARY/converted/Elite_Redux_Bulk/happiny_redux/front.png","","Delta Happiny","Fire","Ghost","Happiny / Chansey","1","approve","true"
"chansey-redux","Chansey","Chansey Redux","Elite Redux","DS_FRONT_PRESENT_BACK_MISSING","RECOVER_OR_CONVERT_BACK_SPRITE","true","DS_CUSTOM_LIBRARY/converted/Elite_Redux_Bulk/chansey_redux/front.png","","Delta Chansey","Fighting","","Happiny / Chansey","1","approve","true"
"blissey-redux","Blissey","Blissey Redux","Elite Redux","DS_FRONT_PRESENT_BACK_MISSING","RECOVER_OR_CONVERT_BACK_SPRITE","true","DS_CUSTOM_LIBRARY/converted/Elite_Redux_Bulk/blissey_redux/front.png","","Delta Blissey","Normal","Fighting","Happiny / Chansey","1","approve","true"
"mega-tangrowth","Tangrowth","Mega Tangrowth","Banished Platinum / Original Megas","ABSENT_FROM_CURRENT_DS_LIBRARY","LOCATE_GBA_SOURCE_THEN_CONVERT_FRONT_BACK","true","","","","","","","0","approve","true"
"kingdra-mega-x","Kingdra","Kingdra Mega X","Elite Redux","ABSENT_FROM_CURRENT_DS_LIBRARY","LOCATE_GBA_SOURCE_THEN_CONVERT_FRONT_BACK","true","","","","","","","0","approve","true"
"staryu-alternate-form-1","Staryu","Staryu — Alternate (Form 1)","Reborn / Plates of Arceus","ABSENT_FROM_CURRENT_DS_LIBRARY","LOCATE_GBA_SOURCE_THEN_CONVERT_FRONT_BACK","true","","","","","","","0","approve","true"
"starmie-alternate-form-1","Starmie","Starmie — Alternate (Form 1)","Reborn / Plates of Arceus","ABSENT_FROM_CURRENT_DS_LIBRARY","LOCATE_GBA_SOURCE_THEN_CONVERT_FRONT_BACK","true","","","","","","","0","approve","true"
"mega-electivire","Electivire","Mega Electivire","Banished Platinum / Original Megas","ABSENT_FROM_CURRENT_DS_LIBRARY","LOCATE_GBA_SOURCE_THEN_CONVERT_FRONT_BACK","true","","","","","","","0","approve","true"
"mega-magmortar","Magmortar","Mega Magmortar","Banished Platinum / Original Megas","ABSENT_FROM_CURRENT_DS_LIBRARY","LOCATE_GBA_SOURCE_THEN_CONVERT_FRONT_BACK","true","","","","","","","0","approve","true"
"lapras-mega-y","Lapras","Lapras Mega Y","Elite Redux","ABSENT_FROM_CURRENT_DS_LIBRARY","LOCATE_GBA_SOURCE_THEN_CONVERT_FRONT_BACK","true","","","","","","","0","approve","true"
"eevee-mega","Eevee","Eevee Mega","Elite Redux","ABSENT_FROM_CURRENT_DS_LIBRARY","LOCATE_GBA_SOURCE_THEN_CONVERT_FRONT_BACK","true","","","","","","","0","approve","true"
"flareon-alternate-form-3","Flareon","Flareon — Alternate (Form 3)","Reborn / Plates of Arceus","ABSENT_FROM_CURRENT_DS_LIBRARY","LOCATE_GBA_SOURCE_THEN_CONVERT_FRONT_BACK","true","","","","","","","0","approve","true"
"leafeon-alternate-form-3","Leafeon","Leafeon — Alternate (Form 3)","Reborn / Plates of Arceus","ABSENT_FROM_CURRENT_DS_LIBRARY","LOCATE_GBA_SOURCE_THEN_CONVERT_FRONT_BACK","true","","","","","","","0","approve","true"
"glaceon-alternate-form-3","Glaceon","Glaceon — Alternate (Form 3)","Reborn / Plates of Arceus","ABSENT_FROM_CURRENT_DS_LIBRARY","LOCATE_GBA_SOURCE_THEN_CONVERT_FRONT_BACK","true","","","","","","","0","approve","true"
"sylveon-alternate-form-3","Sylveon","Sylveon — Alternate (Form 3)","Reborn / Plates of Arceus","ABSENT_FROM_CURRENT_DS_LIBRARY","LOCATE_GBA_SOURCE_THEN_CONVERT_FRONT_BACK","true","","","","","","","0","approve","true"
"mega-porygon","Porygon","Mega Porygon","Banished Platinum / Original Megas","ABSENT_FROM_CURRENT_DS_LIBRARY","LOCATE_GBA_SOURCE_THEN_CONVERT_FRONT_BACK","true","","","","","","","0","approve","true"
"snorlax-mega","Snorlax","Snorlax Mega","Elite Redux","ABSENT_FROM_CURRENT_DS_LIBRARY","LOCATE_GBA_SOURCE_THEN_CONVERT_FRONT_BACK","true","","","","","","","0","approve","true"
"articuno-mega","Articuno","Articuno Mega","Elite Redux","ABSENT_FROM_CURRENT_DS_LIBRARY","LOCATE_GBA_SOURCE_THEN_CONVERT_FRONT_BACK","true","","","","","","","0","approve","true"
"zapdos-mega","Zapdos","Zapdos Mega","Elite Redux","ABSENT_FROM_CURRENT_DS_LIBRARY","LOCATE_GBA_SOURCE_THEN_CONVERT_FRONT_BACK","true","","","","","","","0","approve","true"
"moltres-mega","Moltres","Moltres Mega","Elite Redux","ABSENT_FROM_CURRENT_DS_LIBRARY","LOCATE_GBA_SOURCE_THEN_CONVERT_FRONT_BACK","true","","","","","","","0","approve","true"
"dragonite-alternate-form-1","Dragonite","Dragonite — Alternate (Form 1)","Reborn / Plates of Arceus","ABSENT_FROM_CURRENT_DS_LIBRARY","LOCATE_GBA_SOURCE_THEN_CONVERT_FRONT_BACK","true","","","","","","","0","approve","true"
"feraligatr-alternate-form-1","Feraligatr","Feraligatr — Alternate (Form 1)","Reborn / Plates of Arceus","ABSENT_FROM_CURRENT_DS_LIBRARY","LOCATE_GBA_SOURCE_THEN_CONVERT_FRONT_BACK","true","","","","","","","0","approve","true"
"hoothoot-alternate-form-1","Hoothoot","Hoothoot — Alternate (Form 1)","Reborn / Plates of Arceus","ABSENT_FROM_CURRENT_DS_LIBRARY","LOCATE_GBA_SOURCE_THEN_CONVERT_FRONT_BACK","true","","","","","","","0","approve","true"
"ampharos-alternate-form-2","Ampharos","Ampharos — Alternate (Form 2)","Reborn / Plates of Arceus","ABSENT_FROM_CURRENT_DS_LIBRARY","LOCATE_GBA_SOURCE_THEN_CONVERT_FRONT_BACK","true","","","","","","","0","approve","true"
"ampharos-alternate-mega-form-3","Ampharos","Ampharos — Alternate Mega (Form 3)","Reborn / Plates of Arceus","ABSENT_FROM_CURRENT_DS_LIBRARY","LOCATE_GBA_SOURCE_THEN_CONVERT_FRONT_BACK","true","","","","","","","0","approve","true"
"sunflora-alternate-form-1","Sunflora","Sunflora — Alternate (Form 1)","Reborn / Plates of Arceus","ABSENT_FROM_CURRENT_DS_LIBRARY","LOCATE_GBA_SOURCE_THEN_CONVERT_FRONT_BACK","true","","","","","","","0","approve","true"
"mega-yanmega","Yanmega","Mega Yanmega","Banished Platinum / Original Megas","ABSENT_FROM_CURRENT_DS_LIBRARY","LOCATE_GBA_SOURCE_THEN_CONVERT_FRONT_BACK","true","","","","","","","0","approve","true"
"mega-honchkrow","Honchkrow","Mega Honchkrow","Banished Platinum / Original Megas","ABSENT_FROM_CURRENT_DS_LIBRARY","LOCATE_GBA_SOURCE_THEN_CONVERT_FRONT_BACK","true","","","","","","","0","approve","true"
"misdreavus-alternate-form-2","Misdreavus","Misdreavus — Alternate (Form 2)","Reborn / Plates of Arceus","ABSENT_FROM_CURRENT_DS_LIBRARY","LOCATE_GBA_SOURCE_THEN_CONVERT_FRONT_BACK","true","","","","","","","0","approve","true"
"mismagius-alternate-form-2","Mismagius","Mismagius — Alternate (Form 2)","Reborn / Plates of Arceus","ABSENT_FROM_CURRENT_DS_LIBRARY","LOCATE_GBA_SOURCE_THEN_CONVERT_FRONT_BACK","true","","","","","","","0","approve","true"
"dunsparce-bt-alt-forms-earth-form-2","Dunsparce","Dunsparce — BT Alt Forms - Earth (Form 2)","Reborn / Plates of Arceus","ABSENT_FROM_CURRENT_DS_LIBRARY","LOCATE_GBA_SOURCE_THEN_CONVERT_FRONT_BACK","true","","","","","","","0","approve","true"
"gliscor-alternate-form-1","Gliscor","Gliscor — Alternate (Form 1)","Reborn / Plates of Arceus","ABSENT_FROM_CURRENT_DS_LIBRARY","LOCATE_GBA_SOURCE_THEN_CONVERT_FRONT_BACK","true","","","","","","","0","approve","true"
"snubbull-alternate-form-1","Snubbull","Snubbull — Alternate (Form 1)","Reborn / Plates of Arceus","ABSENT_FROM_CURRENT_DS_LIBRARY","LOCATE_GBA_SOURCE_THEN_CONVERT_FRONT_BACK","true","","","","","","","0","approve","true"
"granbull-alternate-form-1","Granbull","Granbull — Alternate (Form 1)","Reborn / Plates of Arceus","ABSENT_FROM_CURRENT_DS_LIBRARY","LOCATE_GBA_SOURCE_THEN_CONVERT_FRONT_BACK","true","","","","","","","0","approve","true"
"mega-weavile","Weavile","Mega Weavile","Banished Platinum / Original Megas","ABSENT_FROM_CURRENT_DS_LIBRARY","LOCATE_GBA_SOURCE_THEN_CONVERT_FRONT_BACK","true","","","","","","","0","approve","true"
"weavile-redux","Weavile","Weavile Redux","Elite Redux","DS_FRONT_PRESENT_BACK_MISSING","RECOVER_OR_CONVERT_BACK_SPRITE","true","DS_CUSTOM_LIBRARY/converted/Elite_Redux_Bulk/weavile_redux/front.png","","Delta Weavile","Ground","Dark","Sneasel / Weavile","1","approve","true"
"weavile-redux-mega","Weavile","Weavile Redux Mega","Elite Redux","DS_FRONT_PRESENT_BACK_MISSING","RECOVER_OR_CONVERT_BACK_SPRITE","true","DS_CUSTOM_LIBRARY/converted/Elite_Redux_Bulk/weavile_redux_mega/front.png","","Mega Delta Weavile","Ground","Dark","Sneasel / Weavile","1","approve","true"
"mega-mamoswine","Mamoswine","Mega Mamoswine","Banished Platinum / Original Megas","ABSENT_FROM_CURRENT_DS_LIBRARY","LOCATE_GBA_SOURCE_THEN_CONVERT_FRONT_BACK","true","","","","","","","0","approve","true"
"mamoswine-mega","Mamoswine","Mamoswine Mega","Elite Redux","ABSENT_FROM_CURRENT_DS_LIBRARY","LOCATE_GBA_SOURCE_THEN_CONVERT_FRONT_BACK","true","","","","","","","0","approve","true"
"skarmory-mega-x","Skarmory","Skarmory Mega X","Elite Redux","ABSENT_FROM_CURRENT_DS_LIBRARY","LOCATE_GBA_SOURCE_THEN_CONVERT_FRONT_BACK","true","","","","","","","0","approve","true"
"donphan-alternate-form-1","Donphan","Donphan — Alternate (Form 1)","Reborn / Plates of Arceus","ABSENT_FROM_CURRENT_DS_LIBRARY","LOCATE_GBA_SOURCE_THEN_CONVERT_FRONT_BACK","true","","","","","","","0","approve","true"
"larvitar-space-form-4","Larvitar","Larvitar — Space (Form 4)","Reborn / Plates of Arceus","ABSENT_FROM_CURRENT_DS_LIBRARY","LOCATE_GBA_SOURCE_THEN_CONVERT_FRONT_BACK","true","","","","","","","0","approve","true"
"pupitar-space-form-4","Pupitar","Pupitar — Space (Form 4)","Reborn / Plates of Arceus","ABSENT_FROM_CURRENT_DS_LIBRARY","LOCATE_GBA_SOURCE_THEN_CONVERT_FRONT_BACK","true","","","","","","","0","approve","true"
"tyranitar-space-form-4","Tyranitar","Tyranitar — Space (Form 4)","Reborn / Plates of Arceus","ABSENT_FROM_CURRENT_DS_LIBRARY","LOCATE_GBA_SOURCE_THEN_CONVERT_FRONT_BACK","true","","","","","","","0","approve","true"
"breloom-alternate-form-3","Breloom","Breloom — Alternate (Form 3)","Reborn / Plates of Arceus","ABSENT_FROM_CURRENT_DS_LIBRARY","LOCATE_GBA_SOURCE_THEN_CONVERT_FRONT_BACK","true","","","","","","","0","approve","true"
"delta-eelektross","Shedinja","Platinum Redux Shedinja","Platinum Redux 2.9.3 TC6","ABSENT_FROM_CURRENT_DS_LIBRARY","LOCATE_GBA_SOURCE_THEN_CONVERT_FRONT_BACK","true","","","","","","","0","approve","true"
"mega-probopass","Probopass","Mega Probopass","Banished Platinum / Original Megas","ABSENT_FROM_CURRENT_DS_LIBRARY","LOCATE_GBA_SOURCE_THEN_CONVERT_FRONT_BACK","true","","","","","","","0","approve","true"
"probopass-alternate-form-1","Probopass","Probopass — Alternate (Form 1)","Reborn / Plates of Arceus","ABSENT_FROM_CURRENT_DS_LIBRARY","LOCATE_GBA_SOURCE_THEN_CONVERT_FRONT_BACK","true","","","","","","","0","approve","true"
"skitty-alternate-form-1","Skitty","Skitty — Alternate (Form 1)","Reborn / Plates of Arceus","ABSENT_FROM_CURRENT_DS_LIBRARY","LOCATE_GBA_SOURCE_THEN_CONVERT_FRONT_BACK","true","","","","","","","0","approve","true"
"delcatty-alternate-form-1","Delcatty","Delcatty — Alternate (Form 1)","Reborn / Plates of Arceus","ABSENT_FROM_CURRENT_DS_LIBRARY","LOCATE_GBA_SOURCE_THEN_CONVERT_FRONT_BACK","true","","","","","","","0","approve","true"
"sableye-alternate-gemstone-mega-form-3","Sableye","Sableye — Alternate / Gemstone Mega (Form 3)","Reborn / Plates of Arceus","ABSENT_FROM_CURRENT_DS_LIBRARY","LOCATE_GBA_SOURCE_THEN_CONVERT_FRONT_BACK","true","","","","","","","0","approve","true"
"electrike-alternate-form-2","Electrike","Electrike — Alternate (Form 2)","Reborn / Plates of Arceus","ABSENT_FROM_CURRENT_DS_LIBRARY","LOCATE_GBA_SOURCE_THEN_CONVERT_FRONT_BACK","true","","","","","","","0","approve","true"
"manectric-mega-alternate-form-3","Manectric","Manectric — Mega Alternate (Form 3)","Reborn / Plates of Arceus","ABSENT_FROM_CURRENT_DS_LIBRARY","LOCATE_GBA_SOURCE_THEN_CONVERT_FRONT_BACK","true","","","","","","","0","approve","true"
"mega-roserade","Roserade","Mega Roserade","Banished Platinum / Original Megas","ABSENT_FROM_CURRENT_DS_LIBRARY","LOCATE_GBA_SOURCE_THEN_CONVERT_FRONT_BACK","true","","","","","","","0","approve","true"
"swalot-alternate-form-1","Swalot","Swalot — Alternate (Form 1)","Reborn / Plates of Arceus","ABSENT_FROM_CURRENT_DS_LIBRARY","LOCATE_GBA_SOURCE_THEN_CONVERT_FRONT_BACK","true","","","","","","","0","approve","true"
"wailmer-alternate-form-1","Wailmer","Wailmer — Alternate (Form 1)","Reborn / Plates of Arceus","ABSENT_FROM_CURRENT_DS_LIBRARY","LOCATE_GBA_SOURCE_THEN_CONVERT_FRONT_BACK","true","","","","","","","0","approve","true"
"wailord-alternate-form-1","Wailord","Wailord — Alternate (Form 1)","Reborn / Plates of Arceus","ABSENT_FROM_CURRENT_DS_LIBRARY","LOCATE_GBA_SOURCE_THEN_CONVERT_FRONT_BACK","true","","","","","","","0","approve","true"
"trapinch-redux","Trapinch","Trapinch Redux","Elite Redux","DS_FRONT_PRESENT_BACK_MISSING","RECOVER_OR_CONVERT_BACK_SPRITE","true","DS_CUSTOM_LIBRARY/converted/Elite_Redux_Bulk/trapinch_redux/front.png","","Delta Trapinch","Ice","Bug","Trapinch / Flygon","1","approve","true"
"vibrava-redux","Vibrava","Vibrava Redux","Elite Redux","DS_FRONT_PRESENT_BACK_MISSING","RECOVER_OR_CONVERT_BACK_SPRITE","true","DS_CUSTOM_LIBRARY/converted/Elite_Redux_Bulk/vibrava_redux/front.png","","Delta Vibrava","Ice","Bug","Trapinch / Flygon","1","approve","true"
"flygon-redux","Flygon","Flygon Redux","Elite Redux","DS_FRONT_PRESENT_BACK_MISSING","RECOVER_OR_CONVERT_BACK_SPRITE","true","DS_CUSTOM_LIBRARY/converted/Elite_Redux_Bulk/flygon_redux/front.png","","Delta Flygon","Bug","Dragon","Trapinch / Flygon","1","approve","true"
"flygon-redux-mega","Flygon","Flygon Redux Mega","Elite Redux","DS_FRONT_PRESENT_BACK_MISSING","RECOVER_OR_CONVERT_BACK_SPRITE","true","DS_CUSTOM_LIBRARY/converted/Elite_Redux_Bulk/flygon_redux_mega/front.png","","Mega Delta Flygon","Ice","Bug","Trapinch / Flygon","1","approve","true"
"altaria-alternate-form-2","Altaria","Altaria — Alternate (Form 2)","Reborn / Plates of Arceus","ABSENT_FROM_CURRENT_DS_LIBRARY","LOCATE_GBA_SOURCE_THEN_CONVERT_FRONT_BACK","true","","","","","","","0","approve","true"
"altaria-alternate-mega-form-3","Altaria","Altaria — Alternate Mega (Form 3)","Reborn / Plates of Arceus","ABSENT_FROM_CURRENT_DS_LIBRARY","LOCATE_GBA_SOURCE_THEN_CONVERT_FRONT_BACK","true","","","","","","","0","approve","true"
"revenclaw","Revenclaw","Revenclaw","Mercury Redux Custom","ABSENT_FROM_CURRENT_DS_LIBRARY","LOCATE_GBA_SOURCE_THEN_CONVERT_FRONT_BACK","true","","","","","","","0","approve","true"
"venagon","Venagon","Venagon","Mercury Redux Custom","ABSENT_FROM_CURRENT_DS_LIBRARY","LOCATE_GBA_SOURCE_THEN_CONVERT_FRONT_BACK","true","","","","","","","0","approve","true"
"mega-milotic","Milotic","Mega Milotic","Banished Platinum / Original Megas","ABSENT_FROM_CURRENT_DS_LIBRARY","LOCATE_GBA_SOURCE_THEN_CONVERT_FRONT_BACK","true","","","","","","","0","approve","true"
"dusknoir-alternate-form-1","Dusknoir","Dusknoir — Alternate (Form 1)","Reborn / Plates of Arceus","ABSENT_FROM_CURRENT_DS_LIBRARY","LOCATE_GBA_SOURCE_THEN_CONVERT_FRONT_BACK","true","","","","","","","0","approve","true"
"froslass-mega-x","Froslass","Froslass Mega X","Elite Redux","ABSENT_FROM_CURRENT_DS_LIBRARY","LOCATE_GBA_SOURCE_THEN_CONVERT_FRONT_BACK","true","","","","","","","0","approve","true"
"salamence-alternate-form-2","Salamence","Salamence — Alternate (Form 2)","Reborn / Plates of Arceus","ABSENT_FROM_CURRENT_DS_LIBRARY","LOCATE_GBA_SOURCE_THEN_CONVERT_FRONT_BACK","true","","","","","","","0","approve","true"
"salamence-alternate-mega-form-3","Salamence","Salamence — Alternate Mega (Form 3)","Reborn / Plates of Arceus","ABSENT_FROM_CURRENT_DS_LIBRARY","LOCATE_GBA_SOURCE_THEN_CONVERT_FRONT_BACK","true","","","","","","","0","approve","true"
"beldum-alternate-form-2","Beldum","Beldum — Alternate (Form 2)","Reborn / Plates of Arceus","ABSENT_FROM_CURRENT_DS_LIBRARY","LOCATE_GBA_SOURCE_THEN_CONVERT_FRONT_BACK","true","","","","","","","0","approve","true"
"metang-alternate-form-2","Metang","Metang — Alternate (Form 2)","Reborn / Plates of Arceus","ABSENT_FROM_CURRENT_DS_LIBRARY","LOCATE_GBA_SOURCE_THEN_CONVERT_FRONT_BACK","true","","","","","","","0","approve","true"
"metagross-alternate-form-2","Metagross","Metagross — Alternate (Form 2)","Reborn / Plates of Arceus","ABSENT_FROM_CURRENT_DS_LIBRARY","LOCATE_GBA_SOURCE_THEN_CONVERT_FRONT_BACK","true","","","","","","","0","approve","true"
"metagross-alternate-mega-form-3","Metagross","Metagross — Alternate Mega (Form 3)","Reborn / Plates of Arceus","ABSENT_FROM_CURRENT_DS_LIBRARY","LOCATE_GBA_SOURCE_THEN_CONVERT_FRONT_BACK","true","","","","","","","0","approve","true"
"cranidos-alternate-form-1","Cranidos","Cranidos — Alternate (Form 1)","Reborn / Plates of Arceus","ABSENT_FROM_CURRENT_DS_LIBRARY","LOCATE_GBA_SOURCE_THEN_CONVERT_FRONT_BACK","true","","","","","","","0","approve","true"
"mega-rampardos","Rampardos","Mega Rampardos","Banished Platinum / Original Megas","ABSENT_FROM_CURRENT_DS_LIBRARY","LOCATE_GBA_SOURCE_THEN_CONVERT_FRONT_BACK","true","","","","","","","0","approve","true"
"shieldon-alternate-form-1","Shieldon","Shieldon — Alternate (Form 1)","Reborn / Plates of Arceus","ABSENT_FROM_CURRENT_DS_LIBRARY","LOCATE_GBA_SOURCE_THEN_CONVERT_FRONT_BACK","true","","","","","","","0","approve","true"
"mega-bastiodon","Bastiodon","Mega Bastiodon","Banished Platinum / Original Megas","ABSENT_FROM_CURRENT_DS_LIBRARY","LOCATE_GBA_SOURCE_THEN_CONVERT_FRONT_BACK","true","","","","","","","0","approve","true"
"combee-alternate-form-1","Combee","Combee — Alternate (Form 1)","Reborn / Plates of Arceus","ABSENT_FROM_CURRENT_DS_LIBRARY","LOCATE_GBA_SOURCE_THEN_CONVERT_FRONT_BACK","true","","","","","","","0","approve","true"
"vespiquen-alternate-form-1","Vespiquen","Vespiquen — Alternate (Form 1)","Reborn / Plates of Arceus","ABSENT_FROM_CURRENT_DS_LIBRARY","LOCATE_GBA_SOURCE_THEN_CONVERT_FRONT_BACK","true","","","","","","","0","approve","true"
"mega-spiritomb","Spiritomb","Mega Spiritomb","Banished Platinum / Original Megas","ABSENT_FROM_CURRENT_DS_LIBRARY","LOCATE_GBA_SOURCE_THEN_CONVERT_FRONT_BACK","true","","","","","","","0","approve","true"
"carnivine-alternate-form-2","Carnivine","Carnivine — Alternate (Form 2)","Reborn / Plates of Arceus","ABSENT_FROM_CURRENT_DS_LIBRARY","LOCATE_GBA_SOURCE_THEN_CONVERT_FRONT_BACK","true","","","","","","","0","approve","true"
"purrloin-alternate-form-1","Purrloin","Purrloin — Alternate (Form 1)","Reborn / Plates of Arceus","ABSENT_FROM_CURRENT_DS_LIBRARY","LOCATE_GBA_SOURCE_THEN_CONVERT_FRONT_BACK","true","","","","","","","0","approve","true"
"liepard-alternate-form-1","Liepard","Liepard — Alternate (Form 1)","Reborn / Plates of Arceus","ABSENT_FROM_CURRENT_DS_LIBRARY","LOCATE_GBA_SOURCE_THEN_CONVERT_FRONT_BACK","true","","","","","","","0","approve","true"
"munna-alternate-form-1","Munna","Munna — Alternate (Form 1)","Reborn / Plates of Arceus","ABSENT_FROM_CURRENT_DS_LIBRARY","LOCATE_GBA_SOURCE_THEN_CONVERT_FRONT_BACK","true","","","","","","","0","approve","true"
"musharna-alternate-form-1","Musharna","Musharna — Alternate (Form 1)","Reborn / Plates of Arceus","ABSENT_FROM_CURRENT_DS_LIBRARY","LOCATE_GBA_SOURCE_THEN_CONVERT_FRONT_BACK","true","","","","","","","0","approve","true"
"petilil-alternate-form-1","Petilil","Petilil — Alternate (Form 1)","Reborn / Plates of Arceus","ABSENT_FROM_CURRENT_DS_LIBRARY","LOCATE_GBA_SOURCE_THEN_CONVERT_FRONT_BACK","true","","","","","","","0","approve","true"
"lilligant-alternate-form-1","Lilligant","Lilligant — Alternate (Form 1)","Reborn / Plates of Arceus","ABSENT_FROM_CURRENT_DS_LIBRARY","LOCATE_GBA_SOURCE_THEN_CONVERT_FRONT_BACK","true","","","","","","","0","approve","true"
"sandile-alternate-form-1","Sandile","Sandile — Alternate (Form 1)","Reborn / Plates of Arceus","ABSENT_FROM_CURRENT_DS_LIBRARY","LOCATE_GBA_SOURCE_THEN_CONVERT_FRONT_BACK","true","","","","","","","0","approve","true"
"krokorok-alternate-form-1","Krokorok","Krokorok — Alternate (Form 1)","Reborn / Plates of Arceus","ABSENT_FROM_CURRENT_DS_LIBRARY","LOCATE_GBA_SOURCE_THEN_CONVERT_FRONT_BACK","true","","","","","","","0","approve","true"
"krookodile-alternate-form-1","Krookodile","Krookodile — Alternate (Form 1)","Reborn / Plates of Arceus","ABSENT_FROM_CURRENT_DS_LIBRARY","LOCATE_GBA_SOURCE_THEN_CONVERT_FRONT_BACK","true","","","","","","","0","approve","true"
"blunder-darmanitan","Darmanitan","Blunder-Darmanitan","Elite Redux","ABSENT_FROM_CURRENT_DS_LIBRARY","LOCATE_GBA_SOURCE_THEN_CONVERT_FRONT_BACK","true","","","","","","","0","approve","true"
"dwebble-alternate-form-1","Dwebble","Dwebble — Alternate (Form 1)","Reborn / Plates of Arceus","ABSENT_FROM_CURRENT_DS_LIBRARY","LOCATE_GBA_SOURCE_THEN_CONVERT_FRONT_BACK","true","","","","","","","0","approve","true"
"crustle-alternate-form-1","Crustle","Crustle — Alternate (Form 1)","Reborn / Plates of Arceus","ABSENT_FROM_CURRENT_DS_LIBRARY","LOCATE_GBA_SOURCE_THEN_CONVERT_FRONT_BACK","true","","","","","","","0","approve","true"
"escavalier-alternate-form-1","Escavalier","Escavalier — Alternate (Form 1)","Reborn / Plates of Arceus","ABSENT_FROM_CURRENT_DS_LIBRARY","LOCATE_GBA_SOURCE_THEN_CONVERT_FRONT_BACK","true","","","","","","","0","approve","true"
"accelgor-alternate-form-1","Accelgor","Accelgor — Alternate (Form 1)","Reborn / Plates of Arceus","ABSENT_FROM_CURRENT_DS_LIBRARY","LOCATE_GBA_SOURCE_THEN_CONVERT_FRONT_BACK","true","","","","","","","0","approve","true"
"klang-alternate-form-1","Klang","Klang — Alternate (Form 1)","Reborn / Plates of Arceus","ABSENT_FROM_CURRENT_DS_LIBRARY","LOCATE_GBA_SOURCE_THEN_CONVERT_FRONT_BACK","true","","","","","","","0","approve","true"
"klinklang-alternate-form-1","Klinklang","Klinklang — Alternate (Form 1)","Reborn / Plates of Arceus","ABSENT_FROM_CURRENT_DS_LIBRARY","LOCATE_GBA_SOURCE_THEN_CONVERT_FRONT_BACK","true","","","","","","","0","approve","true"
"eelektrik-alternate-form-1","Eelektrik","Eelektrik — Alternate (Form 1)","Reborn / Plates of Arceus","ABSENT_FROM_CURRENT_DS_LIBRARY","LOCATE_GBA_SOURCE_THEN_CONVERT_FRONT_BACK","true","","","","","","","0","approve","true"
"eelektross-alternate-form-1","Eelektross","Eelektross — Alternate (Form 1)","Reborn / Plates of Arceus","ABSENT_FROM_CURRENT_DS_LIBRARY","LOCATE_GBA_SOURCE_THEN_CONVERT_FRONT_BACK","true","","","","","","","0","approve","true"
"chandelure-mega-x","Chandelure","Chandelure Mega X","Elite Redux","ABSENT_FROM_CURRENT_DS_LIBRARY","LOCATE_GBA_SOURCE_THEN_CONVERT_FRONT_BACK","true","","","","","","","0","approve","true"
"cryogonal-alternate-form-1","Cryogonal","Cryogonal — Alternate (Form 1)","Reborn / Plates of Arceus","ABSENT_FROM_CURRENT_DS_LIBRARY","LOCATE_GBA_SOURCE_THEN_CONVERT_FRONT_BACK","true","","","","","","","0","approve","true"
"mienfoo-bluetowel-alternate-form-form-1","Mienfoo","Mienfoo — BlueTowel Alternate form (Form 1)","Reborn / Plates of Arceus","ABSENT_FROM_CURRENT_DS_LIBRARY","LOCATE_GBA_SOURCE_THEN_CONVERT_FRONT_BACK","true","","","","","","","0","approve","true"
"mienshao-bluetowel-alternate-form-form-1","Mienshao","Mienshao — BlueTowel Alternate form (Form 1)","Reborn / Plates of Arceus","ABSENT_FROM_CURRENT_DS_LIBRARY","LOCATE_GBA_SOURCE_THEN_CONVERT_FRONT_BACK","true","","","","","","","0","approve","true"
"golett-alternate-form-1","Golett","Golett — Alternate (Form 1)","Reborn / Plates of Arceus","ABSENT_FROM_CURRENT_DS_LIBRARY","LOCATE_GBA_SOURCE_THEN_CONVERT_FRONT_BACK","true","","","","","","","0","approve","true"
"golurk-alternate-form-1","Golurk","Golurk — Alternate (Form 1)","Reborn / Plates of Arceus","ABSENT_FROM_CURRENT_DS_LIBRARY","LOCATE_GBA_SOURCE_THEN_CONVERT_FRONT_BACK","true","","","","","","","0","approve","true"
"durant-bluetowel-alternate-form-form-1","Durant","Durant — BlueTowel Alternate form (Form 1)","Reborn / Plates of Arceus","ABSENT_FROM_CURRENT_DS_LIBRARY","LOCATE_GBA_SOURCE_THEN_CONVERT_FRONT_BACK","true","","","","","","","0","approve","true"
"honedge-redux","Honedge","Honedge Redux","Elite Redux","DS_FRONT_PRESENT_BACK_MISSING","RECOVER_OR_CONVERT_BACK_SPRITE","true","DS_CUSTOM_LIBRARY/converted/Elite_Redux_Bulk/honedge_redux/front.png","","Delta Honedge","Fighting","Ghost","Honedge","1","approve","true"
"doublade-redux","Doublade","Doublade Redux","Elite Redux","DS_FRONT_PRESENT_BACK_MISSING","RECOVER_OR_CONVERT_BACK_SPRITE","true","DS_CUSTOM_LIBRARY/converted/Elite_Redux_Bulk/doublade_redux/front.png","","Delta Doublade","Fighting","Ghost","Honedge","1","approve","true"
"aegislash-blade-redux","Aegislash","Aegislash Blade Redux","Elite Redux","DS_FRONT_PRESENT_BACK_MISSING","RECOVER_OR_CONVERT_BACK_SPRITE","true","DS_CUSTOM_LIBRARY/converted/Elite_Redux_Bulk/aegislash_blade_redux/front.png","","Delta Aegislash","Fighting","Ghost","Honedge","1","approve","true"
"aegislash-redux","Aegislash","Aegislash Redux","Elite Redux","DS_FRONT_PRESENT_BACK_MISSING","RECOVER_OR_CONVERT_BACK_SPRITE","true","DS_CUSTOM_LIBRARY/converted/Elite_Redux_Bulk/aegislash_redux/front.png","","Delta Aegislash","Fighting","Ghost","Honedge","1","approve","true"
"aegislash-mega","Aegislash","Aegislash Mega","Elite Redux","ABSENT_FROM_CURRENT_DS_LIBRARY","LOCATE_GBA_SOURCE_THEN_CONVERT_FRONT_BACK","true","","","","","","","0","approve","true"
"aromatisse-alternate-form-1","Aromatisse","Aromatisse — Alternate (Form 1)","Reborn / Plates of Arceus","ABSENT_FROM_CURRENT_DS_LIBRARY","LOCATE_GBA_SOURCE_THEN_CONVERT_FRONT_BACK","true","","","","","","","0","approve","true"
"tyrunt-alternate-form-1","Tyrunt","Tyrunt — Alternate (Form 1)","Reborn / Plates of Arceus","ABSENT_FROM_CURRENT_DS_LIBRARY","LOCATE_GBA_SOURCE_THEN_CONVERT_FRONT_BACK","true","","","","","","","0","approve","true"
"tyrantrum-alternate-form-1","Tyrantrum","Tyrantrum — Alternate (Form 1)","Reborn / Plates of Arceus","ABSENT_FROM_CURRENT_DS_LIBRARY","LOCATE_GBA_SOURCE_THEN_CONVERT_FRONT_BACK","true","","","","","","","0","approve","true"
"amaura-alternate-form-1","Amaura","Amaura — Alternate (Form 1)","Reborn / Plates of Arceus","ABSENT_FROM_CURRENT_DS_LIBRARY","LOCATE_GBA_SOURCE_THEN_CONVERT_FRONT_BACK","true","","","","","","","0","approve","true"
"aurorus-alternate-form-1","Aurorus","Aurorus — Alternate (Form 1)","Reborn / Plates of Arceus","ABSENT_FROM_CURRENT_DS_LIBRARY","LOCATE_GBA_SOURCE_THEN_CONVERT_FRONT_BACK","true","","","","","","","0","approve","true"
"noibat-alternate-form-1","Noibat","Noibat — Alternate (Form 1)","Reborn / Plates of Arceus","ABSENT_FROM_CURRENT_DS_LIBRARY","LOCATE_GBA_SOURCE_THEN_CONVERT_FRONT_BACK","true","","","","","","","0","approve","true"
"noivern-alternate-form-1","Noivern","Noivern — Alternate (Form 1)","Reborn / Plates of Arceus","ABSENT_FROM_CURRENT_DS_LIBRARY","LOCATE_GBA_SOURCE_THEN_CONVERT_FRONT_BACK","true","","","","","","","0","approve","true"
"crabrawler-redux","Crabrawler","Crabrawler Redux","Elite Redux","DS_FRONT_PRESENT_BACK_MISSING","RECOVER_OR_CONVERT_BACK_SPRITE","true","DS_CUSTOM_LIBRARY/converted/Elite_Redux_Bulk/crabrawler_redux/front.png","","Delta Crabrawler","Fighting","Dark","Crabrawler","1","approve","true"
"crabominable-redux","Crabominable","Crabominable Redux","Elite Redux","DS_FRONT_PRESENT_BACK_MISSING","RECOVER_OR_CONVERT_BACK_SPRITE","true","DS_CUSTOM_LIBRARY/converted/Elite_Redux_Bulk/crabominable_redux/front.png","","Delta Crabominable","Fighting","Dark","Crabrawler","1","approve","true"
"tsareena-mega","Tsareena","Tsareena Mega","Elite Redux","DS_FRONT_PRESENT_BACK_MISSING","RECOVER_OR_CONVERT_BACK_SPRITE","true","DS_CUSTOM_LIBRARY/converted/Elite_Redux_Bulk/tsareena_mega/front.png","","Mega Tsareena","Psychic","Fairy","Bounsweet","1","approve","true"
"golisopod-mega-y","Golisopod","Golisopod Mega Y","Elite Redux","DS_FRONT_PRESENT_BACK_MISSING","RECOVER_OR_CONVERT_BACK_SPRITE","true","DS_CUSTOM_LIBRARY/converted/Elite_Redux_Bulk/golisopod_mega_y/front.png","","Golisopod Mega Y","Normal","","Unresolved family / relationship","1","approve","true"
"hakamo-o-alternate-form-1","Hakamo-o","Hakamo-o — Alternate (Form 1)","Reborn / Plates of Arceus","ABSENT_FROM_CURRENT_DS_LIBRARY","LOCATE_GBA_SOURCE_THEN_CONVERT_FRONT_BACK","true","","","","","","","0","approve","true"
"kommo-o-alternate-form-1","Kommo-o","Kommo-o — Alternate (Form 1)","Reborn / Plates of Arceus","ABSENT_FROM_CURRENT_DS_LIBRARY","LOCATE_GBA_SOURCE_THEN_CONVERT_FRONT_BACK","true","","","","","","","0","approve","true"
"cinderace-mega","Cinderace","Cinderace Mega","Elite Redux","ABSENT_FROM_CURRENT_DS_LIBRARY","LOCATE_GBA_SOURCE_THEN_CONVERT_FRONT_BACK","true","","","","","","","0","approve","true"
"inteleon-mega","Inteleon","Inteleon Mega","Elite Redux","ABSENT_FROM_CURRENT_DS_LIBRARY","LOCATE_GBA_SOURCE_THEN_CONVERT_FRONT_BACK","true","","","","","","","0","approve","true"
"drednaw-mega","Drednaw","Drednaw Mega","Elite Redux","ABSENT_FROM_CURRENT_DS_LIBRARY","LOCATE_GBA_SOURCE_THEN_CONVERT_FRONT_BACK","true","","","","","","","0","approve","true"
"coalossal-mega","Coalossal","Coalossal Mega","Elite Redux","ABSENT_FROM_CURRENT_DS_LIBRARY","LOCATE_GBA_SOURCE_THEN_CONVERT_FRONT_BACK","true","","","","","","","0","approve","true"
"toxtricity-mega","Toxtricity","Toxtricity Mega","Elite Redux","ABSENT_FROM_CURRENT_DS_LIBRARY","LOCATE_GBA_SOURCE_THEN_CONVERT_FRONT_BACK","true","","","","","","","0","approve","true"
"hatterene-mega","Hatterene","Hatterene Mega","Elite Redux","ABSENT_FROM_CURRENT_DS_LIBRARY","LOCATE_GBA_SOURCE_THEN_CONVERT_FRONT_BACK","true","","","","","","","0","approve","true"
"cetoddle-redux","Cetoddle","Cetoddle Redux","Elite Redux","DS_FRONT_PRESENT_BACK_MISSING","RECOVER_OR_CONVERT_BACK_SPRITE","true","DS_CUSTOM_LIBRARY/converted/Elite_Redux_Bulk/cetoddle_redux/front.png","","Delta Cetoddle","Steel","","Cetoddle","1","approve","true"
"cetitan-redux","Cetitan","Cetitan Redux","Elite Redux","DS_FRONT_PRESENT_BACK_MISSING","RECOVER_OR_CONVERT_BACK_SPRITE","true","DS_CUSTOM_LIBRARY/converted/Elite_Redux_Bulk/cetitan_redux/front.png","","Delta Cetitan","Steel","Dark","Cetoddle","1","approve","true"
"amphybuzz","Amphybuzz","Amphybuzz","Elite Redux","DS_FRONT_PRESENT_BACK_MISSING","RECOVER_OR_CONVERT_BACK_SPRITE","true","DS_CUSTOM_LIBRARY/converted/Elite_Redux_Bulk/amphybuzz/front.png","","Amphybuzz","Normal","","Unresolved family / relationship","1","approve","true"
"amphybuzz-mega","Amphybuzz","Amphybuzz Mega","Elite Redux","DS_FRONT_PRESENT_BACK_MISSING","RECOVER_OR_CONVERT_BACK_SPRITE","true","DS_CUSTOM_LIBRARY/converted/Elite_Redux_Bulk/amphybuzz_mega/front.png","","Amphybuzz Mega","Normal","","Unresolved family / relationship","1","approve","true"
"bariong","Bariong","Bariong","Elite Redux","DS_FRONT_PRESENT_BACK_MISSING","RECOVER_OR_CONVERT_BACK_SPRITE","true","DS_CUSTOM_LIBRARY/converted/Elite_Redux_Bulk/bariong/front.png","","Bariong","Normal","","Unresolved family / relationship","1","approve","true"
"bewarden-redux","Bewarden","Bewarden Redux","Elite Redux","DS_FRONT_PRESENT_BACK_MISSING","RECOVER_OR_CONVERT_BACK_SPRITE","true","DS_CUSTOM_LIBRARY/converted/Elite_Redux_Bulk/bewarden_redux/front.png","","Bewarden Redux","Normal","","Unresolved family / relationship","1","approve","true"
"bewarden","Bewarden","Bewarden","Elite Redux","DS_FRONT_PRESENT_BACK_MISSING","RECOVER_OR_CONVERT_BACK_SPRITE","true","DS_CUSTOM_LIBRARY/converted/Elite_Redux_Bulk/bewarden/front.png","","Bewarden","Normal","","Unresolved family / relationship","1","approve","true"
"blocli","Blocli","Blocli","Elite Redux","DS_FRONT_PRESENT_BACK_MISSING","RECOVER_OR_CONVERT_BACK_SPRITE","true","DS_CUSTOM_LIBRARY/converted/Elite_Redux_Bulk/blocli/front.png","","Blocli","Normal","","Unresolved family / relationship","1","approve","true"
"bloxtack","Bloxtack","Bloxtack","Elite Redux","DS_FRONT_PRESENT_BACK_MISSING","RECOVER_OR_CONVERT_BACK_SPRITE","true","DS_CUSTOM_LIBRARY/converted/Elite_Redux_Bulk/bloxtack/front.png","","Bloxtack","Normal","","Unresolved family / relationship","1","approve","true"
"breezing","Breezing","Breezing","Elite Redux","DS_FRONT_PRESENT_BACK_MISSING","RECOVER_OR_CONVERT_BACK_SPRITE","true","DS_CUSTOM_LIBRARY/converted/Elite_Redux_Bulk/breezing/front.png","","Breezing","Normal","","Unresolved family / relationship","1","approve","true"
"bubbleo","Bubbleo","Bubbleo","Elite Redux","DS_FRONT_PRESENT_BACK_MISSING","RECOVER_OR_CONVERT_BACK_SPRITE","true","DS_CUSTOM_LIBRARY/converted/Elite_Redux_Bulk/bubbleo/front.png","","Bubbleo","Normal","","Unresolved family / relationship","1","approve","true"
"carbonix-mega","Carbonix","Carbonix Mega","Elite Redux","DS_FRONT_PRESENT_BACK_MISSING","RECOVER_OR_CONVERT_BACK_SPRITE","true","DS_CUSTOM_LIBRARY/converted/Elite_Redux_Bulk/carbonix_mega/front.png","","Carbonix Mega","Normal","","Unresolved family / relationship","1","approve","true"
"clawtificer","Clawtificer","Clawtificer","Elite Redux","ABSENT_FROM_CURRENT_DS_LIBRARY","LOCATE_GBA_SOURCE_THEN_CONVERT_FRONT_BACK","true","","","","","","","0","approve","true"
"corm","Corm","Corm","Elite Redux","DS_FRONT_PRESENT_BACK_MISSING","RECOVER_OR_CONVERT_BACK_SPRITE","true","DS_CUSTOM_LIBRARY/converted/Elite_Redux_Bulk/corm/front.png","","Corm","Normal","","Unresolved family / relationship","1","approve","true"
"cormoth","Cormoth","Cormoth","Elite Redux","DS_FRONT_PRESENT_BACK_MISSING","RECOVER_OR_CONVERT_BACK_SPRITE","true","DS_CUSTOM_LIBRARY/converted/Elite_Redux_Bulk/cormoth/front.png","","Cormoth","Bug","","Unresolved family / relationship","1","approve","true"
"cormoth-mega","Cormoth","Cormoth Mega","Elite Redux","DS_FRONT_PRESENT_BACK_MISSING","RECOVER_OR_CONVERT_BACK_SPRITE","true","DS_CUSTOM_LIBRARY/converted/Elite_Redux_Bulk/cormoth_mega/front.png","","Cormoth Mega","Bug","","Unresolved family / relationship","1","approve","true"
"corn-tyrant","Corn Tyrant","Corn Tyrant","Elite Redux","ABSENT_FROM_CURRENT_DS_LIBRARY","LOCATE_GBA_SOURCE_THEN_CONVERT_FRONT_BACK","true","","","","","","","0","approve","true"
"crabruiser","Crabruiser","Crabruiser","Elite Redux","DS_FRONT_PRESENT_BACK_MISSING","RECOVER_OR_CONVERT_BACK_SPRITE","true","DS_CUSTOM_LIBRARY/converted/Elite_Redux_Bulk/crabruiser/front.png","","Crabruiser","Normal","","Unresolved family / relationship","1","approve","true"
"crag-hopper","Crag Hopper","Crag Hopper","Elite Redux","ABSENT_FROM_CURRENT_DS_LIBRARY","LOCATE_GBA_SOURCE_THEN_CONVERT_FRONT_BACK","true","","","","","","","0","approve","true"
"crawdauntless","Crawdauntless","Crawdauntless","Elite Redux","ABSENT_FROM_CURRENT_DS_LIBRARY","LOCATE_GBA_SOURCE_THEN_CONVERT_FRONT_BACK","true","","","","","","","0","approve","true"
"eraticate","Eraticate","Eraticate","Elite Redux","DS_FRONT_PRESENT_BACK_MISSING","RECOVER_OR_CONVERT_BACK_SPRITE","true","DS_CUSTOM_LIBRARY/converted/Elite_Redux_Bulk/eraticate/front.png","","Eraticate","Normal","","Unresolved family / relationship","1","approve","true"
"fluffbee","Fluffbee","Fluffbee","Elite Redux","DS_FRONT_PRESENT_BACK_MISSING","RECOVER_OR_CONVERT_BACK_SPRITE","true","DS_CUSTOM_LIBRARY/converted/Elite_Redux_Bulk/fluffbee/front.png","","Fluffbee","Bug","","Unresolved family / relationship","1","approve","true"
"fogging","Fogging","Fogging","Elite Redux","DS_FRONT_PRESENT_BACK_MISSING","RECOVER_OR_CONVERT_BACK_SPRITE","true","DS_CUSTOM_LIBRARY/converted/Elite_Redux_Bulk/fogging/front.png","","Fogging","Normal","","Unresolved family / relationship","1","approve","true"
"frostuccino","Frostuccino","Frostuccino","Elite Redux","DS_FRONT_PRESENT_BACK_MISSING","RECOVER_OR_CONVERT_BACK_SPRITE","true","DS_CUSTOM_LIBRARY/converted/Elite_Redux_Bulk/frostuccino/front.png","","Frostuccino","Ice","","Unresolved family / relationship","1","approve","true"
"frostula","Frostula","Frostula","Elite Redux","DS_FRONT_PRESENT_BACK_MISSING","RECOVER_OR_CONVERT_BACK_SPRITE","true","DS_CUSTOM_LIBRARY/converted/Elite_Redux_Bulk/frostula/front.png","","Frostula","Ice","","Unresolved family / relationship","1","approve","true"
"gargablox","Gargablox","Gargablox","Elite Redux","DS_FRONT_PRESENT_BACK_MISSING","RECOVER_OR_CONVERT_BACK_SPRITE","true","DS_CUSTOM_LIBRARY/converted/Elite_Redux_Bulk/gargablox/front.png","","Gargablox","Normal","","Unresolved family / relationship","1","approve","true"
"grotom","Grotom","Grotom","Elite Redux","DS_FRONT_PRESENT_BACK_MISSING","RECOVER_OR_CONVERT_BACK_SPRITE","true","DS_CUSTOM_LIBRARY/converted/Elite_Redux_Bulk/grotom/front.png","","Grotom","Normal","","Unresolved family / relationship","1","approve","true"
"grotom-drum","Grotom Drum","Grotom Drum","Elite Redux","DS_FRONT_PRESENT_BACK_MISSING","RECOVER_OR_CONVERT_BACK_SPRITE","true","DS_CUSTOM_LIBRARY/converted/Elite_Redux_Bulk/grotom_drum/front.png","","Grotom Drum","Normal","","Unresolved family / relationship","1","approve","true"
"grotom-fill","Grotom Fill","Grotom Fill","Elite Redux","DS_FRONT_PRESENT_BACK_MISSING","RECOVER_OR_CONVERT_BACK_SPRITE","true","DS_CUSTOM_LIBRARY/converted/Elite_Redux_Bulk/grotom_fill/front.png","","Grotom Fill","Normal","","Unresolved family / relationship","1","approve","true"
"grotom-glass","Grotom Glass","Grotom Glass","Elite Redux","DS_FRONT_PRESENT_BACK_MISSING","RECOVER_OR_CONVERT_BACK_SPRITE","true","DS_CUSTOM_LIBRARY/converted/Elite_Redux_Bulk/grotom_glass/front.png","","Grotom Glass","Normal","","Unresolved family / relationship","1","approve","true"
"grotom-kick","Grotom Kick","Grotom Kick","Elite Redux","DS_FRONT_PRESENT_BACK_MISSING","RECOVER_OR_CONVERT_BACK_SPRITE","true","DS_CUSTOM_LIBRARY/converted/Elite_Redux_Bulk/grotom_kick/front.png","","Grotom Kick","Fighting","","Unresolved family / relationship","1","approve","true"
"grotom-roll","Grotom Roll","Grotom Roll","Elite Redux","DS_FRONT_PRESENT_BACK_MISSING","RECOVER_OR_CONVERT_BACK_SPRITE","true","DS_CUSTOM_LIBRARY/converted/Elite_Redux_Bulk/grotom_roll/front.png","","Grotom Roll","Normal","","Unresolved family / relationship","1","approve","true"
"gyaradeath-mega-x","Gyaradeath","Gyaradeath Mega X","Elite Redux","DS_FRONT_PRESENT_BACK_MISSING","RECOVER_OR_CONVERT_BACK_SPRITE","true","DS_CUSTOM_LIBRARY/converted/Elite_Redux_Bulk/gyaradeath_mega_x/front.png","","Gyaradeath Mega X","Normal","","Unresolved family / relationship","1","approve","true"
"gyaradeath-mega-y","Gyaradeath","Gyaradeath Mega Y","Elite Redux","DS_FRONT_PRESENT_BACK_MISSING","RECOVER_OR_CONVERT_BACK_SPRITE","true","DS_CUSTOM_LIBRARY/converted/Elite_Redux_Bulk/gyaradeath_mega_y/front.png","","Gyaradeath Mega Y","Normal","","Unresolved family / relationship","1","approve","true"
"gyarevelry","Gyarevelry","Gyarevelry","Elite Redux","ABSENT_FROM_CURRENT_DS_LIBRARY","LOCATE_GBA_SOURCE_THEN_CONVERT_FRONT_BACK","true","","","","","","","0","approve","true"
"heliomodo","Heliomodo","Heliomodo","Elite Redux","ABSENT_FROM_CURRENT_DS_LIBRARY","LOCATE_GBA_SOURCE_THEN_CONVERT_FRONT_BACK","true","","","","","","","0","approve","true"
"heracreus","Heracreus","Heracreus","Elite Redux","DS_FRONT_PRESENT_BACK_MISSING","RECOVER_OR_CONVERT_BACK_SPRITE","true","DS_CUSTOM_LIBRARY/converted/Elite_Redux_Bulk/heracreus/front.png","","Heracreus","Normal","","Unresolved family / relationship","1","approve","true"
"heracreus-mega","Heracreus","Heracreus Mega","Elite Redux","DS_FRONT_PRESENT_BACK_MISSING","RECOVER_OR_CONVERT_BACK_SPRITE","true","DS_CUSTOM_LIBRARY/converted/Elite_Redux_Bulk/heracreus_mega/front.png","","Heracreus Mega","Normal","","Unresolved family / relationship","1","approve","true"
"hippopotato","Hippopotato","Hippopotato","Elite Redux","DS_FRONT_PRESENT_BACK_MISSING","RECOVER_OR_CONVERT_BACK_SPRITE","true","DS_CUSTOM_LIBRARY/converted/Elite_Redux_Bulk/hippopotato/front.png","","Hippopotato","Normal","","Unresolved family / relationship","1","approve","true"
"hippotaton","Hippotaton","Hippotaton","Elite Redux","DS_FRONT_PRESENT_BACK_MISSING","RECOVER_OR_CONVERT_BACK_SPRITE","true","DS_CUSTOM_LIBRARY/converted/Elite_Redux_Bulk/hippotaton/front.png","","Hippotaton","Normal","","Unresolved family / relationship","1","approve","true"
"hydroar","Hydroar","Hydroar","Elite Redux","DS_FRONT_PRESENT_BACK_MISSING","RECOVER_OR_CONVERT_BACK_SPRITE","true","DS_CUSTOM_LIBRARY/converted/Elite_Redux_Bulk/hydroar/front.png","","Hydroar","Normal","","Unresolved family / relationship","1","approve","true"
"hydroar-f","Hydroar F","Hydroar F","Elite Redux","DS_FRONT_PRESENT_BACK_MISSING","RECOVER_OR_CONVERT_BACK_SPRITE","true","DS_CUSTOM_LIBRARY/converted/Elite_Redux_Bulk/hydroar_f/front.png","","Hydroar F","Normal","","Unresolved family / relationship","1","approve","true"
"hypnocroak","Hypnocroak","Hypnocroak","Elite Redux","DS_FRONT_PRESENT_BACK_MISSING","RECOVER_OR_CONVERT_BACK_SPRITE","true","DS_CUSTOM_LIBRARY/converted/Elite_Redux_Bulk/hypnocroak/front.png","","Hypnocroak","Normal","","Unresolved family / relationship","1","approve","true"
"kilozuna","Kilozuna","Kilozuna","Elite Redux","DS_FRONT_PRESENT_BACK_MISSING","RECOVER_OR_CONVERT_BACK_SPRITE","true","DS_CUSTOM_LIBRARY/converted/Elite_Redux_Bulk/kilozuna/front.png","","Kilozuna","Normal","","Unresolved family / relationship","1","approve","true"
"kilozuna-mega","Kilozuna","Kilozuna Mega","Elite Redux","DS_FRONT_PRESENT_BACK_MISSING","RECOVER_OR_CONVERT_BACK_SPRITE","true","DS_CUSTOM_LIBRARY/converted/Elite_Redux_Bulk/kilozuna_mega/front.png","","Kilozuna Mega","Normal","","Unresolved family / relationship","1","approve","true"
"kipmodo","Kipmodo","Kipmodo","Elite Redux","DS_FRONT_PRESENT_BACK_MISSING","RECOVER_OR_CONVERT_BACK_SPRITE","true","DS_CUSTOM_LIBRARY/converted/Elite_Redux_Bulk/kipmodo/front.png","","Kipmodo","Normal","","Unresolved family / relationship","1","approve","true"
"lucineon","Lucineon","Lucineon","Elite Redux","ABSENT_FROM_CURRENT_DS_LIBRARY","LOCATE_GBA_SOURCE_THEN_CONVERT_FRONT_BACK","true","","","","","","","0","approve","true"
"luxzero-mega","Luxzero","Luxzero Mega","Elite Redux","DS_FRONT_PRESENT_BACK_MISSING","RECOVER_OR_CONVERT_BACK_SPRITE","true","DS_CUSTOM_LIBRARY/converted/Elite_Redux_Bulk/luxzero_mega/front.png","","Luxzero Mega","Normal","","Unresolved family / relationship","1","approve","true"
"magnemous","Magnemous","Magnemous","Elite Redux","ABSENT_FROM_CURRENT_DS_LIBRARY","LOCATE_GBA_SOURCE_THEN_CONVERT_FRONT_BACK","true","","","","","","","0","approve","true"
"marbeep","Marbeep","Marbeep","Elite Redux","DS_FRONT_PRESENT_BACK_MISSING","RECOVER_OR_CONVERT_BACK_SPRITE","true","DS_CUSTOM_LIBRARY/converted/Elite_Redux_Bulk/marbeep/front.png","","Marbeep","Bug","","Unresolved family / relationship","1","approve","true"
"marshmodo","Marshmodo","Marshmodo","Elite Redux","DS_FRONT_PRESENT_BACK_MISSING","RECOVER_OR_CONVERT_BACK_SPRITE","true","DS_CUSTOM_LIBRARY/converted/Elite_Redux_Bulk/marshmodo/front.png","","Marshmodo","Normal","","Unresolved family / relationship","1","approve","true"
"merrykarp","Merrykarp","Merrykarp","Elite Redux","DS_FRONT_PRESENT_BACK_MISSING","RECOVER_OR_CONVERT_BACK_SPRITE","true","DS_CUSTOM_LIBRARY/converted/Elite_Redux_Bulk/merrykarp/front.png","","Merrykarp","Normal","","Unresolved family / relationship","1","approve","true"
"morpekyll-hangry","Morpekyll Hangry","Morpekyll Hangry","Elite Redux","DS_FRONT_PRESENT_BACK_MISSING","RECOVER_OR_CONVERT_BACK_SPRITE","true","DS_CUSTOM_LIBRARY/converted/Elite_Redux_Bulk/morpekyll_hangry/front.png","","Morpekyll Hangry","Normal","","Unresolved family / relationship","1","approve","true"
"plundertow","Plundertow","Plundertow","Elite Redux","DS_FRONT_PRESENT_BACK_MISSING","RECOVER_OR_CONVERT_BACK_SPRITE","true","DS_CUSTOM_LIBRARY/converted/Elite_Redux_Bulk/plundertow/front.png","","Plundertow","Normal","","Unresolved family / relationship","1","approve","true"
"polartic-bluemoon","Polartic Bluemoon","Polartic Bluemoon","Elite Redux","DS_FRONT_PRESENT_BACK_MISSING","RECOVER_OR_CONVERT_BACK_SPRITE","true","DS_CUSTOM_LIBRARY/converted/Elite_Redux_Bulk/polartic_bluemoon/front.png","","Polartic Bluemoon","Normal","","Unresolved family / relationship","1","approve","true"
"popcorm","Popcorm","Popcorm","Elite Redux","DS_FRONT_PRESENT_BACK_MISSING","RECOVER_OR_CONVERT_BACK_SPRITE","true","DS_CUSTOM_LIBRARY/converted/Elite_Redux_Bulk/popcorm/front.png","","Popcorm","Normal","","Unresolved family / relationship","1","approve","true"
"popcorm-mega","Popcorm","Popcorm Mega","Elite Redux","DS_FRONT_PRESENT_BACK_MISSING","RECOVER_OR_CONVERT_BACK_SPRITE","true","DS_CUSTOM_LIBRARY/converted/Elite_Redux_Bulk/popcorm_mega/front.png","","Popcorm Mega","Normal","","Unresolved family / relationship","1","approve","true"
"rexcadrill","Rexcadrill","Rexcadrill","Elite Redux","DS_FRONT_PRESENT_BACK_MISSING","RECOVER_OR_CONVERT_BACK_SPRITE","true","DS_CUSTOM_LIBRARY/converted/Elite_Redux_Bulk/rexcadrill/front.png","","Rexcadrill","Normal","","Unresolved family / relationship","1","approve","true"
"selenumbra","Selenumbra","Selenumbra","Elite Redux","DS_FRONT_PRESENT_BACK_MISSING","RECOVER_OR_CONVERT_BACK_SPRITE","true","DS_CUSTOM_LIBRARY/converted/Elite_Redux_Bulk/selenumbra/front.png","","Selenumbra","Normal","","Unresolved family / relationship","1","approve","true"
"spindaze","Spindaze","Spindaze","Elite Redux","DS_FRONT_PRESENT_BACK_MISSING","RECOVER_OR_CONVERT_BACK_SPRITE","true","DS_CUSTOM_LIBRARY/converted/Elite_Redux_Bulk/spindaze/front.png","","Spindaze","Normal","","Unresolved family / relationship","1","approve","true"
"storming","Storming","Storming","Elite Redux","DS_FRONT_PRESENT_BACK_MISSING","RECOVER_OR_CONVERT_BACK_SPRITE","true","DS_CUSTOM_LIBRARY/converted/Elite_Redux_Bulk/storming/front.png","","Storming","Electric","","Unresolved family / relationship","1","approve","true"
"swampage","Swampage","Swampage","Elite Redux","DS_FRONT_PRESENT_BACK_MISSING","RECOVER_OR_CONVERT_BACK_SPRITE","true","DS_CUSTOM_LIBRARY/converted/Elite_Redux_Bulk/swampage/front.png","","Swampage","Normal","","Unresolved family / relationship","1","approve","true"
"terrow","Terrow","Terrow","Elite Redux","ABSENT_FROM_CURRENT_DS_LIBRARY","LOCATE_GBA_SOURCE_THEN_CONVERT_FRONT_BACK","true","","","","","","","0","approve","true"
"torrentula","Torrentula","Torrentula","Elite Redux","DS_FRONT_PRESENT_BACK_MISSING","RECOVER_OR_CONVERT_BACK_SPRITE","true","DS_CUSTOM_LIBRARY/converted/Elite_Redux_Bulk/torrentula/front.png","","Torrentula","Normal","","Unresolved family / relationship","1","approve","true"
"wispywaspy","Wispywaspy","Wispywaspy","Elite Redux","DS_FRONT_PRESENT_BACK_MISSING","RECOVER_OR_CONVERT_BACK_SPRITE","true","DS_CUSTOM_LIBRARY/converted/Elite_Redux_Bulk/wispywaspy/front.png","","Wispywaspy","Normal","","Unresolved family / relationship","1","approve","true"
"wispywaspy-hivemind","Wispywaspy Hivemind","Wispywaspy Hivemind","Elite Redux","DS_FRONT_PRESENT_BACK_MISSING","RECOVER_OR_CONVERT_BACK_SPRITE","true","DS_CUSTOM_LIBRARY/converted/Elite_Redux_Bulk/wispywaspy_hivemind/front.png","","Wispywaspy Hivemind","Psychic","","Unresolved family / relationship","1","approve","true"
