identity,dex,form,source_views
butterfree-alternate-form-1,12,1,4
pidgey-alternate-form-2,16,2,4
pidgeotto-alternate-form-2,17,2,4
pidgeot-alternate-form-2,18,2,4
pidgeot-mega-alternate-form-3,18,3,4
vulpix-alternate-form-2,37,2,4
poliwag-alternate-form-1,60,1,4
poliwhirl-alternate-form-1,61,1,4
poliwrath-alternate-form-1,62,1,4
politoed-alternate-form-1,186,1,4
geodude-bluetowel-alternate-forms-form-2,74,2,4
graveler-bluetowel-alternate-forms-form-2,75,2,4
golem-bluetowel-alternate-forms-form-2,76,2,4
hypno-alternate-form-2,97,2,4
koffing-bluetowel-alternate-forms-form-2,109,2,4
weezing-bluetowel-alternate-forms-form-2,110,2,4
staryu-alternate-form-1,120,1,4
starmie-alternate-form-1,121,1,4
flareon-alternate-form-3,136,3,4
leafeon-alternate-form-3,470,3,4
glaceon-alternate-form-3,471,3,4
sylveon-alternate-form-3,700,3,4
dragonite-alternate-form-1,149,1,4
feraligatr-alternate-form-1,160,1,4
hoothoot-alternate-form-1,163,1,4
ampharos-alternate-form-2,181,2,4
ampharos-alternate-mega-form-3,181,3,4
sunflora-alternate-form-1,192,1,4
misdreavus-alternate-form-2,200,2,4
mismagius-alternate-form-2,429,2,4
dunsparce-bt-alt-forms-earth-form-2,206,2,4
gliscor-alternate-form-1,472,1,4
snubbull-alternate-form-1,209,1,4
granbull-alternate-form-1,210,1,4
donphan-alternate-form-1,232,1,4
larvitar-space-form-4,246,4,4
pupitar-space-form-4,247,4,4
tyranitar-space-form-4,248,4,4
breloom-alternate-form-3,286,3,2
probopass-alternate-form-1,476,1,4
skitty-alternate-form-1,300,1,4
delcatty-alternate-form-1,301,1,4
sableye-alternate-gemstone-mega-form-3,302,3,4
electrike-alternate-form-2,309,2,4
manectric-mega-alternate-form-3,310,3,4
swalot-alternate-form-1,317,1,2
wailmer-alternate-form-1,320,1,4
wailord-alternate-form-1,321,1,4
altaria-alternate-form-2,334,2,4
altaria-alternate-mega-form-3,334,3,4
dusknoir-alternate-form-1,477,1,4
salamence-alternate-form-2,373,2,4
salamence-alternate-mega-form-3,373,3,4
beldum-alternate-form-2,374,2,4
metang-alternate-form-2,375,2,4
metagross-alternate-form-2,376,2,4
metagross-alternate-mega-form-3,376,3,4
cranidos-alternate-form-1,408,1,4
shieldon-alternate-form-1,410,1,4
combee-alternate-form-1,415,1,2
vespiquen-alternate-form-1,416,1,2
carnivine-alternate-form-2,455,2,4
purrloin-alternate-form-1,509,1,4
liepard-alternate-form-1,510,1,4
munna-alternate-form-1,517,1,4
musharna-alternate-form-1,518,1,4
petilil-alternate-form-1,548,1,4
lilligant-alternate-form-1,549,1,4
sandile-alternate-form-1,551,1,4
krokorok-alternate-form-1,552,1,4
krookodile-alternate-form-1,553,1,4
dwebble-alternate-form-1,557,1,2
crustle-alternate-form-1,558,1,2
escavalier-alternate-form-1,589,1,4
accelgor-alternate-form-1,617,1,4
klang-alternate-form-1,600,1,4
klinklang-alternate-form-1,601,1,4
eelektrik-alternate-form-1,603,1,4
eelektross-alternate-form-1,604,1,4
cryogonal-alternate-form-1,615,1,4
mienfoo-bluetowel-alternate-form-form-1,619,1,4
mienshao-bluetowel-alternate-form-form-1,620,1,4
golett-alternate-form-1,622,1,4
golurk-alternate-form-1,623,1,4
durant-bluetowel-alternate-form-form-1,632,1,4
aromatisse-alternate-form-1,683,1,4
tyrunt-alternate-form-1,696,1,4
tyrantrum-alternate-form-1,697,1,4
amaura-alternate-form-1,698,1,4
aurorus-alternate-form-1,699,1,4
noibat-alternate-form-1,714,1,4
noivern-alternate-form-1,715,1,4
hakamo-o-alternate-form-1,783,1,4
kommo-o-alternate-form-1,784,1,4
