ds_key,asset_count,categories,already_in_mercury
abomasnow-mega,8,back|back-shiny|front|front-shiny|icon|icon-frame2|other,True
absol-mega,8,back|back-shiny|front|front-shiny|icon|icon-frame2|other,True
absol-mega-z,8,back|back-shiny|front|front-shiny|icon|icon-frame2|other,True
aerodactyl-mega,8,back|back-shiny|front|front-shiny|icon|icon-frame2|other,True
aggron-mega,8,back|back-shiny|front|front-shiny|icon|icon-frame2|other,True
alakazam-mega,8,back|back-shiny|front|front-shiny|icon|icon-frame2|other,True
alcremie-gmax,8,back|back-shiny|front|front-shiny|icon|icon-frame2|other,True
alcremie-gmax-shifted,1,other,False
altaria-mega,8,back|back-shiny|front|front-shiny|icon|icon-frame2|other,True
ampharos-mega,8,back|back-shiny|front|front-shiny|icon|icon-frame2|other,True
appletun-gmax,8,back|back-shiny|front|front-shiny|icon|icon-frame2|other,True
arcanine-hisui,8,back|back-shiny|front|front-shiny|icon|icon-frame2|other,True
articuno-galar,8,back|back-shiny|front|front-shiny|icon|icon-frame2|other,True
audino-mega,8,back|back-shiny|front|front-shiny|icon|icon-frame2|other,True
avalugg-hisui,8,back|back-shiny|front|front-shiny|icon|icon-frame2|other,True
banette-mega,8,back|back-shiny|front|front-shiny|icon|icon-frame2|other,True
barbaracle-mega,8,back|back-shiny|front|front-shiny|icon|icon-frame2|other,True
baxcalibur-mega,8,back|back-shiny|front|front-shiny|icon|icon-frame2|other,True
beedrill-mega,8,back|back-shiny|front|front-shiny|icon|icon-frame2|other,True
blastoise-gmax,8,back|back-shiny|front|front-shiny|icon|icon-frame2|other,True
blastoise-mega,8,back|back-shiny|front|front-shiny|icon|icon-frame2|other,True
blaziken-mega,8,back|back-shiny|front|front-shiny|icon|icon-frame2|other,True
braviary-hisui,8,back|back-shiny|front|front-shiny|icon|icon-frame2|other,True
butterfree-gmax,8,back|back-shiny|front|front-shiny|icon|icon-frame2|other,True
camerupt-mega,8,back|back-shiny|front|front-shiny|icon|icon-frame2|other,True
centiskorch-gmax,8,back|back-shiny|front|front-shiny|icon|icon-frame2|other,True
chandelure-mega,8,back|back-shiny|front|front-shiny|icon|icon-frame2|other,True
charizard-gmax,8,back|back-shiny|front|front-shiny|icon|icon-frame2|other,True
charizard-mega-x,8,back|back-shiny|front|front-shiny|icon|icon-frame2|other,True
charizard-mega-y,8,back|back-shiny|front|front-shiny|icon|icon-frame2|other,True
chesnaught-mega,8,back|back-shiny|front|front-shiny|icon|icon-frame2|other,True
chimecho-mega,8,back|back-shiny|front|front-shiny|icon|icon-frame2|other,True
cinderace-gmax,8,back|back-shiny|front|front-shiny|icon|icon-frame2|other,True
clefable-mega,8,back|back-shiny|front|front-shiny|icon|icon-frame2|other,True
coalossal-gmax,8,back|back-shiny|front|front-shiny|icon|icon-frame2|other,True
copperajah-gmax,8,back|back-shiny|front|front-shiny|icon|icon-frame2|other,True
corsola-galar,8,back|back-shiny|front|front-shiny|icon|icon-frame2|other,True
corviknight-gmax,8,back|back-shiny|front|front-shiny|icon|icon-frame2|other,True
crabominable-mega,3,icon|icon-frame2|other,False
darkrai-mega,8,back|back-shiny|front|front-shiny|icon|icon-frame2|other,True
darmanitan-galar-standard,8,back|back-shiny|front|front-shiny|icon|icon-frame2|other,True
darmanitan-galar-zen,8,back|back-shiny|front|front-shiny|icon|icon-frame2|other,True
darumaka-galar,8,back|back-shiny|front|front-shiny|icon|icon-frame2|other,True
decidueye-hisui,8,back|back-shiny|front|front-shiny|icon|icon-frame2|other,True
delphox-mega,8,back|back-shiny|front|front-shiny|icon|icon-frame2|other,True
dialga-origin,8,back|back-shiny|front|front-shiny|icon|icon-frame2|other,True
diancie-mega,8,back|back-shiny|front|front-shiny|icon|icon-frame2|other,True
diglett-alola,8,back|back-shiny|front|front-shiny|icon|icon-frame2|other,True
dragalge-mega,8,back|back-shiny|front|front-shiny|icon|icon-frame2|other,True
dragonite-mega,8,back|back-shiny|front|front-shiny|icon|icon-frame2|other,True
drampa-mega,8,back|back-shiny|front|front-shiny|icon|icon-frame2|other,True
drednaw-gmax,8,back|back-shiny|front|front-shiny|icon|icon-frame2|other,True
dugtrio-alola,8,back|back-shiny|front|front-shiny|icon|icon-frame2|other,True
duraludon-gmax,8,back|back-shiny|front|front-shiny|icon|icon-frame2|other,True
eelektross-mega,3,icon|icon-frame2|other,True
eevee-gmax,8,back|back-shiny|front|front-shiny|icon|icon-frame2|other,True
eevee-starter,10,back|back-female|back-shiny|front|front-female|front-shiny|icon|icon-frame2|other,True
electrode-hisui,8,back|back-shiny|front|front-shiny|icon|icon-frame2|other,True
emboar-mega,3,icon|icon-frame2|other,True
enamorus-therian,8,back|back-shiny|front|front-shiny|icon|icon-frame2|other,True
eternatus-eternamax,8,back|back-shiny|front|front-shiny|icon|icon-frame2|other,True
excadrill-mega,8,back|back-shiny|front|front-shiny|icon|icon-frame2|other,True
exeggutor-alola,8,back|back-shiny|front|front-shiny|icon|icon-frame2|other,True
falinks-mega,8,back|back-shiny|front|front-shiny|icon|icon-frame2|other,True
farfetchd-galar,8,back|back-shiny|front|front-shiny|icon|icon-frame2|other,True
feraligatr-mega,8,back|back-shiny|front|front-shiny|icon|icon-frame2|other,True
flapple-gmax,8,back|back-shiny|front|front-shiny|icon|icon-frame2|other,True
floette-mega,8,back|back-shiny|front|front-shiny|icon|icon-frame2|other,True
froslass-mega,8,back|back-shiny|front|front-shiny|icon|icon-frame2|other,True
gallade-mega,8,back|back-shiny|front|front-shiny|icon|icon-frame2|other,True
garbodor-gmax,8,back|back-shiny|front|front-shiny|icon|icon-frame2|other,True
garchomp-mega,8,back|back-shiny|front|front-shiny|icon|icon-frame2|other,True
garchomp-mega-z,3,icon|icon-frame2|other,True
gardevoir-mega,8,back|back-shiny|front|front-shiny|icon|icon-frame2|other,True
gengar-gmax,8,back|back-shiny|front|front-shiny|icon|icon-frame2|other,True
gengar-mega,8,back|back-shiny|front|front-shiny|icon|icon-frame2|other,True
geodude-alola,8,back|back-shiny|front|front-shiny|icon|icon-frame2|other,True
giratina-origin,9,back|back-shiny|front|front-shiny|icon|icon-frame2|other,True
glalie-mega,9,back|back-shiny|front|front-shiny|icon|icon-frame2|other,True
glimmora-mega,8,back|back-shiny|front|front-shiny|icon|icon-frame2|other,True
golem-alola,8,back|back-shiny|front|front-shiny|icon|icon-frame2|other,True
golisopod-mega,8,back|back-shiny|front|front-shiny|icon|icon-frame2|other,True
golurk-mega,3,icon|icon-frame2|other,True
goodra-hisui,8,back|back-shiny|front|front-shiny|icon|icon-frame2|other,True
graveler-alola,8,back|back-shiny|front|front-shiny|icon|icon-frame2|other,True
greninja-mega,8,back|back-shiny|front|front-shiny|icon|icon-frame2|other,True
grimer-alola,8,back|back-shiny|front|front-shiny|icon|icon-frame2|other,True
grimmsnarl-gmax,8,back|back-shiny|front|front-shiny|icon|icon-frame2|other,True
groudon-primal,8,back|back-shiny|front|front-shiny|icon|icon-frame2|other,True
growlithe-hisui,8,back|back-shiny|front|front-shiny|icon|icon-frame2|other,True
gyarados-mega,8,back|back-shiny|front|front-shiny|icon|icon-frame2|other,True
hatterene-gmax,8,back|back-shiny|front|front-shiny|icon|icon-frame2|other,True
hawlucha-mega,8,back|back-shiny|front|front-shiny|icon|icon-frame2|other,True
heatran-mega,8,back|back-shiny|front|front-shiny|icon|icon-frame2|other,True
heracross-mega,8,back|back-shiny|front|front-shiny|icon|icon-frame2|other,True
houndoom-mega,8,back|back-shiny|front|front-shiny|icon|icon-frame2|other,True
inteleon-gmax,8,back|back-shiny|front|front-shiny|icon|icon-frame2|other,True
kangaskhan-mega,8,back|back-shiny|front|front-shiny|icon|icon-frame2|other,True
kingler-gmax,8,back|back-shiny|front|front-shiny|icon|icon-frame2|other,True
kyogre-primal,8,back|back-shiny|front|front-shiny|icon|icon-frame2|other,True
landorus-therian,8,back|back-shiny|front|front-shiny|icon|icon-frame2|other,True
lapras-gmax,8,back|back-shiny|front|front-shiny|icon|icon-frame2|other,True
latias-mega,8,back|back-shiny|front|front-shiny|icon|icon-frame2|other,True
latios-mega,8,back|back-shiny|front|front-shiny|icon|icon-frame2|other,True
lilligant-hisui,8,back|back-shiny|front|front-shiny|icon|icon-frame2|other,True
linoone-galar,8,back|back-shiny|front|front-shiny|icon|icon-frame2|other,True
lopunny-mega,8,back|back-shiny|front|front-shiny|icon|icon-frame2|other,True
lucario-mega,8,back|back-shiny|front|front-shiny|icon|icon-frame2|other,True
lucario-mega-z,8,back|back-shiny|front|front-shiny|icon|icon-frame2|other,True
machamp-gmax,8,back|back-shiny|front|front-shiny|icon|icon-frame2|other,True
magearna-original,8,back|back-shiny|front|front-shiny|icon|icon-frame2|other,True
malamar-mega,8,back|back-shiny|front|front-shiny|icon|icon-frame2|other,True
manectric-mega,8,back|back-shiny|front|front-shiny|icon|icon-frame2|other,True
marowak-alola,8,back|back-shiny|front|front-shiny|icon|icon-frame2|other,True
mawile-mega,8,back|back-shiny|front|front-shiny|icon|icon-frame2|other,True
medicham-mega,8,back|back-shiny|front|front-shiny|icon|icon-frame2|other,True
meganium,10,back|back-female|back-shiny|front|front-female|front-shiny|icon|icon-frame2|other,True
meganium-mega,8,back|back-shiny|front|front-shiny|icon|icon-frame2|other,True
melmetal-gmax,8,back|back-shiny|front|front-shiny|icon|icon-frame2|other,True
meowstic-mega,8,back|back-shiny|front|front-shiny|icon|icon-frame2|other,True
meowth-alola,8,back|back-shiny|front|front-shiny|icon|icon-frame2|other,True
meowth-galar,8,back|back-shiny|front|front-shiny|icon|icon-frame2|other,True
meowth-gmax,8,back|back-shiny|front|front-shiny|icon|icon-frame2|other,True
metagross-mega,8,back|back-shiny|front|front-shiny|icon|icon-frame2|other,True
mewtwo-mega-x,8,back|back-shiny|front|front-shiny|icon|icon-frame2|other,True
mewtwo-mega-y,8,back|back-shiny|front|front-shiny|icon|icon-frame2|other,True
moltres-galar,8,back|back-shiny|front|front-shiny|icon|icon-frame2|other,True
mr-mime-galar,8,back|back-shiny|front|front-shiny|icon|icon-frame2|other,True
muk-alola,8,back|back-shiny|front|front-shiny|icon|icon-frame2|other,True
ninetales-alola,8,back|back-shiny|front|front-shiny|icon|icon-frame2|other,True
orbeetle-gmax,8,back|back-shiny|front|front-shiny|icon|icon-frame2|other,True
palkia-origin,8,back|back-shiny|front|front-shiny|icon|icon-frame2|other,True
persian-alola,8,back|back-shiny|front|front-shiny|icon|icon-frame2|other,True
pidgeot-mega,8,back|back-shiny|front|front-shiny|icon|icon-frame2|other,True
pikachu-alola-cap,8,back|back-shiny|front|front-shiny|icon|icon-frame2|other,True
pikachu-gmax,8,back|back-shiny|front|front-shiny|icon|icon-frame2|other,True
pikachu-original-cap,8,back|back-shiny|front|front-shiny|icon|icon-frame2|other,True
pinsir-mega,8,back|back-shiny|front|front-shiny|icon|icon-frame2|other,True
ponyta-galar,8,back|back-shiny|front|front-shiny|icon|icon-frame2|other,True
pyroar-mega,8,back|back-shiny|front|front-shiny|icon|icon-frame2|other,True
qwilfish-hisui,8,back|back-shiny|front|front-shiny|icon|icon-frame2|other,True
raichu-alola,8,back|back-shiny|front|front-shiny|icon|icon-frame2|other,True
raichu-mega-x,8,back|back-shiny|front|front-shiny|icon|icon-frame2|other,True
raichu-mega-y,3,icon|icon-frame2|other,True
rapidash-galar,8,back|back-shiny|front|front-shiny|icon|icon-frame2|other,True
raticate-alola,8,back|back-shiny|front|front-shiny|icon|icon-frame2|other,True
rattata-alola,8,back|back-shiny|front|front-shiny|icon|icon-frame2|other,True
rayquaza-mega,8,back|back-shiny|front|front-shiny|icon|icon-frame2|other,True
rillaboom-gmax,8,back|back-shiny|front|front-shiny|icon|icon-frame2|other,True
sableye-mega,8,back|back-shiny|front|front-shiny|icon|icon-frame2|other,True
salamence-mega,8,back|back-shiny|front|front-shiny|icon|icon-frame2|other,True
samurott-hisui,8,back|back-shiny|front|front-shiny|icon|icon-frame2|other,True
sandaconda-gmax,8,back|back-shiny|front|front-shiny|icon|icon-frame2|other,True
sandshrew-alola,8,back|back-shiny|front|front-shiny|icon|icon-frame2|other,True
sandslash-alola,8,back|back-shiny|front|front-shiny|icon|icon-frame2|other,True
sceptile-mega,8,back|back-shiny|front|front-shiny|icon|icon-frame2|other,True
scizor-mega,8,back|back-shiny|front|front-shiny|icon|icon-frame2|other,True
scolipede-mega,8,back|back-shiny|front|front-shiny|icon|icon-frame2|other,True
scovillain-mega,8,back|back-shiny|front|front-shiny|icon|icon-frame2|other,True
scrafty-mega,8,back|back-shiny|front|front-shiny|icon|icon-frame2|other,True
sharpedo-mega,8,back|back-shiny|front|front-shiny|icon|icon-frame2|other,True
skarmory-mega,8,back|back-shiny|front|front-shiny|icon|icon-frame2|other,True
sliggoo-hisui,8,back|back-shiny|front|front-shiny|icon|icon-frame2|other,True
slowbro-galar,8,back|back-shiny|front|front-shiny|icon|icon-frame2|other,True
slowbro-mega,8,back|back-shiny|front|front-shiny|icon|icon-frame2|other,True
slowking-galar,8,back|back-shiny|front|front-shiny|icon|icon-frame2|other,True
slowpoke-galar,8,back|back-shiny|front|front-shiny|icon|icon-frame2|other,True
sneasel-hisui,10,back|back-female|back-shiny|front|front-female|front-shiny|icon|icon-frame2|other,True
snorlax-gmax,8,back|back-shiny|front|front-shiny|icon|icon-frame2|other,True
staraptor-mega,8,back|back-shiny|front|front-shiny|icon|icon-frame2|other,True
starmie-mega,8,back|back-shiny|front|front-shiny|icon|icon-frame2|other,True
steelix-mega,8,back|back-shiny|front|front-shiny|icon|icon-frame2|other,True
stunfisk-galar,8,back|back-shiny|front|front-shiny|icon|icon-frame2|other,True
swampert-mega,8,back|back-shiny|front|front-shiny|icon|icon-frame2|other,True
tauros-paldea-aqua-breed,8,back|back-shiny|front|front-shiny|icon|icon-frame2|other,True
tauros-paldea-blaze-breed,8,back|back-shiny|front|front-shiny|icon|icon-frame2|other,True
tauros-paldea-combat-breed,8,back|back-shiny|front|front-shiny|icon|icon-frame2|other,True
thundurus-therian,8,back|back-shiny|front|front-shiny|icon|icon-frame2|other,True
tornadus-therian,8,back|back-shiny|front|front-shiny|icon|icon-frame2|other,True
toxtricity-amped-gmax,8,back|back-shiny|front|front-shiny|icon|icon-frame2|other,True
toxtricity-low-key-gmax,8,back|back-shiny|front|front-shiny|icon|icon-frame2|other,True
typhlosion-hisui,8,back|back-shiny|front|front-shiny|icon|icon-frame2|other,True
tyranitar-mega,8,back|back-shiny|front|front-shiny|icon|icon-frame2|other,True
urshifu-rapid-strike-gmax,8,back|back-shiny|front|front-shiny|icon|icon-frame2|other,True
urshifu-single-strike-gmax,8,back|back-shiny|front|front-shiny|icon|icon-frame2|other,True
venusaur-gmax,8,back|back-shiny|front|front-shiny|icon|icon-frame2|other,True
venusaur-mega,8,back|back-shiny|front|front-shiny|icon|icon-frame2|other,True
victreebel-mega,8,back|back-shiny|front|front-shiny|icon|icon-frame2|other,True
voltorb-hisui,8,back|back-shiny|front|front-shiny|icon|icon-frame2|other,True
vulpix-alola,8,back|back-shiny|front|front-shiny|icon|icon-frame2|other,True
weezing-galar,8,back|back-shiny|front|front-shiny|icon|icon-frame2|other,True
wooper-paldea,8,back|back-shiny|front|front-shiny|icon|icon-frame2|other,True
yamask-galar,8,back|back-shiny|front|front-shiny|icon|icon-frame2|other,True
yanmega,8,back|back-shiny|front|front-shiny|icon|icon-frame2|other,True
zapdos-galar,9,back|back-shiny|front|front-shiny|icon|icon-frame2|other,True
zeraora-mega,8,back|back-shiny|front|front-shiny|icon|icon-frame2|other,True
zigzagoon-galar,8,back|back-shiny|front|front-shiny|icon|icon-frame2|other,True
zoroark-hisui,8,back|back-shiny|front|front-shiny|icon|icon-frame2|other,True
zorua-hisui,8,back|back-shiny|front|front-shiny|icon|icon-frame2|other,True
zygarde-mega,9,back|back-shiny|front|front-shiny|icon|icon-frame2|other,True
