mercury_key,match_type,ds_key,ds_front,ds_back,ds_shiny_front,ds_shiny_back,ds_asset_count,mercury_replacement_status,recommendation,mercury_reference_count,triage_category,next_action,partial_ds_support
"charizard-mega-z","LEGACY_APPROVED_RECOVERY","","false","false","false","false","0","APPROVED_RECOVERY","CONVERT_GBA","1","ER_SOURCE_IDENTITY_ONLY","Species/source identity is confirmed, but REV6 does not explicitly claim a recovered 4-view package. Search the ER source package by exact species constant before any reconstruction.",""
"blastoise-mega-x","LEGACY_APPROVED_RECOVERY","","true","false","false","false","1","APPROVED_RECOVERY","CONVERT_GBA","1","ER_SOURCE_IDENTITY_ONLY","Species/source identity is confirmed, but REV6 does not explicitly claim a recovered 4-view package. Search the ER source package by exact species constant before any reconstruction.","true"
"butterfree-mega","LEGACY_APPROVED_RECOVERY","","true","false","false","false","1","APPROVED_RECOVERY","CONVERT_GBA","1","ER_SOURCE_IDENTITY_ONLY","Species/source identity is confirmed, but REV6 does not explicitly claim a recovered 4-view package. Search the ER source package by exact species constant before any reconstruction.","true"
"butterfree-alternate-form-1","LEGACY_APPROVED_RECOVERY","","false","false","false","false","0","APPROVED_RECOVERY","CONVERT_GBA","1","REBORN_PLATES_STAGED_SOURCE","Recover the exact reviewed battle sprite package from the prior giant Reborn/Plates sprite master; then convert only if still GBA-format.",""
"weedle-redux","LEGACY_APPROVED_RECOVERY","","true","false","false","false","1","APPROVED_RECOVERY","CONVERT_GBA","1","ER_SOURCE_IDENTITY_ONLY","Species/source identity is confirmed, but REV6 does not explicitly claim a recovered 4-view package. Search the ER source package by exact species constant before any reconstruction.","true"
"kakuna-redux","LEGACY_APPROVED_RECOVERY","","true","false","false","false","1","APPROVED_RECOVERY","CONVERT_GBA","1","ER_SOURCE_IDENTITY_ONLY","Species/source identity is confirmed, but REV6 does not explicitly claim a recovered 4-view package. Search the ER source package by exact species constant before any reconstruction.","true"
"beedrill-redux","LEGACY_APPROVED_RECOVERY","","true","false","false","false","1","APPROVED_RECOVERY","CONVERT_GBA","1","ER_SOURCE_IDENTITY_ONLY","Species/source identity is confirmed, but REV6 does not explicitly claim a recovered 4-view package. Search the ER source package by exact species constant before any reconstruction.","true"
"beedrill-mega-redux","LEGACY_APPROVED_RECOVERY","","true","false","false","false","1","APPROVED_RECOVERY","CONVERT_GBA","1","ER_SOURCE_IDENTITY_ONLY","Species/source identity is confirmed, but REV6 does not explicitly claim a recovered 4-view package. Search the ER source package by exact species constant before any reconstruction.","true"
"pidgey-alternate-form-2","LEGACY_APPROVED_RECOVERY","","false","false","false","false","0","APPROVED_RECOVERY","CONVERT_GBA","1","REBORN_PLATES_STAGED_SOURCE","Recover the exact reviewed battle sprite package from the prior giant Reborn/Plates sprite master; then convert only if still GBA-format.",""
"pidgeotto-alternate-form-2","LEGACY_APPROVED_RECOVERY","","false","false","false","false","0","APPROVED_RECOVERY","CONVERT_GBA","1","REBORN_PLATES_STAGED_SOURCE","Recover the exact reviewed battle sprite package from the prior giant Reborn/Plates sprite master; then convert only if still GBA-format.",""
"pidgeot-alternate-form-2","LEGACY_APPROVED_RECOVERY","","false","false","false","false","0","APPROVED_RECOVERY","CONVERT_GBA","1","REBORN_PLATES_STAGED_SOURCE","Recover the exact reviewed battle sprite package from the prior giant Reborn/Plates sprite master; then convert only if still GBA-format.",""
"pidgeot-mega-alternate-form-3","LEGACY_APPROVED_RECOVERY","","false","false","false","false","0","APPROVED_RECOVERY","CONVERT_GBA","1","REBORN_PLATES_STAGED_SOURCE","Recover the exact reviewed battle sprite package from the prior giant Reborn/Plates sprite master; then convert only if still GBA-format.",""
"rattata-redux","LEGACY_APPROVED_RECOVERY","","true","false","false","false","1","APPROVED_RECOVERY","CONVERT_GBA","1","ER_NEXTDEX_4VIEW_RECOVERED","Recover exact normal back (and shiny pair) from the previously resolved ER-nextdex 4-view package; do not recreate from the front.","true"
"platinum-redux-raticate","LEGACY_APPROVED_RECOVERY","","true","true","false","false","2","APPROVED_RECOVERY","CONVERT_GBA","1","PLATINUM_GBA_PACKAGE_PRESENT","Recover front/back/icon/palettes from the carried platinum_redux_approved package and run battle sprites through DS validation/conversion.","false"
"spearow-redux","LEGACY_APPROVED_RECOVERY","","true","false","false","false","1","APPROVED_RECOVERY","CONVERT_GBA","1","ER_NEXTDEX_4VIEW_RECOVERED","Recover exact normal back (and shiny pair) from the previously resolved ER-nextdex 4-view package; do not recreate from the front.","true"
"fearow-redux","LEGACY_APPROVED_RECOVERY","","true","false","false","false","1","APPROVED_RECOVERY","CONVERT_GBA","1","ER_NEXTDEX_4VIEW_RECOVERED","Recover exact normal back (and shiny pair) from the previously resolved ER-nextdex 4-view package; do not recreate from the front.","true"
"arbok-mega","LEGACY_APPROVED_RECOVERY","","true","false","false","false","1","APPROVED_RECOVERY","CONVERT_GBA","1","ER_SOURCE_IDENTITY_ONLY","Species/source identity is confirmed, but REV6 does not explicitly claim a recovered 4-view package. Search the ER source package by exact species constant before any reconstruction.","true"
"pikachu-mega","LEGACY_APPROVED_RECOVERY","","false","false","false","false","0","APPROVED_RECOVERY","CONVERT_GBA","1","ER_NEXTDEX_4VIEW_RECOVERED","Recover exact normal back (and shiny pair) from the previously resolved ER-nextdex 4-view package; do not recreate from the front.",""
"sandslash-alolan-mega","LEGACY_APPROVED_RECOVERY","","true","false","false","false","1","APPROVED_RECOVERY","CONVERT_GBA","1","ER_NEXTDEX_4VIEW_RECOVERED","Recover exact normal back (and shiny pair) from the previously resolved ER-nextdex 4-view package; do not recreate from the front.","true"
"sandslash-mega","LEGACY_APPROVED_RECOVERY","","true","false","false","false","1","APPROVED_RECOVERY","CONVERT_GBA","1","ER_SOURCE_IDENTITY_ONLY","Species/source identity is confirmed, but REV6 does not explicitly claim a recovered 4-view package. Search the ER source package by exact species constant before any reconstruction.","true"
"nidoqueen-mega","LEGACY_APPROVED_RECOVERY","","true","false","false","false","1","APPROVED_RECOVERY","CONVERT_GBA","1","ER_SOURCE_IDENTITY_ONLY","Species/source identity is confirmed, but REV6 does not explicitly claim a recovered 4-view package. Search the ER source package by exact species constant before any reconstruction.","true"
"nidoking-mega","LEGACY_APPROVED_RECOVERY","","true","false","false","false","1","APPROVED_RECOVERY","CONVERT_GBA","1","ER_SOURCE_IDENTITY_ONLY","Species/source identity is confirmed, but REV6 does not explicitly claim a recovered 4-view package. Search the ER source package by exact species constant before any reconstruction.","true"
"clefable-mega-y","LEGACY_APPROVED_RECOVERY","","true","false","false","false","1","APPROVED_RECOVERY","CONVERT_GBA","1","ER_NEXTDEX_4VIEW_RECOVERED","Recover exact normal back (and shiny pair) from the previously resolved ER-nextdex 4-view package; do not recreate from the front.","true"
"vulpix-alternate-form-2","LEGACY_APPROVED_RECOVERY","","false","false","false","false","0","APPROVED_RECOVERY","CONVERT_GBA","1","REBORN_PLATES_STAGED_SOURCE","Recover the exact reviewed battle sprite package from the prior giant Reborn/Plates sprite master; then convert only if still GBA-format.",""
"wigglytuff-apex","LEGACY_APPROVED_RECOVERY","","false","false","false","false","0","APPROVED_RECOVERY","CONVERT_GBA","1","ER_NEXTDEX_4VIEW_RECOVERED","Recover exact normal back (and shiny pair) from the previously resolved ER-nextdex 4-view package; do not recreate from the front.",""
"wigglytuff-primal","LEGACY_APPROVED_RECOVERY","","true","false","false","false","1","APPROVED_RECOVERY","CONVERT_GBA","1","ER_NEXTDEX_4VIEW_RECOVERED","Recover exact normal back (and shiny pair) from the previously resolved ER-nextdex 4-view package; do not recreate from the front.","true"
"wigglytuff-mega-x","LEGACY_APPROVED_RECOVERY","","true","false","false","false","1","APPROVED_RECOVERY","CONVERT_GBA","1","ER_SOURCE_IDENTITY_ONLY","Species/source identity is confirmed, but REV6 does not explicitly claim a recovered 4-view package. Search the ER source package by exact species constant before any reconstruction.","true"
"wigglytuff-mega-y","LEGACY_APPROVED_RECOVERY","","false","false","false","false","0","APPROVED_RECOVERY","CONVERT_GBA","1","ER_SOURCE_IDENTITY_ONLY","Species/source identity is confirmed, but REV6 does not explicitly claim a recovered 4-view package. Search the ER source package by exact species constant before any reconstruction.",""
"crobat-mega","LEGACY_APPROVED_RECOVERY","","true","false","false","false","1","APPROVED_RECOVERY","CONVERT_GBA","1","ER_NEXTDEX_4VIEW_RECOVERED","Recover exact normal back (and shiny pair) from the previously resolved ER-nextdex 4-view package; do not recreate from the front.","true"
"platinum-redux-dugtrio","LEGACY_APPROVED_RECOVERY","","true","true","false","false","2","APPROVED_RECOVERY","CONVERT_GBA","1","PLATINUM_SOURCE_SEARCH","Search the carried Platinum Redux package by exact species folder.","false"
"growlithe-redux","LEGACY_APPROVED_RECOVERY","","true","false","false","false","1","APPROVED_RECOVERY","CONVERT_GBA","1","ER_SOURCE_IDENTITY_ONLY","Species/source identity is confirmed, but REV6 does not explicitly claim a recovered 4-view package. Search the ER source package by exact species constant before any reconstruction.","true"
"arcanine-redux","LEGACY_APPROVED_RECOVERY","","true","false","false","false","1","APPROVED_RECOVERY","CONVERT_GBA","1","ER_SOURCE_IDENTITY_ONLY","Species/source identity is confirmed, but REV6 does not explicitly claim a recovered 4-view package. Search the ER source package by exact species constant before any reconstruction.","true"
"arcanine-hisuian-mega","LEGACY_APPROVED_RECOVERY","","true","false","false","false","1","APPROVED_RECOVERY","CONVERT_GBA","1","ER_NEXTDEX_4VIEW_RECOVERED","Recover exact normal back (and shiny pair) from the previously resolved ER-nextdex 4-view package; do not recreate from the front.","true"
"arcanine-mega","LEGACY_APPROVED_RECOVERY","","true","false","false","false","1","APPROVED_RECOVERY","CONVERT_GBA","1","ER_SOURCE_IDENTITY_ONLY","Species/source identity is confirmed, but REV6 does not explicitly claim a recovered 4-view package. Search the ER source package by exact species constant before any reconstruction.","true"
"poliwag-alternate-form-1","LEGACY_APPROVED_RECOVERY","","false","false","false","false","0","APPROVED_RECOVERY","CONVERT_GBA","1","REBORN_PLATES_STAGED_SOURCE","Recover the exact reviewed battle sprite package from the prior giant Reborn/Plates sprite master; then convert only if still GBA-format.",""
"poliwhirl-alternate-form-1","LEGACY_APPROVED_RECOVERY","","false","false","false","false","0","APPROVED_RECOVERY","CONVERT_GBA","1","REBORN_PLATES_STAGED_SOURCE","Recover the exact reviewed battle sprite package from the prior giant Reborn/Plates sprite master; then convert only if still GBA-format.",""
"poliwrath-alternate-form-1","LEGACY_APPROVED_RECOVERY","","false","false","false","false","0","APPROVED_RECOVERY","CONVERT_GBA","1","REBORN_PLATES_STAGED_SOURCE","Recover the exact reviewed battle sprite package from the prior giant Reborn/Plates sprite master; then convert only if still GBA-format.",""
"politoed-alternate-form-1","LEGACY_APPROVED_RECOVERY","","false","false","false","false","0","APPROVED_RECOVERY","CONVERT_GBA","1","REBORN_PLATES_STAGED_SOURCE","Recover the exact reviewed battle sprite package from the prior giant Reborn/Plates sprite master; then convert only if still GBA-format.",""
"abra-redux","LEGACY_APPROVED_RECOVERY","","true","false","false","false","1","APPROVED_RECOVERY","CONVERT_GBA","1","ER_SOURCE_IDENTITY_ONLY","Species/source identity is confirmed, but REV6 does not explicitly claim a recovered 4-view package. Search the ER source package by exact species constant before any reconstruction.","true"
"kadabra-redux","LEGACY_APPROVED_RECOVERY","","true","false","false","false","1","APPROVED_RECOVERY","CONVERT_GBA","1","ER_SOURCE_IDENTITY_ONLY","Species/source identity is confirmed, but REV6 does not explicitly claim a recovered 4-view package. Search the ER source package by exact species constant before any reconstruction.","true"
"alakazam-redux","LEGACY_APPROVED_RECOVERY","","true","false","false","false","1","APPROVED_RECOVERY","CONVERT_GBA","1","ER_SOURCE_IDENTITY_ONLY","Species/source identity is confirmed, but REV6 does not explicitly claim a recovered 4-view package. Search the ER source package by exact species constant before any reconstruction.","true"
"alakazam-mega-redux","LEGACY_APPROVED_RECOVERY","","true","false","false","false","1","APPROVED_RECOVERY","CONVERT_GBA","1","ER_SOURCE_IDENTITY_ONLY","Species/source identity is confirmed, but REV6 does not explicitly claim a recovered 4-view package. Search the ER source package by exact species constant before any reconstruction.","true"
"machop-redux","LEGACY_APPROVED_RECOVERY","","true","false","false","false","1","APPROVED_RECOVERY","CONVERT_GBA","1","ER_SOURCE_IDENTITY_ONLY","Species/source identity is confirmed, but REV6 does not explicitly claim a recovered 4-view package. Search the ER source package by exact species constant before any reconstruction.","true"
"machoke-redux","LEGACY_APPROVED_RECOVERY","","true","false","false","false","1","APPROVED_RECOVERY","CONVERT_GBA","1","ER_SOURCE_IDENTITY_ONLY","Species/source identity is confirmed, but REV6 does not explicitly claim a recovered 4-view package. Search the ER source package by exact species constant before any reconstruction.","true"
"machamp-redux","LEGACY_APPROVED_RECOVERY","","true","false","false","false","1","APPROVED_RECOVERY","CONVERT_GBA","1","ER_SOURCE_IDENTITY_ONLY","Species/source identity is confirmed, but REV6 does not explicitly claim a recovered 4-view package. Search the ER source package by exact species constant before any reconstruction.","true"
"machamp-mega","LEGACY_APPROVED_RECOVERY","","false","false","false","false","0","APPROVED_RECOVERY","CONVERT_GBA","1","ER_SOURCE_IDENTITY_ONLY","Species/source identity is confirmed, but REV6 does not explicitly claim a recovered 4-view package. Search the ER source package by exact species constant before any reconstruction.",""
"machamp-mega-redux","LEGACY_APPROVED_RECOVERY","","true","false","false","false","1","APPROVED_RECOVERY","CONVERT_GBA","1","ER_SOURCE_IDENTITY_ONLY","Species/source identity is confirmed, but REV6 does not explicitly claim a recovered 4-view package. Search the ER source package by exact species constant before any reconstruction.","true"
"bellsprout-redux","LEGACY_APPROVED_RECOVERY","","true","false","false","false","1","APPROVED_RECOVERY","CONVERT_GBA","1","ER_NEXTDEX_4VIEW_RECOVERED","Recover exact normal back (and shiny pair) from the previously resolved ER-nextdex 4-view package; do not recreate from the front.","true"
"weepinbell-redux","LEGACY_APPROVED_RECOVERY","","true","false","false","false","1","APPROVED_RECOVERY","CONVERT_GBA","1","ER_NEXTDEX_4VIEW_RECOVERED","Recover exact normal back (and shiny pair) from the previously resolved ER-nextdex 4-view package; do not recreate from the front.","true"
"victreebel-redux","LEGACY_APPROVED_RECOVERY","","true","false","false","false","1","APPROVED_RECOVERY","CONVERT_GBA","1","ER_NEXTDEX_4VIEW_RECOVERED","Recover exact normal back (and shiny pair) from the previously resolved ER-nextdex 4-view package; do not recreate from the front.","true"
"geodude-bluetowel-alternate-forms-form-2","LEGACY_APPROVED_RECOVERY","","false","false","false","false","0","APPROVED_RECOVERY","CONVERT_GBA","1","REBORN_PLATES_STAGED_SOURCE","Recover the exact reviewed battle sprite package from the prior giant Reborn/Plates sprite master; then convert only if still GBA-format.",""
"graveler-bluetowel-alternate-forms-form-2","LEGACY_APPROVED_RECOVERY","","false","false","false","false","0","APPROVED_RECOVERY","CONVERT_GBA","1","REBORN_PLATES_STAGED_SOURCE","Recover the exact reviewed battle sprite package from the prior giant Reborn/Plates sprite master; then convert only if still GBA-format.",""
"golem-bluetowel-alternate-forms-form-2","LEGACY_APPROVED_RECOVERY","","false","false","false","false","0","APPROVED_RECOVERY","CONVERT_GBA","1","REBORN_PLATES_STAGED_SOURCE","Recover the exact reviewed battle sprite package from the prior giant Reborn/Plates sprite master; then convert only if still GBA-format.",""
"hypno-alternate-form-2","LEGACY_APPROVED_RECOVERY","","false","false","false","false","0","APPROVED_RECOVERY","CONVERT_GBA","1","REBORN_PLATES_STAGED_SOURCE","Recover the exact reviewed battle sprite package from the prior giant Reborn/Plates sprite master; then convert only if still GBA-format.",""
"krabby-redux","LEGACY_APPROVED_RECOVERY","","true","false","false","false","1","APPROVED_RECOVERY","CONVERT_GBA","1","ER_NEXTDEX_4VIEW_RECOVERED","Recover exact normal back (and shiny pair) from the previously resolved ER-nextdex 4-view package; do not recreate from the front.","true"
"kingler-redux","LEGACY_APPROVED_RECOVERY","","true","false","false","false","1","APPROVED_RECOVERY","CONVERT_GBA","1","ER_NEXTDEX_4VIEW_RECOVERED","Recover exact normal back (and shiny pair) from the previously resolved ER-nextdex 4-view package; do not recreate from the front.","true"
"kingler-redux-mega","LEGACY_APPROVED_RECOVERY","","true","false","false","false","1","APPROVED_RECOVERY","CONVERT_GBA","1","ER_NEXTDEX_4VIEW_RECOVERED","Recover exact normal back (and shiny pair) from the previously resolved ER-nextdex 4-view package; do not recreate from the front.","true"
"exeggcute-redux","LEGACY_APPROVED_RECOVERY","","true","false","false","false","1","APPROVED_RECOVERY","CONVERT_GBA","1","ER_NEXTDEX_4VIEW_RECOVERED","Recover exact normal back (and shiny pair) from the previously resolved ER-nextdex 4-view package; do not recreate from the front.","true"
"exeggutor-redux","LEGACY_APPROVED_RECOVERY","","true","false","false","false","1","APPROVED_RECOVERY","CONVERT_GBA","1","ER_NEXTDEX_4VIEW_RECOVERED","Recover exact normal back (and shiny pair) from the previously resolved ER-nextdex 4-view package; do not recreate from the front.","true"
"koffing-bluetowel-alternate-forms-form-2","LEGACY_APPROVED_RECOVERY","","false","false","false","false","0","APPROVED_RECOVERY","CONVERT_GBA","1","REBORN_PLATES_STAGED_SOURCE","Recover the exact reviewed battle sprite package from the prior giant Reborn/Plates sprite master; then convert only if still GBA-format.",""
"weezing-bluetowel-alternate-forms-form-2","LEGACY_APPROVED_RECOVERY","","false","false","false","false","0","APPROVED_RECOVERY","CONVERT_GBA","1","REBORN_PLATES_STAGED_SOURCE","Recover the exact reviewed battle sprite package from the prior giant Reborn/Plates sprite master; then convert only if still GBA-format.",""
"mega-rhyperior","LEGACY_APPROVED_RECOVERY","","false","false","false","false","0","APPROVED_RECOVERY","CONVERT_GBA","1","ORIGINAL_MEGAS_FRONT_BACK_RESOLVED","Recover the explicit front/back pair from 06_Banished_Platinum_Original_Megas / Free to Use Original Megas; convert/validate for DS.",""
"happiny-redux","LEGACY_APPROVED_RECOVERY","","true","false","false","false","1","APPROVED_RECOVERY","CONVERT_GBA","1","ER_NEXTDEX_4VIEW_RECOVERED","Recover exact normal back (and shiny pair) from the previously resolved ER-nextdex 4-view package; do not recreate from the front.","true"
"chansey-redux","LEGACY_APPROVED_RECOVERY","","true","false","false","false","1","APPROVED_RECOVERY","CONVERT_GBA","1","ER_NEXTDEX_4VIEW_RECOVERED","Recover exact normal back (and shiny pair) from the previously resolved ER-nextdex 4-view package; do not recreate from the front.","true"
"blissey-redux","LEGACY_APPROVED_RECOVERY","","true","false","false","false","1","APPROVED_RECOVERY","CONVERT_GBA","1","ER_NEXTDEX_4VIEW_RECOVERED","Recover exact normal back (and shiny pair) from the previously resolved ER-nextdex 4-view package; do not recreate from the front.","true"
"mega-tangrowth","LEGACY_APPROVED_RECOVERY","","false","false","false","false","0","APPROVED_RECOVERY","CONVERT_GBA","1","ORIGINAL_MEGAS_FRONT_BACK_RESOLVED","Recover the explicit front/back pair from 06_Banished_Platinum_Original_Megas / Free to Use Original Megas; convert/validate for DS.",""
"kingdra-mega-x","LEGACY_APPROVED_RECOVERY","","false","false","false","false","0","APPROVED_RECOVERY","CONVERT_GBA","1","ER_SOURCE_IDENTITY_ONLY","Species/source identity is confirmed, but REV6 does not explicitly claim a recovered 4-view package. Search the ER source package by exact species constant before any reconstruction.",""
"staryu-alternate-form-1","LEGACY_APPROVED_RECOVERY","","false","false","false","false","0","APPROVED_RECOVERY","CONVERT_GBA","1","REBORN_PLATES_STAGED_SOURCE","Recover the exact reviewed battle sprite package from the prior giant Reborn/Plates sprite master; then convert only if still GBA-format.",""
"starmie-alternate-form-1","LEGACY_APPROVED_RECOVERY","","false","false","false","false","0","APPROVED_RECOVERY","CONVERT_GBA","1","REBORN_PLATES_STAGED_SOURCE","Recover the exact reviewed battle sprite package from the prior giant Reborn/Plates sprite master; then convert only if still GBA-format.",""
"mega-electivire","LEGACY_APPROVED_RECOVERY","","false","false","false","false","0","APPROVED_RECOVERY","CONVERT_GBA","1","ORIGINAL_MEGAS_FRONT_BACK_RESOLVED","Recover the explicit front/back pair from 06_Banished_Platinum_Original_Megas / Free to Use Original Megas; convert/validate for DS.",""
"mega-magmortar","LEGACY_APPROVED_RECOVERY","","false","false","false","false","0","APPROVED_RECOVERY","CONVERT_GBA","1","ORIGINAL_MEGAS_FRONT_BACK_RESOLVED","Recover the explicit front/back pair from 06_Banished_Platinum_Original_Megas / Free to Use Original Megas; convert/validate for DS.",""
"lapras-mega-y","LEGACY_APPROVED_RECOVERY","","false","false","false","false","0","APPROVED_RECOVERY","CONVERT_GBA","1","ER_SOURCE_IDENTITY_ONLY","Species/source identity is confirmed, but REV6 does not explicitly claim a recovered 4-view package. Search the ER source package by exact species constant before any reconstruction.",""
"eevee-mega","LEGACY_APPROVED_RECOVERY","","false","false","false","false","0","APPROVED_RECOVERY","CONVERT_GBA","1","ER_NEXTDEX_4VIEW_RECOVERED","Recover exact normal back (and shiny pair) from the previously resolved ER-nextdex 4-view package; do not recreate from the front.",""
"flareon-alternate-form-3","LEGACY_APPROVED_RECOVERY","","false","false","false","false","0","APPROVED_RECOVERY","CONVERT_GBA","1","REBORN_PLATES_STAGED_SOURCE","Recover the exact reviewed battle sprite package from the prior giant Reborn/Plates sprite master; then convert only if still GBA-format.",""
"leafeon-alternate-form-3","LEGACY_APPROVED_RECOVERY","","false","false","false","false","0","APPROVED_RECOVERY","CONVERT_GBA","1","REBORN_PLATES_STAGED_SOURCE","Recover the exact reviewed battle sprite package from the prior giant Reborn/Plates sprite master; then convert only if still GBA-format.",""
"glaceon-alternate-form-3","LEGACY_APPROVED_RECOVERY","","false","false","false","false","0","APPROVED_RECOVERY","CONVERT_GBA","1","REBORN_PLATES_STAGED_SOURCE","Recover the exact reviewed battle sprite package from the prior giant Reborn/Plates sprite master; then convert only if still GBA-format.",""
"sylveon-alternate-form-3","LEGACY_APPROVED_RECOVERY","","false","false","false","false","0","APPROVED_RECOVERY","CONVERT_GBA","1","REBORN_PLATES_STAGED_SOURCE","Recover the exact reviewed battle sprite package from the prior giant Reborn/Plates sprite master; then convert only if still GBA-format.",""
"mega-porygon","LEGACY_APPROVED_RECOVERY","","false","false","false","false","0","APPROVED_RECOVERY","CONVERT_GBA","1","ORIGINAL_MEGAS_FRONT_BACK_RESOLVED","Recover the explicit front/back pair from 06_Banished_Platinum_Original_Megas / Free to Use Original Megas; convert/validate for DS.",""
"snorlax-mega","LEGACY_APPROVED_RECOVERY","","false","false","false","false","0","APPROVED_RECOVERY","CONVERT_GBA","1","ER_NEXTDEX_4VIEW_RECOVERED","Recover exact normal back (and shiny pair) from the previously resolved ER-nextdex 4-view package; do not recreate from the front.",""
"articuno-mega","LEGACY_APPROVED_RECOVERY","","false","false","false","false","0","APPROVED_RECOVERY","CONVERT_GBA","1","ER_NEXTDEX_4VIEW_RECOVERED","Recover exact normal back (and shiny pair) from the previously resolved ER-nextdex 4-view package; do not recreate from the front.",""
"zapdos-mega","LEGACY_APPROVED_RECOVERY","","false","false","false","false","0","APPROVED_RECOVERY","CONVERT_GBA","1","ER_NEXTDEX_4VIEW_RECOVERED","Recover exact normal back (and shiny pair) from the previously resolved ER-nextdex 4-view package; do not recreate from the front.",""
"moltres-mega","LEGACY_APPROVED_RECOVERY","","false","false","false","false","0","APPROVED_RECOVERY","CONVERT_GBA","1","ER_NEXTDEX_4VIEW_RECOVERED","Recover exact normal back (and shiny pair) from the previously resolved ER-nextdex 4-view package; do not recreate from the front.",""
"dragonite-alternate-form-1","LEGACY_APPROVED_RECOVERY","","false","false","false","false","0","APPROVED_RECOVERY","CONVERT_GBA","1","REBORN_PLATES_STAGED_SOURCE","Recover the exact reviewed battle sprite package from the prior giant Reborn/Plates sprite master; then convert only if still GBA-format.",""
"feraligatr-alternate-form-1","LEGACY_APPROVED_RECOVERY","","false","false","false","false","0","APPROVED_RECOVERY","CONVERT_GBA","1","REBORN_PLATES_STAGED_SOURCE","Recover the exact reviewed battle sprite package from the prior giant Reborn/Plates sprite master; then convert only if still GBA-format.",""
"hoothoot-alternate-form-1","LEGACY_APPROVED_RECOVERY","","false","false","false","false","0","APPROVED_RECOVERY","CONVERT_GBA","1","REBORN_PLATES_STAGED_SOURCE","Recover the exact reviewed battle sprite package from the prior giant Reborn/Plates sprite master; then convert only if still GBA-format.",""
"ampharos-alternate-form-2","LEGACY_APPROVED_RECOVERY","","false","false","false","false","0","APPROVED_RECOVERY","CONVERT_GBA","1","REBORN_PLATES_STAGED_SOURCE","Recover the exact reviewed battle sprite package from the prior giant Reborn/Plates sprite master; then convert only if still GBA-format.",""
"ampharos-alternate-mega-form-3","LEGACY_APPROVED_RECOVERY","","false","false","false","false","0","APPROVED_RECOVERY","CONVERT_GBA","1","REBORN_PLATES_STAGED_SOURCE","Recover the exact reviewed battle sprite package from the prior giant Reborn/Plates sprite master; then convert only if still GBA-format.",""
"sunflora-alternate-form-1","LEGACY_APPROVED_RECOVERY","","false","false","false","false","0","APPROVED_RECOVERY","CONVERT_GBA","1","REBORN_PLATES_STAGED_SOURCE","Recover the exact reviewed battle sprite package from the prior giant Reborn/Plates sprite master; then convert only if still GBA-format.",""
"mega-yanmega","LEGACY_APPROVED_RECOVERY","","false","false","false","false","0","APPROVED_RECOVERY","CONVERT_GBA","1","ORIGINAL_MEGAS_FRONT_BACK_RESOLVED","Recover the explicit front/back pair from 06_Banished_Platinum_Original_Megas / Free to Use Original Megas; convert/validate for DS.",""
"mega-honchkrow","LEGACY_APPROVED_RECOVERY","","false","false","false","false","0","APPROVED_RECOVERY","CONVERT_GBA","1","ORIGINAL_MEGAS_FRONT_BACK_RESOLVED","Recover the explicit front/back pair from 06_Banished_Platinum_Original_Megas / Free to Use Original Megas; convert/validate for DS.",""
"misdreavus-alternate-form-2","LEGACY_APPROVED_RECOVERY","","false","false","false","false","0","APPROVED_RECOVERY","CONVERT_GBA","1","REBORN_PLATES_STAGED_SOURCE","Recover the exact reviewed battle sprite package from the prior giant Reborn/Plates sprite master; then convert only if still GBA-format.",""
"mismagius-alternate-form-2","LEGACY_APPROVED_RECOVERY","","false","false","false","false","0","APPROVED_RECOVERY","CONVERT_GBA","1","REBORN_PLATES_STAGED_SOURCE","Recover the exact reviewed battle sprite package from the prior giant Reborn/Plates sprite master; then convert only if still GBA-format.",""
"dunsparce-bt-alt-forms-earth-form-2","LEGACY_APPROVED_RECOVERY","","false","false","false","false","0","APPROVED_RECOVERY","CONVERT_GBA","1","REBORN_PLATES_STAGED_SOURCE","Recover the exact reviewed battle sprite package from the prior giant Reborn/Plates sprite master; then convert only if still GBA-format.",""
"gliscor-alternate-form-1","LEGACY_APPROVED_RECOVERY","","false","false","false","false","0","APPROVED_RECOVERY","CONVERT_GBA","1","REBORN_PLATES_STAGED_SOURCE","Recover the exact reviewed battle sprite package from the prior giant Reborn/Plates sprite master; then convert only if still GBA-format.",""
"snubbull-alternate-form-1","LEGACY_APPROVED_RECOVERY","","false","false","false","false","0","APPROVED_RECOVERY","CONVERT_GBA","1","REBORN_PLATES_STAGED_SOURCE","Recover the exact reviewed battle sprite package from the prior giant Reborn/Plates sprite master; then convert only if still GBA-format.",""
"granbull-alternate-form-1","LEGACY_APPROVED_RECOVERY","","false","false","false","false","0","APPROVED_RECOVERY","CONVERT_GBA","1","REBORN_PLATES_STAGED_SOURCE","Recover the exact reviewed battle sprite package from the prior giant Reborn/Plates sprite master; then convert only if still GBA-format.",""
"mega-weavile","LEGACY_APPROVED_RECOVERY","","false","false","false","false","0","APPROVED_RECOVERY","CONVERT_GBA","1","ORIGINAL_MEGAS_FRONT_BACK_RESOLVED","Recover the explicit front/back pair from 06_Banished_Platinum_Original_Megas / Free to Use Original Megas; convert/validate for DS.",""
"weavile-redux","LEGACY_APPROVED_RECOVERY","","true","false","false","false","1","APPROVED_RECOVERY","CONVERT_GBA","1","ER_SOURCE_IDENTITY_ONLY","Species/source identity is confirmed, but REV6 does not explicitly claim a recovered 4-view package. Search the ER source package by exact species constant before any reconstruction.","true"
"weavile-redux-mega","LEGACY_APPROVED_RECOVERY","","true","false","false","false","1","APPROVED_RECOVERY","CONVERT_GBA","1","ER_SOURCE_IDENTITY_ONLY","Species/source identity is confirmed, but REV6 does not explicitly claim a recovered 4-view package. Search the ER source package by exact species constant before any reconstruction.","true"
"mega-mamoswine","LEGACY_APPROVED_RECOVERY","","false","false","false","false","0","APPROVED_RECOVERY","CONVERT_GBA","1","ORIGINAL_MEGAS_FRONT_BACK_RESOLVED","Recover the explicit front/back pair from 06_Banished_Platinum_Original_Megas / Free to Use Original Megas; convert/validate for DS.",""
"mamoswine-mega","LEGACY_APPROVED_RECOVERY","","false","false","false","false","0","APPROVED_RECOVERY","CONVERT_GBA","1","ER_NEXTDEX_4VIEW_RECOVERED","Recover exact normal back (and shiny pair) from the previously resolved ER-nextdex 4-view package; do not recreate from the front.",""
"skarmory-mega-x","LEGACY_APPROVED_RECOVERY","","false","false","false","false","0","APPROVED_RECOVERY","CONVERT_GBA","1","ER_SOURCE_IDENTITY_ONLY","Species/source identity is confirmed, but REV6 does not explicitly claim a recovered 4-view package. Search the ER source package by exact species constant before any reconstruction.",""
"donphan-alternate-form-1","LEGACY_APPROVED_RECOVERY","","false","false","false","false","0","APPROVED_RECOVERY","CONVERT_GBA","1","REBORN_PLATES_STAGED_SOURCE","Recover the exact reviewed battle sprite package from the prior giant Reborn/Plates sprite master; then convert only if still GBA-format.",""
"larvitar-space-form-4","LEGACY_APPROVED_RECOVERY","","false","false","false","false","0","APPROVED_RECOVERY","CONVERT_GBA","1","REBORN_PLATES_STAGED_SOURCE","Recover the exact reviewed battle sprite package from the prior giant Reborn/Plates sprite master; then convert only if still GBA-format.",""
"pupitar-space-form-4","LEGACY_APPROVED_RECOVERY","","false","false","false","false","0","APPROVED_RECOVERY","CONVERT_GBA","1","REBORN_PLATES_STAGED_SOURCE","Recover the exact reviewed battle sprite package from the prior giant Reborn/Plates sprite master; then convert only if still GBA-format.",""
"tyranitar-space-form-4","LEGACY_APPROVED_RECOVERY","","false","false","false","false","0","APPROVED_RECOVERY","CONVERT_GBA","1","REBORN_PLATES_STAGED_SOURCE","Recover the exact reviewed battle sprite package from the prior giant Reborn/Plates sprite master; then convert only if still GBA-format.",""
"breloom-alternate-form-3","LEGACY_APPROVED_RECOVERY","","false","false","false","false","0","APPROVED_RECOVERY","CONVERT_GBA","1","REBORN_PLATES_STAGED_SOURCE","Recover the exact reviewed battle sprite package from the prior giant Reborn/Plates sprite master; then convert only if still GBA-format.",""
"delta-eelektross","LEGACY_APPROVED_RECOVERY","","false","false","false","false","0","APPROVED_RECOVERY","CONVERT_GBA","1","PLATINUM_SOURCE_SEARCH","Search the carried Platinum Redux package by exact species folder.",""
"mega-probopass","LEGACY_APPROVED_RECOVERY","","false","false","false","false","0","APPROVED_RECOVERY","CONVERT_GBA","1","ORIGINAL_MEGAS_FRONT_BACK_RESOLVED","Recover the explicit front/back pair from 06_Banished_Platinum_Original_Megas / Free to Use Original Megas; convert/validate for DS.",""
"probopass-alternate-form-1","LEGACY_APPROVED_RECOVERY","","false","false","false","false","0","APPROVED_RECOVERY","CONVERT_GBA","1","REBORN_PLATES_STAGED_SOURCE","Recover the exact reviewed battle sprite package from the prior giant Reborn/Plates sprite master; then convert only if still GBA-format.",""
"skitty-alternate-form-1","LEGACY_APPROVED_RECOVERY","","false","false","false","false","0","APPROVED_RECOVERY","CONVERT_GBA","1","REBORN_PLATES_STAGED_SOURCE","Recover the exact reviewed battle sprite package from the prior giant Reborn/Plates sprite master; then convert only if still GBA-format.",""
"delcatty-alternate-form-1","LEGACY_APPROVED_RECOVERY","","false","false","false","false","0","APPROVED_RECOVERY","CONVERT_GBA","1","REBORN_PLATES_STAGED_SOURCE","Recover the exact reviewed battle sprite package from the prior giant Reborn/Plates sprite master; then convert only if still GBA-format.",""
"sableye-alternate-gemstone-mega-form-3","LEGACY_APPROVED_RECOVERY","","false","false","false","false","0","APPROVED_RECOVERY","CONVERT_GBA","1","REBORN_PLATES_STAGED_SOURCE","Recover the exact reviewed battle sprite package from the prior giant Reborn/Plates sprite master; then convert only if still GBA-format.",""
"electrike-alternate-form-2","LEGACY_APPROVED_RECOVERY","","false","false","false","false","0","APPROVED_RECOVERY","CONVERT_GBA","1","REBORN_PLATES_STAGED_SOURCE","Recover the exact reviewed battle sprite package from the prior giant Reborn/Plates sprite master; then convert only if still GBA-format.",""
"manectric-mega-alternate-form-3","LEGACY_APPROVED_RECOVERY","","false","false","false","false","0","APPROVED_RECOVERY","CONVERT_GBA","1","REBORN_PLATES_STAGED_SOURCE","Recover the exact reviewed battle sprite package from the prior giant Reborn/Plates sprite master; then convert only if still GBA-format.",""
"mega-roserade","LEGACY_APPROVED_RECOVERY","","false","false","false","false","0","APPROVED_RECOVERY","CONVERT_GBA","1","ORIGINAL_MEGAS_FRONT_BACK_RESOLVED","Recover the explicit front/back pair from 06_Banished_Platinum_Original_Megas / Free to Use Original Megas; convert/validate for DS.",""
"swalot-alternate-form-1","LEGACY_APPROVED_RECOVERY","","false","false","false","false","0","APPROVED_RECOVERY","CONVERT_GBA","1","REBORN_PLATES_STAGED_SOURCE","Recover the exact reviewed battle sprite package from the prior giant Reborn/Plates sprite master; then convert only if still GBA-format.",""
"wailmer-alternate-form-1","LEGACY_APPROVED_RECOVERY","","false","false","false","false","0","APPROVED_RECOVERY","CONVERT_GBA","1","REBORN_PLATES_STAGED_SOURCE","Recover the exact reviewed battle sprite package from the prior giant Reborn/Plates sprite master; then convert only if still GBA-format.",""
"wailord-alternate-form-1","LEGACY_APPROVED_RECOVERY","","false","false","false","false","0","APPROVED_RECOVERY","CONVERT_GBA","1","REBORN_PLATES_STAGED_SOURCE","Recover the exact reviewed battle sprite package from the prior giant Reborn/Plates sprite master; then convert only if still GBA-format.",""
"trapinch-redux","LEGACY_APPROVED_RECOVERY","","true","false","false","false","1","APPROVED_RECOVERY","CONVERT_GBA","1","ER_SOURCE_IDENTITY_ONLY","Species/source identity is confirmed, but REV6 does not explicitly claim a recovered 4-view package. Search the ER source package by exact species constant before any reconstruction.","true"
"vibrava-redux","LEGACY_APPROVED_RECOVERY","","true","false","false","false","1","APPROVED_RECOVERY","CONVERT_GBA","1","ER_SOURCE_IDENTITY_ONLY","Species/source identity is confirmed, but REV6 does not explicitly claim a recovered 4-view package. Search the ER source package by exact species constant before any reconstruction.","true"
"flygon-redux","LEGACY_APPROVED_RECOVERY","","true","false","false","false","1","APPROVED_RECOVERY","CONVERT_GBA","1","ER_SOURCE_IDENTITY_ONLY","Species/source identity is confirmed, but REV6 does not explicitly claim a recovered 4-view package. Search the ER source package by exact species constant before any reconstruction.","true"
"flygon-redux-mega","LEGACY_APPROVED_RECOVERY","","true","false","false","false","1","APPROVED_RECOVERY","CONVERT_GBA","1","ER_SOURCE_IDENTITY_ONLY","Species/source identity is confirmed, but REV6 does not explicitly claim a recovered 4-view package. Search the ER source package by exact species constant before any reconstruction.","true"
"altaria-alternate-form-2","LEGACY_APPROVED_RECOVERY","","false","false","false","false","0","APPROVED_RECOVERY","CONVERT_GBA","1","REBORN_PLATES_STAGED_SOURCE","Recover the exact reviewed battle sprite package from the prior giant Reborn/Plates sprite master; then convert only if still GBA-format.",""
"altaria-alternate-mega-form-3","LEGACY_APPROVED_RECOVERY","","false","false","false","false","0","APPROVED_RECOVERY","CONVERT_GBA","1","REBORN_PLATES_STAGED_SOURCE","Recover the exact reviewed battle sprite package from the prior giant Reborn/Plates sprite master; then convert only if still GBA-format.",""
"revenclaw","LEGACY_APPROVED_RECOVERY","","false","false","false","false","0","APPROVED_RECOVERY","CONVERT_GBA","1","SOURCE_PACKAGE_SEARCH","Recover from the exact legacy source named by REV4/REV6 before conversion.",""
"venagon","LEGACY_APPROVED_RECOVERY","","false","false","false","false","0","APPROVED_RECOVERY","CONVERT_GBA","1","SOURCE_PACKAGE_SEARCH","Recover from the exact legacy source named by REV4/REV6 before conversion.",""
"mega-milotic","LEGACY_APPROVED_RECOVERY","","false","false","false","false","0","APPROVED_RECOVERY","CONVERT_GBA","1","ORIGINAL_MEGAS_FRONT_BACK_RESOLVED","Recover the explicit front/back pair from 06_Banished_Platinum_Original_Megas / Free to Use Original Megas; convert/validate for DS.",""
"dusknoir-alternate-form-1","LEGACY_APPROVED_RECOVERY","","false","false","false","false","0","APPROVED_RECOVERY","CONVERT_GBA","1","REBORN_PLATES_STAGED_SOURCE","Recover the exact reviewed battle sprite package from the prior giant Reborn/Plates sprite master; then convert only if still GBA-format.",""
"froslass-mega-x","LEGACY_APPROVED_RECOVERY","","false","false","false","false","0","APPROVED_RECOVERY","CONVERT_GBA","1","ER_SOURCE_IDENTITY_ONLY","Species/source identity is confirmed, but REV6 does not explicitly claim a recovered 4-view package. Search the ER source package by exact species constant before any reconstruction.",""
"salamence-alternate-form-2","LEGACY_APPROVED_RECOVERY","","false","false","false","false","0","APPROVED_RECOVERY","CONVERT_GBA","1","REBORN_PLATES_STAGED_SOURCE","Recover the exact reviewed battle sprite package from the prior giant Reborn/Plates sprite master; then convert only if still GBA-format.",""
"salamence-alternate-mega-form-3","LEGACY_APPROVED_RECOVERY","","false","false","false","false","0","APPROVED_RECOVERY","CONVERT_GBA","1","REBORN_PLATES_STAGED_SOURCE","Recover the exact reviewed battle sprite package from the prior giant Reborn/Plates sprite master; then convert only if still GBA-format.",""
"beldum-alternate-form-2","LEGACY_APPROVED_RECOVERY","","false","false","false","false","0","APPROVED_RECOVERY","CONVERT_GBA","1","REBORN_PLATES_STAGED_SOURCE","Recover the exact reviewed battle sprite package from the prior giant Reborn/Plates sprite master; then convert only if still GBA-format.",""
"metang-alternate-form-2","LEGACY_APPROVED_RECOVERY","","false","false","false","false","0","APPROVED_RECOVERY","CONVERT_GBA","1","REBORN_PLATES_STAGED_SOURCE","Recover the exact reviewed battle sprite package from the prior giant Reborn/Plates sprite master; then convert only if still GBA-format.",""
"metagross-alternate-form-2","LEGACY_APPROVED_RECOVERY","","false","false","false","false","0","APPROVED_RECOVERY","CONVERT_GBA","1","REBORN_PLATES_STAGED_SOURCE","Recover the exact reviewed battle sprite package from the prior giant Reborn/Plates sprite master; then convert only if still GBA-format.",""
"metagross-alternate-mega-form-3","LEGACY_APPROVED_RECOVERY","","false","false","false","false","0","APPROVED_RECOVERY","CONVERT_GBA","1","REBORN_PLATES_STAGED_SOURCE","Recover the exact reviewed battle sprite package from the prior giant Reborn/Plates sprite master; then convert only if still GBA-format.",""
"cranidos-alternate-form-1","LEGACY_APPROVED_RECOVERY","","false","false","false","false","0","APPROVED_RECOVERY","CONVERT_GBA","1","REBORN_PLATES_STAGED_SOURCE","Recover the exact reviewed battle sprite package from the prior giant Reborn/Plates sprite master; then convert only if still GBA-format.",""
"mega-rampardos","LEGACY_APPROVED_RECOVERY","","false","false","false","false","0","APPROVED_RECOVERY","CONVERT_GBA","1","ORIGINAL_MEGAS_FRONT_BACK_RESOLVED","Recover the explicit front/back pair from 06_Banished_Platinum_Original_Megas / Free to Use Original Megas; convert/validate for DS.",""
"shieldon-alternate-form-1","LEGACY_APPROVED_RECOVERY","","false","false","false","false","0","APPROVED_RECOVERY","CONVERT_GBA","1","REBORN_PLATES_STAGED_SOURCE","Recover the exact reviewed battle sprite package from the prior giant Reborn/Plates sprite master; then convert only if still GBA-format.",""
"mega-bastiodon","LEGACY_APPROVED_RECOVERY","","false","false","false","false","0","APPROVED_RECOVERY","CONVERT_GBA","1","ORIGINAL_MEGAS_FRONT_BACK_RESOLVED","Recover the explicit front/back pair from 06_Banished_Platinum_Original_Megas / Free to Use Original Megas; convert/validate for DS.",""
"combee-alternate-form-1","LEGACY_APPROVED_RECOVERY","","false","false","false","false","0","APPROVED_RECOVERY","CONVERT_GBA","1","REBORN_PLATES_STAGED_SOURCE","Recover the exact reviewed battle sprite package from the prior giant Reborn/Plates sprite master; then convert only if still GBA-format.",""
"vespiquen-alternate-form-1","LEGACY_APPROVED_RECOVERY","","false","false","false","false","0","APPROVED_RECOVERY","CONVERT_GBA","1","REBORN_PLATES_STAGED_SOURCE","Recover the exact reviewed battle sprite package from the prior giant Reborn/Plates sprite master; then convert only if still GBA-format.",""
"mega-spiritomb","LEGACY_APPROVED_RECOVERY","","false","false","false","false","0","APPROVED_RECOVERY","CONVERT_GBA","1","ORIGINAL_MEGAS_FRONT_BACK_RESOLVED","Recover the explicit front/back pair from 06_Banished_Platinum_Original_Megas / Free to Use Original Megas; convert/validate for DS.",""
"carnivine-alternate-form-2","LEGACY_APPROVED_RECOVERY","","false","false","false","false","0","APPROVED_RECOVERY","CONVERT_GBA","1","REBORN_PLATES_STAGED_SOURCE","Recover the exact reviewed battle sprite package from the prior giant Reborn/Plates sprite master; then convert only if still GBA-format.",""
"purrloin-alternate-form-1","LEGACY_APPROVED_RECOVERY","","false","false","false","false","0","APPROVED_RECOVERY","CONVERT_GBA","1","REBORN_PLATES_STAGED_SOURCE","Recover the exact reviewed battle sprite package from the prior giant Reborn/Plates sprite master; then convert only if still GBA-format.",""
"liepard-alternate-form-1","LEGACY_APPROVED_RECOVERY","","false","false","false","false","0","APPROVED_RECOVERY","CONVERT_GBA","1","REBORN_PLATES_STAGED_SOURCE","Recover the exact reviewed battle sprite package from the prior giant Reborn/Plates sprite master; then convert only if still GBA-format.",""
"munna-alternate-form-1","LEGACY_APPROVED_RECOVERY","","false","false","false","false","0","APPROVED_RECOVERY","CONVERT_GBA","1","REBORN_PLATES_STAGED_SOURCE","Recover the exact reviewed battle sprite package from the prior giant Reborn/Plates sprite master; then convert only if still GBA-format.",""
"musharna-alternate-form-1","LEGACY_APPROVED_RECOVERY","","false","false","false","false","0","APPROVED_RECOVERY","CONVERT_GBA","1","REBORN_PLATES_STAGED_SOURCE","Recover the exact reviewed battle sprite package from the prior giant Reborn/Plates sprite master; then convert only if still GBA-format.",""
"petilil-alternate-form-1","LEGACY_APPROVED_RECOVERY","","false","false","false","false","0","APPROVED_RECOVERY","CONVERT_GBA","1","REBORN_PLATES_STAGED_SOURCE","Recover the exact reviewed battle sprite package from the prior giant Reborn/Plates sprite master; then convert only if still GBA-format.",""
"lilligant-alternate-form-1","LEGACY_APPROVED_RECOVERY","","false","false","false","false","0","APPROVED_RECOVERY","CONVERT_GBA","1","REBORN_PLATES_STAGED_SOURCE","Recover the exact reviewed battle sprite package from the prior giant Reborn/Plates sprite master; then convert only if still GBA-format.",""
"sandile-alternate-form-1","LEGACY_APPROVED_RECOVERY","","false","false","false","false","0","APPROVED_RECOVERY","CONVERT_GBA","1","REBORN_PLATES_STAGED_SOURCE","Recover the exact reviewed battle sprite package from the prior giant Reborn/Plates sprite master; then convert only if still GBA-format.",""
"krokorok-alternate-form-1","LEGACY_APPROVED_RECOVERY","","false","false","false","false","0","APPROVED_RECOVERY","CONVERT_GBA","1","REBORN_PLATES_STAGED_SOURCE","Recover the exact reviewed battle sprite package from the prior giant Reborn/Plates sprite master; then convert only if still GBA-format.",""
"krookodile-alternate-form-1","LEGACY_APPROVED_RECOVERY","","false","false","false","false","0","APPROVED_RECOVERY","CONVERT_GBA","1","REBORN_PLATES_STAGED_SOURCE","Recover the exact reviewed battle sprite package from the prior giant Reborn/Plates sprite master; then convert only if still GBA-format.",""
"blunder-darmanitan","LEGACY_APPROVED_RECOVERY","","false","false","false","false","0","APPROVED_RECOVERY","CONVERT_GBA","1","ER_NEXTDEX_4VIEW_RECOVERED","Recover exact normal back (and shiny pair) from the previously resolved ER-nextdex 4-view package; do not recreate from the front.",""
"dwebble-alternate-form-1","LEGACY_APPROVED_RECOVERY","","false","false","false","false","0","APPROVED_RECOVERY","CONVERT_GBA","1","REBORN_PLATES_STAGED_SOURCE","Recover the exact reviewed battle sprite package from the prior giant Reborn/Plates sprite master; then convert only if still GBA-format.",""
"crustle-alternate-form-1","LEGACY_APPROVED_RECOVERY","","false","false","false","false","0","APPROVED_RECOVERY","CONVERT_GBA","1","REBORN_PLATES_STAGED_SOURCE","Recover the exact reviewed battle sprite package from the prior giant Reborn/Plates sprite master; then convert only if still GBA-format.",""
"escavalier-alternate-form-1","LEGACY_APPROVED_RECOVERY","","false","false","false","false","0","APPROVED_RECOVERY","CONVERT_GBA","1","REBORN_PLATES_STAGED_SOURCE","Recover the exact reviewed battle sprite package from the prior giant Reborn/Plates sprite master; then convert only if still GBA-format.",""
"accelgor-alternate-form-1","LEGACY_APPROVED_RECOVERY","","false","false","false","false","0","APPROVED_RECOVERY","CONVERT_GBA","1","REBORN_PLATES_STAGED_SOURCE","Recover the exact reviewed battle sprite package from the prior giant Reborn/Plates sprite master; then convert only if still GBA-format.",""
"klang-alternate-form-1","LEGACY_APPROVED_RECOVERY","","false","false","false","false","0","APPROVED_RECOVERY","CONVERT_GBA","1","REBORN_PLATES_STAGED_SOURCE","Recover the exact reviewed battle sprite package from the prior giant Reborn/Plates sprite master; then convert only if still GBA-format.",""
"klinklang-alternate-form-1","LEGACY_APPROVED_RECOVERY","","false","false","false","false","0","APPROVED_RECOVERY","CONVERT_GBA","1","REBORN_PLATES_STAGED_SOURCE","Recover the exact reviewed battle sprite package from the prior giant Reborn/Plates sprite master; then convert only if still GBA-format.",""
"eelektrik-alternate-form-1","LEGACY_APPROVED_RECOVERY","","false","false","false","false","0","APPROVED_RECOVERY","CONVERT_GBA","1","REBORN_PLATES_STAGED_SOURCE","Recover the exact reviewed battle sprite package from the prior giant Reborn/Plates sprite master; then convert only if still GBA-format.",""
"eelektross-alternate-form-1","LEGACY_APPROVED_RECOVERY","","false","false","false","false","0","APPROVED_RECOVERY","CONVERT_GBA","1","REBORN_PLATES_STAGED_SOURCE","Recover the exact reviewed battle sprite package from the prior giant Reborn/Plates sprite master; then convert only if still GBA-format.",""
"chandelure-mega-x","LEGACY_APPROVED_RECOVERY","","false","false","false","false","0","APPROVED_RECOVERY","CONVERT_GBA","1","ER_SOURCE_IDENTITY_ONLY","Species/source identity is confirmed, but REV6 does not explicitly claim a recovered 4-view package. Search the ER source package by exact species constant before any reconstruction.",""
"cryogonal-alternate-form-1","LEGACY_APPROVED_RECOVERY","","false","false","false","false","0","APPROVED_RECOVERY","CONVERT_GBA","1","REBORN_PLATES_STAGED_SOURCE","Recover the exact reviewed battle sprite package from the prior giant Reborn/Plates sprite master; then convert only if still GBA-format.",""
"mienfoo-bluetowel-alternate-form-form-1","LEGACY_APPROVED_RECOVERY","","false","false","false","false","0","APPROVED_RECOVERY","CONVERT_GBA","1","REBORN_PLATES_STAGED_SOURCE","Recover the exact reviewed battle sprite package from the prior giant Reborn/Plates sprite master; then convert only if still GBA-format.",""
"mienshao-bluetowel-alternate-form-form-1","LEGACY_APPROVED_RECOVERY","","false","false","false","false","0","APPROVED_RECOVERY","CONVERT_GBA","1","REBORN_PLATES_STAGED_SOURCE","Recover the exact reviewed battle sprite package from the prior giant Reborn/Plates sprite master; then convert only if still GBA-format.",""
"golett-alternate-form-1","LEGACY_APPROVED_RECOVERY","","false","false","false","false","0","APPROVED_RECOVERY","CONVERT_GBA","1","REBORN_PLATES_STAGED_SOURCE","Recover the exact reviewed battle sprite package from the prior giant Reborn/Plates sprite master; then convert only if still GBA-format.",""
"golurk-alternate-form-1","LEGACY_APPROVED_RECOVERY","","false","false","false","false","0","APPROVED_RECOVERY","CONVERT_GBA","1","REBORN_PLATES_STAGED_SOURCE","Recover the exact reviewed battle sprite package from the prior giant Reborn/Plates sprite master; then convert only if still GBA-format.",""
"durant-bluetowel-alternate-form-form-1","LEGACY_APPROVED_RECOVERY","","false","false","false","false","0","APPROVED_RECOVERY","CONVERT_GBA","1","REBORN_PLATES_STAGED_SOURCE","Recover the exact reviewed battle sprite package from the prior giant Reborn/Plates sprite master; then convert only if still GBA-format.",""
"honedge-redux","LEGACY_APPROVED_RECOVERY","","true","false","false","false","1","APPROVED_RECOVERY","CONVERT_GBA","1","ER_SOURCE_IDENTITY_ONLY","Species/source identity is confirmed, but REV6 does not explicitly claim a recovered 4-view package. Search the ER source package by exact species constant before any reconstruction.","true"
"doublade-redux","LEGACY_APPROVED_RECOVERY","","true","false","false","false","1","APPROVED_RECOVERY","CONVERT_GBA","1","ER_SOURCE_IDENTITY_ONLY","Species/source identity is confirmed, but REV6 does not explicitly claim a recovered 4-view package. Search the ER source package by exact species constant before any reconstruction.","true"
"aegislash-blade-redux","LEGACY_APPROVED_RECOVERY","","true","false","false","false","1","APPROVED_RECOVERY","CONVERT_GBA","1","ER_SOURCE_IDENTITY_ONLY","Species/source identity is confirmed, but REV6 does not explicitly claim a recovered 4-view package. Search the ER source package by exact species constant before any reconstruction.","true"
"aegislash-redux","LEGACY_APPROVED_RECOVERY","","true","false","false","false","1","APPROVED_RECOVERY","CONVERT_GBA","1","ER_SOURCE_IDENTITY_ONLY","Species/source identity is confirmed, but REV6 does not explicitly claim a recovered 4-view package. Search the ER source package by exact species constant before any reconstruction.","true"
"aegislash-mega","LEGACY_APPROVED_RECOVERY","","false","false","false","false","0","APPROVED_RECOVERY","CONVERT_GBA","1","ER_SOURCE_IDENTITY_ONLY","Species/source identity is confirmed, but REV6 does not explicitly claim a recovered 4-view package. Search the ER source package by exact species constant before any reconstruction.",""
"aromatisse-alternate-form-1","LEGACY_APPROVED_RECOVERY","","false","false","false","false","0","APPROVED_RECOVERY","CONVERT_GBA","1","REBORN_PLATES_STAGED_SOURCE","Recover the exact reviewed battle sprite package from the prior giant Reborn/Plates sprite master; then convert only if still GBA-format.",""
"tyrunt-alternate-form-1","LEGACY_APPROVED_RECOVERY","","false","false","false","false","0","APPROVED_RECOVERY","CONVERT_GBA","1","REBORN_PLATES_STAGED_SOURCE","Recover the exact reviewed battle sprite package from the prior giant Reborn/Plates sprite master; then convert only if still GBA-format.",""
"tyrantrum-alternate-form-1","LEGACY_APPROVED_RECOVERY","","false","false","false","false","0","APPROVED_RECOVERY","CONVERT_GBA","1","REBORN_PLATES_STAGED_SOURCE","Recover the exact reviewed battle sprite package from the prior giant Reborn/Plates sprite master; then convert only if still GBA-format.",""
"amaura-alternate-form-1","LEGACY_APPROVED_RECOVERY","","false","false","false","false","0","APPROVED_RECOVERY","CONVERT_GBA","1","REBORN_PLATES_STAGED_SOURCE","Recover the exact reviewed battle sprite package from the prior giant Reborn/Plates sprite master; then convert only if still GBA-format.",""
"aurorus-alternate-form-1","LEGACY_APPROVED_RECOVERY","","false","false","false","false","0","APPROVED_RECOVERY","CONVERT_GBA","1","REBORN_PLATES_STAGED_SOURCE","Recover the exact reviewed battle sprite package from the prior giant Reborn/Plates sprite master; then convert only if still GBA-format.",""
"noibat-alternate-form-1","LEGACY_APPROVED_RECOVERY","","false","false","false","false","0","APPROVED_RECOVERY","CONVERT_GBA","1","REBORN_PLATES_STAGED_SOURCE","Recover the exact reviewed battle sprite package from the prior giant Reborn/Plates sprite master; then convert only if still GBA-format.",""
"noivern-alternate-form-1","LEGACY_APPROVED_RECOVERY","","false","false","false","false","0","APPROVED_RECOVERY","CONVERT_GBA","1","REBORN_PLATES_STAGED_SOURCE","Recover the exact reviewed battle sprite package from the prior giant Reborn/Plates sprite master; then convert only if still GBA-format.",""
"crabrawler-redux","LEGACY_APPROVED_RECOVERY","","true","false","false","false","1","APPROVED_RECOVERY","CONVERT_GBA","1","ER_SOURCE_IDENTITY_ONLY","Species/source identity is confirmed, but REV6 does not explicitly claim a recovered 4-view package. Search the ER source package by exact species constant before any reconstruction.","true"
"crabominable-redux","LEGACY_APPROVED_RECOVERY","","true","false","false","false","1","APPROVED_RECOVERY","CONVERT_GBA","1","ER_SOURCE_IDENTITY_ONLY","Species/source identity is confirmed, but REV6 does not explicitly claim a recovered 4-view package. Search the ER source package by exact species constant before any reconstruction.","true"
"tsareena-mega","LEGACY_APPROVED_RECOVERY","","true","false","false","false","1","APPROVED_RECOVERY","CONVERT_GBA","1","ER_SOURCE_IDENTITY_ONLY","Species/source identity is confirmed, but REV6 does not explicitly claim a recovered 4-view package. Search the ER source package by exact species constant before any reconstruction.","true"
"golisopod-mega-y","LEGACY_APPROVED_RECOVERY","","true","false","false","false","1","APPROVED_RECOVERY","CONVERT_GBA","1","ER_NEXTDEX_4VIEW_RECOVERED","Recover exact normal back (and shiny pair) from the previously resolved ER-nextdex 4-view package; do not recreate from the front.","true"
"hakamo-o-alternate-form-1","LEGACY_APPROVED_RECOVERY","","false","false","false","false","0","APPROVED_RECOVERY","CONVERT_GBA","1","REBORN_PLATES_STAGED_SOURCE","Recover the exact reviewed battle sprite package from the prior giant Reborn/Plates sprite master; then convert only if still GBA-format.",""
"kommo-o-alternate-form-1","LEGACY_APPROVED_RECOVERY","","false","false","false","false","0","APPROVED_RECOVERY","CONVERT_GBA","1","REBORN_PLATES_STAGED_SOURCE","Recover the exact reviewed battle sprite package from the prior giant Reborn/Plates sprite master; then convert only if still GBA-format.",""
"cinderace-mega","LEGACY_APPROVED_RECOVERY","","false","false","false","false","0","APPROVED_RECOVERY","CONVERT_GBA","1","ER_SOURCE_IDENTITY_ONLY","Species/source identity is confirmed, but REV6 does not explicitly claim a recovered 4-view package. Search the ER source package by exact species constant before any reconstruction.",""
"inteleon-mega","LEGACY_APPROVED_RECOVERY","","false","false","false","false","0","APPROVED_RECOVERY","CONVERT_GBA","1","ER_SOURCE_IDENTITY_ONLY","Species/source identity is confirmed, but REV6 does not explicitly claim a recovered 4-view package. Search the ER source package by exact species constant before any reconstruction.",""
"drednaw-mega","LEGACY_APPROVED_RECOVERY","","false","false","false","false","0","APPROVED_RECOVERY","CONVERT_GBA","1","ER_SOURCE_IDENTITY_ONLY","Species/source identity is confirmed, but REV6 does not explicitly claim a recovered 4-view package. Search the ER source package by exact species constant before any reconstruction.",""
"coalossal-mega","LEGACY_APPROVED_RECOVERY","","false","false","false","false","0","APPROVED_RECOVERY","CONVERT_GBA","1","ER_SOURCE_IDENTITY_ONLY","Species/source identity is confirmed, but REV6 does not explicitly claim a recovered 4-view package. Search the ER source package by exact species constant before any reconstruction.",""
"toxtricity-mega","LEGACY_APPROVED_RECOVERY","","false","false","false","false","0","APPROVED_RECOVERY","CONVERT_GBA","1","ER_SOURCE_IDENTITY_ONLY","Species/source identity is confirmed, but REV6 does not explicitly claim a recovered 4-view package. Search the ER source package by exact species constant before any reconstruction.",""
"hatterene-mega","LEGACY_APPROVED_RECOVERY","","false","false","false","false","0","APPROVED_RECOVERY","CONVERT_GBA","1","ER_SOURCE_IDENTITY_ONLY","Species/source identity is confirmed, but REV6 does not explicitly claim a recovered 4-view package. Search the ER source package by exact species constant before any reconstruction.",""
"cetoddle-redux","LEGACY_APPROVED_RECOVERY","","true","false","false","false","1","APPROVED_RECOVERY","CONVERT_GBA","1","ER_NEXTDEX_4VIEW_RECOVERED","Recover exact normal back (and shiny pair) from the previously resolved ER-nextdex 4-view package; do not recreate from the front.","true"
"cetitan-redux","LEGACY_APPROVED_RECOVERY","","true","false","false","false","1","APPROVED_RECOVERY","CONVERT_GBA","1","ER_NEXTDEX_4VIEW_RECOVERED","Recover exact normal back (and shiny pair) from the previously resolved ER-nextdex 4-view package; do not recreate from the front.","true"
"amphybuzz","LEGACY_APPROVED_RECOVERY","","true","false","false","false","1","APPROVED_RECOVERY","CONVERT_GBA","1","ER_SOURCE_IDENTITY_ONLY","Species/source identity is confirmed, but REV6 does not explicitly claim a recovered 4-view package. Search the ER source package by exact species constant before any reconstruction.","true"
"amphybuzz-mega","LEGACY_APPROVED_RECOVERY","","true","false","false","false","1","APPROVED_RECOVERY","CONVERT_GBA","1","ER_SOURCE_IDENTITY_ONLY","Species/source identity is confirmed, but REV6 does not explicitly claim a recovered 4-view package. Search the ER source package by exact species constant before any reconstruction.","true"
"bariong","LEGACY_APPROVED_RECOVERY","","true","false","false","false","1","APPROVED_RECOVERY","CONVERT_GBA","1","ER_SOURCE_IDENTITY_ONLY","Species/source identity is confirmed, but REV6 does not explicitly claim a recovered 4-view package. Search the ER source package by exact species constant before any reconstruction.","true"
"bewarden-redux","LEGACY_APPROVED_RECOVERY","","true","false","false","false","1","APPROVED_RECOVERY","CONVERT_GBA","1","ER_SOURCE_IDENTITY_ONLY","Species/source identity is confirmed, but REV6 does not explicitly claim a recovered 4-view package. Search the ER source package by exact species constant before any reconstruction.","true"
"bewarden","LEGACY_APPROVED_RECOVERY","","true","false","false","false","1","APPROVED_RECOVERY","CONVERT_GBA","1","ER_SOURCE_IDENTITY_ONLY","Species/source identity is confirmed, but REV6 does not explicitly claim a recovered 4-view package. Search the ER source package by exact species constant before any reconstruction.","true"
"blocli","LEGACY_APPROVED_RECOVERY","","true","false","false","false","1","APPROVED_RECOVERY","CONVERT_GBA","1","ER_NEXTDEX_4VIEW_RECOVERED","Recover exact normal back (and shiny pair) from the previously resolved ER-nextdex 4-view package; do not recreate from the front.","true"
"bloxtack","LEGACY_APPROVED_RECOVERY","","true","false","false","false","1","APPROVED_RECOVERY","CONVERT_GBA","1","ER_NEXTDEX_4VIEW_RECOVERED","Recover exact normal back (and shiny pair) from the previously resolved ER-nextdex 4-view package; do not recreate from the front.","true"
"breezing","LEGACY_APPROVED_RECOVERY","","true","false","false","false","1","APPROVED_RECOVERY","CONVERT_GBA","1","ER_NEXTDEX_4VIEW_RECOVERED","Recover exact normal back (and shiny pair) from the previously resolved ER-nextdex 4-view package; do not recreate from the front.","true"
"bubbleo","LEGACY_APPROVED_RECOVERY","","true","false","false","false","1","APPROVED_RECOVERY","CONVERT_GBA","1","ER_SOURCE_IDENTITY_ONLY","Species/source identity is confirmed, but REV6 does not explicitly claim a recovered 4-view package. Search the ER source package by exact species constant before any reconstruction.","true"
"carbonix-mega","LEGACY_APPROVED_RECOVERY","","true","false","false","false","1","APPROVED_RECOVERY","CONVERT_GBA","1","ER_NEXTDEX_4VIEW_RECOVERED","Recover exact normal back (and shiny pair) from the previously resolved ER-nextdex 4-view package; do not recreate from the front.","true"
"clawtificer","LEGACY_APPROVED_RECOVERY","","false","false","false","false","0","APPROVED_RECOVERY","CONVERT_GBA","1","ER_SOURCE_IDENTITY_ONLY","Species/source identity is confirmed, but REV6 does not explicitly claim a recovered 4-view package. Search the ER source package by exact species constant before any reconstruction.",""
"corm","LEGACY_APPROVED_RECOVERY","","true","false","false","false","1","APPROVED_RECOVERY","CONVERT_GBA","1","ER_SOURCE_IDENTITY_ONLY","Species/source identity is confirmed, but REV6 does not explicitly claim a recovered 4-view package. Search the ER source package by exact species constant before any reconstruction.","true"
"cormoth","LEGACY_APPROVED_RECOVERY","","true","false","false","false","1","APPROVED_RECOVERY","CONVERT_GBA","1","ER_SOURCE_IDENTITY_ONLY","Species/source identity is confirmed, but REV6 does not explicitly claim a recovered 4-view package. Search the ER source package by exact species constant before any reconstruction.","true"
"cormoth-mega","LEGACY_APPROVED_RECOVERY","","true","false","false","false","1","APPROVED_RECOVERY","CONVERT_GBA","1","ER_SOURCE_IDENTITY_ONLY","Species/source identity is confirmed, but REV6 does not explicitly claim a recovered 4-view package. Search the ER source package by exact species constant before any reconstruction.","true"
"corn-tyrant","LEGACY_APPROVED_RECOVERY","","false","false","false","false","0","APPROVED_RECOVERY","CONVERT_GBA","1","ER_NEXTDEX_4VIEW_RECOVERED","Recover exact normal back (and shiny pair) from the previously resolved ER-nextdex 4-view package; do not recreate from the front.",""
"crabruiser","LEGACY_APPROVED_RECOVERY","","true","false","false","false","1","APPROVED_RECOVERY","CONVERT_GBA","1","ER_SOURCE_IDENTITY_ONLY","Species/source identity is confirmed, but REV6 does not explicitly claim a recovered 4-view package. Search the ER source package by exact species constant before any reconstruction.","true"
"crag-hopper","LEGACY_APPROVED_RECOVERY","","false","false","false","false","0","APPROVED_RECOVERY","CONVERT_GBA","1","ER_NEXTDEX_4VIEW_RECOVERED","Recover exact normal back (and shiny pair) from the previously resolved ER-nextdex 4-view package; do not recreate from the front.",""
"crawdauntless","LEGACY_APPROVED_RECOVERY","","false","false","false","false","0","APPROVED_RECOVERY","CONVERT_GBA","1","ER_SOURCE_IDENTITY_ONLY","Species/source identity is confirmed, but REV6 does not explicitly claim a recovered 4-view package. Search the ER source package by exact species constant before any reconstruction.",""
"eraticate","LEGACY_APPROVED_RECOVERY","","true","false","false","false","1","APPROVED_RECOVERY","CONVERT_GBA","1","ER_NEXTDEX_4VIEW_RECOVERED","Recover exact normal back (and shiny pair) from the previously resolved ER-nextdex 4-view package; do not recreate from the front.","true"
"fluffbee","LEGACY_APPROVED_RECOVERY","","true","false","false","false","1","APPROVED_RECOVERY","CONVERT_GBA","1","ER_SOURCE_IDENTITY_ONLY","Species/source identity is confirmed, but REV6 does not explicitly claim a recovered 4-view package. Search the ER source package by exact species constant before any reconstruction.","true"
"fogging","LEGACY_APPROVED_RECOVERY","","true","false","false","false","1","APPROVED_RECOVERY","CONVERT_GBA","1","ER_NEXTDEX_4VIEW_RECOVERED","Recover exact normal back (and shiny pair) from the previously resolved ER-nextdex 4-view package; do not recreate from the front.","true"
"frostuccino","LEGACY_APPROVED_RECOVERY","","true","false","false","false","1","APPROVED_RECOVERY","CONVERT_GBA","1","ER_NEXTDEX_4VIEW_RECOVERED","Recover exact normal back (and shiny pair) from the previously resolved ER-nextdex 4-view package; do not recreate from the front.","true"
"frostula","LEGACY_APPROVED_RECOVERY","","true","false","false","false","1","APPROVED_RECOVERY","CONVERT_GBA","1","ER_NEXTDEX_4VIEW_RECOVERED","Recover exact normal back (and shiny pair) from the previously resolved ER-nextdex 4-view package; do not recreate from the front.","true"
"gargablox","LEGACY_APPROVED_RECOVERY","","true","false","false","false","1","APPROVED_RECOVERY","CONVERT_GBA","1","ER_NEXTDEX_4VIEW_RECOVERED","Recover exact normal back (and shiny pair) from the previously resolved ER-nextdex 4-view package; do not recreate from the front.","true"
"grotom","LEGACY_APPROVED_RECOVERY","","true","false","false","false","1","APPROVED_RECOVERY","CONVERT_GBA","1","ER_NEXTDEX_4VIEW_RECOVERED","Recover exact normal back (and shiny pair) from the previously resolved ER-nextdex 4-view package; do not recreate from the front.","true"
"grotom-drum","LEGACY_APPROVED_RECOVERY","","true","false","false","false","1","APPROVED_RECOVERY","CONVERT_GBA","1","ER_NEXTDEX_4VIEW_RECOVERED","Recover exact normal back (and shiny pair) from the previously resolved ER-nextdex 4-view package; do not recreate from the front.","true"
"grotom-fill","LEGACY_APPROVED_RECOVERY","","true","false","false","false","1","APPROVED_RECOVERY","CONVERT_GBA","1","ER_NEXTDEX_4VIEW_RECOVERED","Recover exact normal back (and shiny pair) from the previously resolved ER-nextdex 4-view package; do not recreate from the front.","true"
"grotom-glass","LEGACY_APPROVED_RECOVERY","","true","false","false","false","1","APPROVED_RECOVERY","CONVERT_GBA","1","ER_NEXTDEX_4VIEW_RECOVERED","Recover exact normal back (and shiny pair) from the previously resolved ER-nextdex 4-view package; do not recreate from the front.","true"
"grotom-kick","LEGACY_APPROVED_RECOVERY","","true","false","false","false","1","APPROVED_RECOVERY","CONVERT_GBA","1","ER_NEXTDEX_4VIEW_RECOVERED","Recover exact normal back (and shiny pair) from the previously resolved ER-nextdex 4-view package; do not recreate from the front.","true"
"grotom-roll","LEGACY_APPROVED_RECOVERY","","true","false","false","false","1","APPROVED_RECOVERY","CONVERT_GBA","1","ER_NEXTDEX_4VIEW_RECOVERED","Recover exact normal back (and shiny pair) from the previously resolved ER-nextdex 4-view package; do not recreate from the front.","true"
"gyaradeath-mega-x","LEGACY_APPROVED_RECOVERY","","true","false","false","false","1","APPROVED_RECOVERY","CONVERT_GBA","1","ER_SOURCE_IDENTITY_ONLY","Species/source identity is confirmed, but REV6 does not explicitly claim a recovered 4-view package. Search the ER source package by exact species constant before any reconstruction.","true"
"gyaradeath-mega-y","LEGACY_APPROVED_RECOVERY","","true","false","false","false","1","APPROVED_RECOVERY","CONVERT_GBA","1","ER_SOURCE_IDENTITY_ONLY","Species/source identity is confirmed, but REV6 does not explicitly claim a recovered 4-view package. Search the ER source package by exact species constant before any reconstruction.","true"
"gyarevelry","LEGACY_APPROVED_RECOVERY","","false","false","false","false","0","APPROVED_RECOVERY","CONVERT_GBA","1","ER_SOURCE_IDENTITY_ONLY","Species/source identity is confirmed, but REV6 does not explicitly claim a recovered 4-view package. Search the ER source package by exact species constant before any reconstruction.",""
"heliomodo","LEGACY_APPROVED_RECOVERY","","false","false","false","false","0","APPROVED_RECOVERY","CONVERT_GBA","1","ER_SOURCE_IDENTITY_ONLY","Species/source identity is confirmed, but REV6 does not explicitly claim a recovered 4-view package. Search the ER source package by exact species constant before any reconstruction.",""
"heracreus","LEGACY_APPROVED_RECOVERY","","true","false","false","false","1","APPROVED_RECOVERY","CONVERT_GBA","1","ER_NEXTDEX_4VIEW_RECOVERED","Recover exact normal back (and shiny pair) from the previously resolved ER-nextdex 4-view package; do not recreate from the front.","true"
"heracreus-mega","LEGACY_APPROVED_RECOVERY","","true","false","false","false","1","APPROVED_RECOVERY","CONVERT_GBA","1","ER_NEXTDEX_4VIEW_RECOVERED","Recover exact normal back (and shiny pair) from the previously resolved ER-nextdex 4-view package; do not recreate from the front.","true"
"hippopotato","LEGACY_APPROVED_RECOVERY","","true","false","false","false","1","APPROVED_RECOVERY","CONVERT_GBA","1","ER_NEXTDEX_4VIEW_RECOVERED","Recover exact normal back (and shiny pair) from the previously resolved ER-nextdex 4-view package; do not recreate from the front.","true"
"hippotaton","LEGACY_APPROVED_RECOVERY","","true","false","false","false","1","APPROVED_RECOVERY","CONVERT_GBA","1","ER_NEXTDEX_4VIEW_RECOVERED","Recover exact normal back (and shiny pair) from the previously resolved ER-nextdex 4-view package; do not recreate from the front.","true"
"hydroar","LEGACY_APPROVED_RECOVERY","","true","false","false","false","1","APPROVED_RECOVERY","CONVERT_GBA","1","ER_SOURCE_IDENTITY_ONLY","Species/source identity is confirmed, but REV6 does not explicitly claim a recovered 4-view package. Search the ER source package by exact species constant before any reconstruction.","true"
"hydroar-f","LEGACY_APPROVED_RECOVERY","","true","false","false","false","1","APPROVED_RECOVERY","CONVERT_GBA","1","ER_SOURCE_IDENTITY_ONLY","Species/source identity is confirmed, but REV6 does not explicitly claim a recovered 4-view package. Search the ER source package by exact species constant before any reconstruction.","true"
"hypnocroak","LEGACY_APPROVED_RECOVERY","","true","false","false","false","1","APPROVED_RECOVERY","CONVERT_GBA","1","ER_NEXTDEX_4VIEW_RECOVERED","Recover exact normal back (and shiny pair) from the previously resolved ER-nextdex 4-view package; do not recreate from the front.","true"
"kilozuna","LEGACY_APPROVED_RECOVERY","","true","false","false","false","1","APPROVED_RECOVERY","CONVERT_GBA","1","ER_NEXTDEX_4VIEW_RECOVERED","Recover exact normal back (and shiny pair) from the previously resolved ER-nextdex 4-view package; do not recreate from the front.","true"
"kilozuna-mega","LEGACY_APPROVED_RECOVERY","","true","false","false","false","1","APPROVED_RECOVERY","CONVERT_GBA","1","ER_NEXTDEX_4VIEW_RECOVERED","Recover exact normal back (and shiny pair) from the previously resolved ER-nextdex 4-view package; do not recreate from the front.","true"
"kipmodo","LEGACY_APPROVED_RECOVERY","","true","false","false","false","1","APPROVED_RECOVERY","CONVERT_GBA","1","ER_NEXTDEX_4VIEW_RECOVERED","Recover exact normal back (and shiny pair) from the previously resolved ER-nextdex 4-view package; do not recreate from the front.","true"
"lucineon","LEGACY_APPROVED_RECOVERY","","false","false","false","false","0","APPROVED_RECOVERY","CONVERT_GBA","1","ER_SOURCE_IDENTITY_ONLY","Species/source identity is confirmed, but REV6 does not explicitly claim a recovered 4-view package. Search the ER source package by exact species constant before any reconstruction.",""
"luxzero-mega","LEGACY_APPROVED_RECOVERY","","true","false","false","false","1","APPROVED_RECOVERY","CONVERT_GBA","1","ER_NEXTDEX_4VIEW_RECOVERED","Recover exact normal back (and shiny pair) from the previously resolved ER-nextdex 4-view package; do not recreate from the front.","true"
"magnemous","LEGACY_APPROVED_RECOVERY","","false","false","false","false","0","APPROVED_RECOVERY","CONVERT_GBA","1","ER_SOURCE_IDENTITY_ONLY","Species/source identity is confirmed, but REV6 does not explicitly claim a recovered 4-view package. Search the ER source package by exact species constant before any reconstruction.",""
"marbeep","LEGACY_APPROVED_RECOVERY","","true","false","false","false","1","APPROVED_RECOVERY","CONVERT_GBA","1","ER_SOURCE_IDENTITY_ONLY","Species/source identity is confirmed, but REV6 does not explicitly claim a recovered 4-view package. Search the ER source package by exact species constant before any reconstruction.","true"
"marshmodo","LEGACY_APPROVED_RECOVERY","","true","false","false","false","1","APPROVED_RECOVERY","CONVERT_GBA","1","ER_NEXTDEX_4VIEW_RECOVERED","Recover exact normal back (and shiny pair) from the previously resolved ER-nextdex 4-view package; do not recreate from the front.","true"
"merrykarp","LEGACY_APPROVED_RECOVERY","","true","false","false","false","1","APPROVED_RECOVERY","CONVERT_GBA","1","ER_SOURCE_IDENTITY_ONLY","Species/source identity is confirmed, but REV6 does not explicitly claim a recovered 4-view package. Search the ER source package by exact species constant before any reconstruction.","true"
"morpekyll-hangry","LEGACY_APPROVED_RECOVERY","","true","false","false","false","1","APPROVED_RECOVERY","CONVERT_GBA","1","ER_NEXTDEX_4VIEW_RECOVERED","Recover exact normal back (and shiny pair) from the previously resolved ER-nextdex 4-view package; do not recreate from the front.","true"
"plundertow","LEGACY_APPROVED_RECOVERY","","true","false","false","false","1","APPROVED_RECOVERY","CONVERT_GBA","1","ER_NEXTDEX_4VIEW_RECOVERED","Recover exact normal back (and shiny pair) from the previously resolved ER-nextdex 4-view package; do not recreate from the front.","true"
"polartic-bluemoon","LEGACY_APPROVED_RECOVERY","","true","false","false","false","1","APPROVED_RECOVERY","CONVERT_GBA","1","ER_SOURCE_IDENTITY_ONLY","Species/source identity is confirmed, but REV6 does not explicitly claim a recovered 4-view package. Search the ER source package by exact species constant before any reconstruction.","true"
"popcorm","LEGACY_APPROVED_RECOVERY","","true","false","false","false","1","APPROVED_RECOVERY","CONVERT_GBA","1","ER_SOURCE_IDENTITY_ONLY","Species/source identity is confirmed, but REV6 does not explicitly claim a recovered 4-view package. Search the ER source package by exact species constant before any reconstruction.","true"
"popcorm-mega","LEGACY_APPROVED_RECOVERY","","true","false","false","false","1","APPROVED_RECOVERY","CONVERT_GBA","1","ER_SOURCE_IDENTITY_ONLY","Species/source identity is confirmed, but REV6 does not explicitly claim a recovered 4-view package. Search the ER source package by exact species constant before any reconstruction.","true"
"rexcadrill","LEGACY_APPROVED_RECOVERY","","true","false","false","false","1","APPROVED_RECOVERY","CONVERT_GBA","1","ER_NEXTDEX_4VIEW_RECOVERED","Recover exact normal back (and shiny pair) from the previously resolved ER-nextdex 4-view package; do not recreate from the front.","true"
"selenumbra","LEGACY_APPROVED_RECOVERY","","true","false","false","false","1","APPROVED_RECOVERY","CONVERT_GBA","1","ER_NEXTDEX_4VIEW_RECOVERED","Recover exact normal back (and shiny pair) from the previously resolved ER-nextdex 4-view package; do not recreate from the front.","true"
"spindaze","LEGACY_APPROVED_RECOVERY","","true","false","false","false","1","APPROVED_RECOVERY","CONVERT_GBA","1","ER_NEXTDEX_4VIEW_RECOVERED","Recover exact normal back (and shiny pair) from the previously resolved ER-nextdex 4-view package; do not recreate from the front.","true"
"storming","LEGACY_APPROVED_RECOVERY","","true","false","false","false","1","APPROVED_RECOVERY","CONVERT_GBA","1","ER_NEXTDEX_4VIEW_RECOVERED","Recover exact normal back (and shiny pair) from the previously resolved ER-nextdex 4-view package; do not recreate from the front.","true"
"swampage","LEGACY_APPROVED_RECOVERY","","true","false","false","false","1","APPROVED_RECOVERY","CONVERT_GBA","1","ER_NEXTDEX_4VIEW_RECOVERED","Recover exact normal back (and shiny pair) from the previously resolved ER-nextdex 4-view package; do not recreate from the front.","true"
"terrow","LEGACY_APPROVED_RECOVERY","","false","false","false","false","0","APPROVED_RECOVERY","CONVERT_GBA","1","ER_NEXTDEX_4VIEW_RECOVERED","Recover exact normal back (and shiny pair) from the previously resolved ER-nextdex 4-view package; do not recreate from the front.",""
"torrentula","LEGACY_APPROVED_RECOVERY","","true","false","false","false","1","APPROVED_RECOVERY","CONVERT_GBA","1","ER_NEXTDEX_4VIEW_RECOVERED","Recover exact normal back (and shiny pair) from the previously resolved ER-nextdex 4-view package; do not recreate from the front.","true"
"wispywaspy","LEGACY_APPROVED_RECOVERY","","true","false","false","false","1","APPROVED_RECOVERY","CONVERT_GBA","1","ER_NEXTDEX_4VIEW_RECOVERED","Recover exact normal back (and shiny pair) from the previously resolved ER-nextdex 4-view package; do not recreate from the front.","true"
"wispywaspy-hivemind","LEGACY_APPROVED_RECOVERY","","true","false","false","false","1","APPROVED_RECOVERY","CONVERT_GBA","1","ER_NEXTDEX_4VIEW_RECOVERED","Recover exact normal back (and shiny pair) from the previously resolved ER-nextdex 4-view package; do not recreate from the front.","true"
