mercury_key,match_type,ds_key,ds_front,ds_back,ds_shiny_front,ds_shiny_back,ds_asset_count,mercury_replacement_status,recommendation,mercury_reference_count,triage_category,next_action,partial_ds_support
abra-redux,NONE,,False,False,False,False,0,,CONVERT_GBA,11,REDUX_OR_DELTA_STYLE,CONVERT_IF_SOURCE_CLEAN_ELSE_REVIEW,
aegislash-blade-redux,NONE,,False,False,False,False,0,,CONVERT_GBA,11,REDUX_OR_DELTA_STYLE,CONVERT_IF_SOURCE_CLEAN_ELSE_REVIEW,
aegislash-blade-redux-mega,NONE,,False,False,False,False,0,,CONVERT_GBA,11,REDUX_OR_DELTA_STYLE,CONVERT_IF_SOURCE_CLEAN_ELSE_REVIEW,
aegislash-redux,NONE,,False,False,False,False,0,,CONVERT_GBA,11,REDUX_OR_DELTA_STYLE,CONVERT_IF_SOURCE_CLEAN_ELSE_REVIEW,
aegislash-redux-mega,NONE,,False,False,False,False,0,,CONVERT_GBA,11,REDUX_OR_DELTA_STYLE,CONVERT_IF_SOURCE_CLEAN_ELSE_REVIEW,
aggron-redux,NONE,,False,False,False,False,0,,CONVERT_GBA,11,REDUX_OR_DELTA_STYLE,CONVERT_IF_SOURCE_CLEAN_ELSE_REVIEW,
aggron-redux-mega,NONE,,False,False,False,False,0,,CONVERT_GBA,11,REDUX_OR_DELTA_STYLE,CONVERT_IF_SOURCE_CLEAN_ELSE_REVIEW,
alakazam-mega-redux,NONE,,False,False,False,False,0,,CONVERT_GBA,11,REDUX_OR_DELTA_STYLE,CONVERT_IF_SOURCE_CLEAN_ELSE_REVIEW,
alakazam-redux,NONE,,False,False,False,False,0,,CONVERT_GBA,11,REDUX_OR_DELTA_STYLE,CONVERT_IF_SOURCE_CLEAN_ELSE_REVIEW,
altaria-redux,NONE,,False,False,False,False,0,,CONVERT_GBA,4,REDUX_OR_DELTA_STYLE,CONVERT_IF_SOURCE_CLEAN_ELSE_REVIEW,
altaria-redux-mega,NONE,,False,False,False,False,0,,CONVERT_GBA,4,REDUX_OR_DELTA_STYLE,CONVERT_IF_SOURCE_CLEAN_ELSE_REVIEW,
araquanid-redux,NONE,,False,False,False,False,0,,CONVERT_GBA,4,REDUX_OR_DELTA_STYLE,CONVERT_IF_SOURCE_CLEAN_ELSE_REVIEW,
arcanine-mega-redux,NONE,,False,False,False,False,0,,CONVERT_GBA,4,REDUX_OR_DELTA_STYLE,CONVERT_IF_SOURCE_CLEAN_ELSE_REVIEW,
arcanine-redux,NONE,,False,False,False,False,0,,CONVERT_GBA,4,REDUX_OR_DELTA_STYLE,CONVERT_IF_SOURCE_CLEAN_ELSE_REVIEW,
aron-redux,NONE,,False,False,False,False,0,,CONVERT_GBA,4,REDUX_OR_DELTA_STYLE,CONVERT_IF_SOURCE_CLEAN_ELSE_REVIEW,
azelf-redux,NONE,,False,False,False,False,0,,CONVERT_GBA,4,REDUX_OR_DELTA_STYLE,CONVERT_IF_SOURCE_CLEAN_ELSE_REVIEW,
beedrill-mega-redux,NONE,,False,False,False,False,0,,CONVERT_GBA,4,REDUX_OR_DELTA_STYLE,CONVERT_IF_SOURCE_CLEAN_ELSE_REVIEW,
beedrill-redux,NONE,,False,False,False,False,0,,CONVERT_GBA,4,REDUX_OR_DELTA_STYLE,CONVERT_IF_SOURCE_CLEAN_ELSE_REVIEW,
bellsprout-redux,NONE,,False,False,False,False,0,,CONVERT_GBA,4,REDUX_OR_DELTA_STYLE,CONVERT_IF_SOURCE_CLEAN_ELSE_REVIEW,
bewarden-redux,NONE,,False,False,False,False,0,,CONVERT_GBA,4,REDUX_OR_DELTA_STYLE,CONVERT_IF_SOURCE_CLEAN_ELSE_REVIEW,
bewear-redux,NONE,,False,False,False,False,0,,CONVERT_GBA,4,REDUX_OR_DELTA_STYLE,CONVERT_IF_SOURCE_CLEAN_ELSE_REVIEW,
bisharp-redux,NONE,,False,False,False,False,0,,CONVERT_GBA,4,REDUX_OR_DELTA_STYLE,CONVERT_IF_SOURCE_CLEAN_ELSE_REVIEW,
blissey-redux,NONE,,False,False,False,False,0,,CONVERT_GBA,4,REDUX_OR_DELTA_STYLE,CONVERT_IF_SOURCE_CLEAN_ELSE_REVIEW,
bounsweet-redux,NONE,,False,False,False,False,0,,CONVERT_GBA,4,REDUX_OR_DELTA_STYLE,CONVERT_IF_SOURCE_CLEAN_ELSE_REVIEW,
buizel-redux,NONE,,False,False,False,False,0,,CONVERT_GBA,4,REDUX_OR_DELTA_STYLE,CONVERT_IF_SOURCE_CLEAN_ELSE_REVIEW,
cetitan-redux,NONE,,False,False,False,False,0,,CONVERT_GBA,4,REDUX_OR_DELTA_STYLE,CONVERT_IF_SOURCE_CLEAN_ELSE_REVIEW,
cetoddle-redux,NONE,,False,False,False,False,0,,CONVERT_GBA,4,REDUX_OR_DELTA_STYLE,CONVERT_IF_SOURCE_CLEAN_ELSE_REVIEW,
chandelure-redux,NONE,,False,False,False,False,0,,CONVERT_GBA,4,REDUX_OR_DELTA_STYLE,CONVERT_IF_SOURCE_CLEAN_ELSE_REVIEW,
chandelure-redux-mega,NONE,,False,False,False,False,0,,CONVERT_GBA,4,REDUX_OR_DELTA_STYLE,CONVERT_IF_SOURCE_CLEAN_ELSE_REVIEW,
chansey-redux,NONE,,False,False,False,False,0,,CONVERT_GBA,4,REDUX_OR_DELTA_STYLE,CONVERT_IF_SOURCE_CLEAN_ELSE_REVIEW,
chimchar-redux,NONE,,False,False,False,False,0,,CONVERT_GBA,4,REDUX_OR_DELTA_STYLE,CONVERT_IF_SOURCE_CLEAN_ELSE_REVIEW,
cinccino-redux,NONE,,False,False,False,False,0,,CONVERT_GBA,4,REDUX_OR_DELTA_STYLE,CONVERT_IF_SOURCE_CLEAN_ELSE_REVIEW,
clawitzer-redux,NONE,,False,False,False,False,0,,CONVERT_GBA,4,REDUX_OR_DELTA_STYLE,CONVERT_IF_SOURCE_CLEAN_ELSE_REVIEW,
clefable-redux,NONE,,False,False,False,False,0,,CONVERT_GBA,4,REDUX_OR_DELTA_STYLE,CONVERT_IF_SOURCE_CLEAN_ELSE_REVIEW,
clefable-redux-mega,NONE,,False,False,False,False,0,,CONVERT_GBA,4,REDUX_OR_DELTA_STYLE,CONVERT_IF_SOURCE_CLEAN_ELSE_REVIEW,
clefairy-redux,NONE,,False,False,False,False,0,,CONVERT_GBA,4,REDUX_OR_DELTA_STYLE,CONVERT_IF_SOURCE_CLEAN_ELSE_REVIEW,
cleffa-redux,NONE,,False,False,False,False,0,,CONVERT_GBA,4,REDUX_OR_DELTA_STYLE,CONVERT_IF_SOURCE_CLEAN_ELSE_REVIEW,
crabominable-redux,NONE,,False,False,False,False,0,,CONVERT_GBA,4,REDUX_OR_DELTA_STYLE,CONVERT_IF_SOURCE_CLEAN_ELSE_REVIEW,
crabrawler-redux,NONE,,False,False,False,False,0,,CONVERT_GBA,4,REDUX_OR_DELTA_STYLE,CONVERT_IF_SOURCE_CLEAN_ELSE_REVIEW,
crabruiser-redux,NONE,,False,False,False,False,0,,CONVERT_GBA,4,REDUX_OR_DELTA_STYLE,CONVERT_IF_SOURCE_CLEAN_ELSE_REVIEW,
darmanitan-redux,NONE,,False,False,False,False,0,,CONVERT_GBA,4,REDUX_OR_DELTA_STYLE,CONVERT_IF_SOURCE_CLEAN_ELSE_REVIEW,
darmanitan-redux-aura,NONE,,False,False,False,False,0,,CONVERT_GBA,4,REDUX_OR_DELTA_STYLE,CONVERT_IF_SOURCE_CLEAN_ELSE_REVIEW,
darmanitan-redux-blunder,NONE,,False,False,False,False,0,,CONVERT_GBA,4,REDUX_OR_DELTA_STYLE,CONVERT_IF_SOURCE_CLEAN_ELSE_REVIEW,
darmanitan-redux-bond,NONE,,False,False,False,False,0,,CONVERT_GBA,4,REDUX_OR_DELTA_STYLE,CONVERT_IF_SOURCE_CLEAN_ELSE_REVIEW,
darumaka-redux,NONE,,False,False,False,False,0,,CONVERT_GBA,4,REDUX_OR_DELTA_STYLE,CONVERT_IF_SOURCE_CLEAN_ELSE_REVIEW,
deino-redux,NONE,,False,False,False,False,0,,CONVERT_GBA,4,REDUX_OR_DELTA_STYLE,CONVERT_IF_SOURCE_CLEAN_ELSE_REVIEW,
dewgong-redux,NONE,,False,False,False,False,0,,CONVERT_GBA,4,REDUX_OR_DELTA_STYLE,CONVERT_IF_SOURCE_CLEAN_ELSE_REVIEW,
dewpider-redux,NONE,,False,False,False,False,0,,CONVERT_GBA,4,REDUX_OR_DELTA_STYLE,CONVERT_IF_SOURCE_CLEAN_ELSE_REVIEW,
dodrio-redux,NONE,,False,False,False,False,0,,CONVERT_GBA,4,REDUX_OR_DELTA_STYLE,CONVERT_IF_SOURCE_CLEAN_ELSE_REVIEW,
doduo-redux,NONE,,False,False,False,False,0,,CONVERT_GBA,4,REDUX_OR_DELTA_STYLE,CONVERT_IF_SOURCE_CLEAN_ELSE_REVIEW,
doublade-redux,NONE,,False,False,False,False,0,,CONVERT_GBA,4,REDUX_OR_DELTA_STYLE,CONVERT_IF_SOURCE_CLEAN_ELSE_REVIEW,
drilbur-redux,NONE,,False,False,False,False,0,,CONVERT_GBA,4,REDUX_OR_DELTA_STYLE,CONVERT_IF_SOURCE_CLEAN_ELSE_REVIEW,
duosion-redux,NONE,,False,False,False,False,0,,CONVERT_GBA,4,REDUX_OR_DELTA_STYLE,CONVERT_IF_SOURCE_CLEAN_ELSE_REVIEW,
empoleon-redux,NONE,,False,False,False,False,0,,CONVERT_GBA,4,REDUX_OR_DELTA_STYLE,CONVERT_IF_SOURCE_CLEAN_ELSE_REVIEW,
empoleon-redux-mega,NONE,,False,False,False,False,0,,CONVERT_GBA,4,REDUX_OR_DELTA_STYLE,CONVERT_IF_SOURCE_CLEAN_ELSE_REVIEW,
escarginite-redux,NONE,,False,False,False,False,0,,CONVERT_GBA,4,REDUX_OR_DELTA_STYLE,CONVERT_IF_SOURCE_CLEAN_ELSE_REVIEW,
excadrill-redux,NONE,,False,False,False,False,0,,CONVERT_GBA,4,REDUX_OR_DELTA_STYLE,CONVERT_IF_SOURCE_CLEAN_ELSE_REVIEW,
exeggcute-redux,NONE,,False,False,False,False,0,,CONVERT_GBA,4,REDUX_OR_DELTA_STYLE,CONVERT_IF_SOURCE_CLEAN_ELSE_REVIEW,
exeggutor-redux,NONE,,False,False,False,False,0,,CONVERT_GBA,4,REDUX_OR_DELTA_STYLE,CONVERT_IF_SOURCE_CLEAN_ELSE_REVIEW,
exploud-redux,NONE,,False,False,False,False,0,,CONVERT_GBA,4,REDUX_OR_DELTA_STYLE,CONVERT_IF_SOURCE_CLEAN_ELSE_REVIEW,
fearow-redux,NONE,,False,False,False,False,0,,CONVERT_GBA,4,REDUX_OR_DELTA_STYLE,CONVERT_IF_SOURCE_CLEAN_ELSE_REVIEW,
fearow-redux-evo,NONE,,False,False,False,False,0,,CONVERT_GBA,4,REDUX_OR_DELTA_STYLE,CONVERT_IF_SOURCE_CLEAN_ELSE_REVIEW,
floatzel-redux,NONE,,False,False,False,False,0,,CONVERT_GBA,4,REDUX_OR_DELTA_STYLE,CONVERT_IF_SOURCE_CLEAN_ELSE_REVIEW,
flygon-redux,NONE,,False,False,False,False,0,,CONVERT_GBA,4,REDUX_OR_DELTA_STYLE,CONVERT_IF_SOURCE_CLEAN_ELSE_REVIEW,
flygon-redux-b,NONE,,False,False,False,False,0,,CONVERT_GBA,4,REDUX_OR_DELTA_STYLE,CONVERT_IF_SOURCE_CLEAN_ELSE_REVIEW,
flygon-redux-b-mega,NONE,,False,False,False,False,0,,CONVERT_GBA,4,REDUX_OR_DELTA_STYLE,CONVERT_IF_SOURCE_CLEAN_ELSE_REVIEW,
flygon-redux-mega,NONE,,False,False,False,False,0,,CONVERT_GBA,4,REDUX_OR_DELTA_STYLE,CONVERT_IF_SOURCE_CLEAN_ELSE_REVIEW,
froslass-redux,NONE,,False,False,False,False,0,,CONVERT_GBA,4,REDUX_OR_DELTA_STYLE,CONVERT_IF_SOURCE_CLEAN_ELSE_REVIEW,
froslass-redux-mega,NONE,,False,False,False,False,0,,CONVERT_GBA,4,REDUX_OR_DELTA_STYLE,CONVERT_IF_SOURCE_CLEAN_ELSE_REVIEW,
gabite-redux,NONE,,False,False,False,False,0,,CONVERT_GBA,4,REDUX_OR_DELTA_STYLE,CONVERT_IF_SOURCE_CLEAN_ELSE_REVIEW,
gallade-redux,NONE,,False,False,False,False,0,,CONVERT_GBA,4,REDUX_OR_DELTA_STYLE,CONVERT_IF_SOURCE_CLEAN_ELSE_REVIEW,
gallade-redux-mega,NONE,,False,False,False,False,0,,CONVERT_GBA,4,REDUX_OR_DELTA_STYLE,CONVERT_IF_SOURCE_CLEAN_ELSE_REVIEW,
garchomp-mega-redux,NONE,,False,False,False,False,0,,CONVERT_GBA,4,REDUX_OR_DELTA_STYLE,CONVERT_IF_SOURCE_CLEAN_ELSE_REVIEW,
garchomp-redux,NONE,,False,False,False,False,0,,CONVERT_GBA,4,REDUX_OR_DELTA_STYLE,CONVERT_IF_SOURCE_CLEAN_ELSE_REVIEW,
gardevoir-redux,NONE,,False,False,False,False,0,,CONVERT_GBA,4,REDUX_OR_DELTA_STYLE,CONVERT_IF_SOURCE_CLEAN_ELSE_REVIEW,
gardevoir-redux-mega,NONE,,False,False,False,False,0,,CONVERT_GBA,4,REDUX_OR_DELTA_STYLE,CONVERT_IF_SOURCE_CLEAN_ELSE_REVIEW,
gible-redux,NONE,,False,False,False,False,0,,CONVERT_GBA,4,REDUX_OR_DELTA_STYLE,CONVERT_IF_SOURCE_CLEAN_ELSE_REVIEW,
glalie-redux,NONE,,False,False,False,False,0,,CONVERT_GBA,4,REDUX_OR_DELTA_STYLE,CONVERT_IF_SOURCE_CLEAN_ELSE_REVIEW,
glalie-redux-mega,NONE,,False,False,False,False,0,,CONVERT_GBA,4,REDUX_OR_DELTA_STYLE,CONVERT_IF_SOURCE_CLEAN_ELSE_REVIEW,
gligar-redux,NONE,,False,False,False,False,0,,CONVERT_GBA,4,REDUX_OR_DELTA_STYLE,CONVERT_IF_SOURCE_CLEAN_ELSE_REVIEW,
gliscor-redux,NONE,,False,False,False,False,0,,CONVERT_GBA,4,REDUX_OR_DELTA_STYLE,CONVERT_IF_SOURCE_CLEAN_ELSE_REVIEW,
grotle-redux,NONE,,False,False,False,False,0,,CONVERT_GBA,4,REDUX_OR_DELTA_STYLE,CONVERT_IF_SOURCE_CLEAN_ELSE_REVIEW,
growlithe-redux,NONE,,False,False,False,False,0,,CONVERT_GBA,4,REDUX_OR_DELTA_STYLE,CONVERT_IF_SOURCE_CLEAN_ELSE_REVIEW,
happiny-redux,NONE,,False,False,False,False,0,,CONVERT_GBA,4,REDUX_OR_DELTA_STYLE,CONVERT_IF_SOURCE_CLEAN_ELSE_REVIEW,
hariyama-redux,NONE,,False,False,False,False,0,,CONVERT_GBA,4,REDUX_OR_DELTA_STYLE,CONVERT_IF_SOURCE_CLEAN_ELSE_REVIEW,
heliomodo-elite-redux,NONE,,False,False,False,False,0,,CONVERT_GBA,1,REDUX_OR_DELTA_STYLE,CONVERT_IF_SOURCE_CLEAN_ELSE_REVIEW,
honedge-redux,NONE,,False,False,False,False,0,,CONVERT_GBA,4,REDUX_OR_DELTA_STYLE,CONVERT_IF_SOURCE_CLEAN_ELSE_REVIEW,
houndoom-mega-redux,NONE,,False,False,False,False,0,,CONVERT_GBA,4,REDUX_OR_DELTA_STYLE,CONVERT_IF_SOURCE_CLEAN_ELSE_REVIEW,
houndoom-redux,NONE,,False,False,False,False,0,,CONVERT_GBA,4,REDUX_OR_DELTA_STYLE,CONVERT_IF_SOURCE_CLEAN_ELSE_REVIEW,
houndour-redux,NONE,,False,False,False,False,0,,CONVERT_GBA,4,REDUX_OR_DELTA_STYLE,CONVERT_IF_SOURCE_CLEAN_ELSE_REVIEW,
hydreigon-redux,NONE,,False,False,False,False,0,,CONVERT_GBA,4,REDUX_OR_DELTA_STYLE,CONVERT_IF_SOURCE_CLEAN_ELSE_REVIEW,
hydreigon-redux-mega,NONE,,False,False,False,False,0,,CONVERT_GBA,4,REDUX_OR_DELTA_STYLE,CONVERT_IF_SOURCE_CLEAN_ELSE_REVIEW,
infernape-redux,NONE,,False,False,False,False,0,,CONVERT_GBA,4,REDUX_OR_DELTA_STYLE,CONVERT_IF_SOURCE_CLEAN_ELSE_REVIEW,
infernape-redux-mega,NONE,,False,False,False,False,0,,CONVERT_GBA,4,REDUX_OR_DELTA_STYLE,CONVERT_IF_SOURCE_CLEAN_ELSE_REVIEW,
kadabra-redux,NONE,,False,False,False,False,0,,CONVERT_GBA,4,REDUX_OR_DELTA_STYLE,CONVERT_IF_SOURCE_CLEAN_ELSE_REVIEW,
kakuna-redux,NONE,,False,False,False,False,0,,CONVERT_GBA,4,REDUX_OR_DELTA_STYLE,CONVERT_IF_SOURCE_CLEAN_ELSE_REVIEW,
kingambit-redux,NONE,,False,False,False,False,0,,CONVERT_GBA,4,REDUX_OR_DELTA_STYLE,CONVERT_IF_SOURCE_CLEAN_ELSE_REVIEW,
kingambit-redux-mega,NONE,,False,False,False,False,0,,CONVERT_GBA,4,REDUX_OR_DELTA_STYLE,CONVERT_IF_SOURCE_CLEAN_ELSE_REVIEW,
kingler-redux,NONE,,False,False,False,False,0,,CONVERT_GBA,4,REDUX_OR_DELTA_STYLE,CONVERT_IF_SOURCE_CLEAN_ELSE_REVIEW,
kingler-redux-mega,NONE,,False,False,False,False,0,,CONVERT_GBA,4,REDUX_OR_DELTA_STYLE,CONVERT_IF_SOURCE_CLEAN_ELSE_REVIEW,
kirlia-redux,NONE,,False,False,False,False,0,,CONVERT_GBA,4,REDUX_OR_DELTA_STYLE,CONVERT_IF_SOURCE_CLEAN_ELSE_REVIEW,
kleavor-redux,NONE,,False,False,False,False,0,,CONVERT_GBA,4,REDUX_OR_DELTA_STYLE,CONVERT_IF_SOURCE_CLEAN_ELSE_REVIEW,
kleavor-redux-mega,NONE,,False,False,False,False,0,,CONVERT_GBA,4,REDUX_OR_DELTA_STYLE,CONVERT_IF_SOURCE_CLEAN_ELSE_REVIEW,
klefki-redux,NONE,,False,False,False,False,0,,CONVERT_GBA,4,REDUX_OR_DELTA_STYLE,CONVERT_IF_SOURCE_CLEAN_ELSE_REVIEW,
krabby-redux,NONE,,False,False,False,False,0,,CONVERT_GBA,4,REDUX_OR_DELTA_STYLE,CONVERT_IF_SOURCE_CLEAN_ELSE_REVIEW,
lairon-redux,NONE,,False,False,False,False,0,,CONVERT_GBA,4,REDUX_OR_DELTA_STYLE,CONVERT_IF_SOURCE_CLEAN_ELSE_REVIEW,
lampent-redux,NONE,,False,False,False,False,0,,CONVERT_GBA,4,REDUX_OR_DELTA_STYLE,CONVERT_IF_SOURCE_CLEAN_ELSE_REVIEW,
larvesta-redux,NONE,,False,False,False,False,0,,CONVERT_GBA,4,REDUX_OR_DELTA_STYLE,CONVERT_IF_SOURCE_CLEAN_ELSE_REVIEW,
larvitar-redux,NONE,,False,False,False,False,0,,CONVERT_GBA,4,REDUX_OR_DELTA_STYLE,CONVERT_IF_SOURCE_CLEAN_ELSE_REVIEW,
litwick-redux,NONE,,False,False,False,False,0,,CONVERT_GBA,4,REDUX_OR_DELTA_STYLE,CONVERT_IF_SOURCE_CLEAN_ELSE_REVIEW,
loudred-redux,NONE,,False,False,False,False,0,,CONVERT_GBA,4,REDUX_OR_DELTA_STYLE,CONVERT_IF_SOURCE_CLEAN_ELSE_REVIEW,
luxio-redux,NONE,,False,False,False,False,0,,CONVERT_GBA,4,REDUX_OR_DELTA_STYLE,CONVERT_IF_SOURCE_CLEAN_ELSE_REVIEW,
luxray-redux,NONE,,False,False,False,False,0,,CONVERT_GBA,4,REDUX_OR_DELTA_STYLE,CONVERT_IF_SOURCE_CLEAN_ELSE_REVIEW,
luxray-redux-mega,NONE,,False,False,False,False,0,,CONVERT_GBA,4,REDUX_OR_DELTA_STYLE,CONVERT_IF_SOURCE_CLEAN_ELSE_REVIEW,
machamp-mega-redux,NONE,,False,False,False,False,0,,CONVERT_GBA,4,REDUX_OR_DELTA_STYLE,CONVERT_IF_SOURCE_CLEAN_ELSE_REVIEW,
machamp-redux,NONE,,False,False,False,False,0,,CONVERT_GBA,4,REDUX_OR_DELTA_STYLE,CONVERT_IF_SOURCE_CLEAN_ELSE_REVIEW,
machoke-redux,NONE,,False,False,False,False,0,,CONVERT_GBA,4,REDUX_OR_DELTA_STYLE,CONVERT_IF_SOURCE_CLEAN_ELSE_REVIEW,
machop-redux,NONE,,False,False,False,False,0,,CONVERT_GBA,4,REDUX_OR_DELTA_STYLE,CONVERT_IF_SOURCE_CLEAN_ELSE_REVIEW,
magcargo-redux,NONE,,False,False,False,False,0,,CONVERT_GBA,4,REDUX_OR_DELTA_STYLE,CONVERT_IF_SOURCE_CLEAN_ELSE_REVIEW,
makuhita-redux,NONE,,False,False,False,False,0,,CONVERT_GBA,4,REDUX_OR_DELTA_STYLE,CONVERT_IF_SOURCE_CLEAN_ELSE_REVIEW,
mamoswine-redux,NONE,,False,False,False,False,0,,CONVERT_GBA,12,REDUX_OR_DELTA_STYLE,CONVERT_IF_SOURCE_CLEAN_ELSE_REVIEW,
mamoswine-redux-mega,NONE,,False,False,False,False,0,,CONVERT_GBA,12,REDUX_OR_DELTA_STYLE,CONVERT_IF_SOURCE_CLEAN_ELSE_REVIEW,
mawile-mega-redux,NONE,,False,False,False,False,0,,CONVERT_GBA,4,REDUX_OR_DELTA_STYLE,CONVERT_IF_SOURCE_CLEAN_ELSE_REVIEW,
mawile-redux,NONE,,False,False,False,False,0,,CONVERT_GBA,4,REDUX_OR_DELTA_STYLE,CONVERT_IF_SOURCE_CLEAN_ELSE_REVIEW,
mawile-redux-b,NONE,,False,False,False,False,0,,CONVERT_GBA,4,REDUX_OR_DELTA_STYLE,CONVERT_IF_SOURCE_CLEAN_ELSE_REVIEW,
mawile-redux-b-mega,NONE,,False,False,False,False,0,,CONVERT_GBA,4,REDUX_OR_DELTA_STYLE,CONVERT_IF_SOURCE_CLEAN_ELSE_REVIEW,
mesprit-redux,NONE,,False,False,False,False,0,,CONVERT_GBA,4,REDUX_OR_DELTA_STYLE,CONVERT_IF_SOURCE_CLEAN_ELSE_REVIEW,
minccino-redux,NONE,,False,False,False,False,0,,CONVERT_GBA,4,REDUX_OR_DELTA_STYLE,CONVERT_IF_SOURCE_CLEAN_ELSE_REVIEW,
monferno-redux,NONE,,False,False,False,False,0,,CONVERT_GBA,4,REDUX_OR_DELTA_STYLE,CONVERT_IF_SOURCE_CLEAN_ELSE_REVIEW,
munchlax-redux,NONE,,False,False,False,False,0,,CONVERT_GBA,4,REDUX_OR_DELTA_STYLE,CONVERT_IF_SOURCE_CLEAN_ELSE_REVIEW,
noibat-redux,NONE,,False,False,False,False,0,,CONVERT_GBA,4,REDUX_OR_DELTA_STYLE,CONVERT_IF_SOURCE_CLEAN_ELSE_REVIEW,
noivern-redux,NONE,,False,False,False,False,0,,CONVERT_GBA,4,REDUX_OR_DELTA_STYLE,CONVERT_IF_SOURCE_CLEAN_ELSE_REVIEW,
panpour-redux,NONE,,False,False,False,False,0,,CONVERT_GBA,4,REDUX_OR_DELTA_STYLE,CONVERT_IF_SOURCE_CLEAN_ELSE_REVIEW,
pansage-redux,NONE,,False,False,False,False,0,,CONVERT_GBA,4,REDUX_OR_DELTA_STYLE,CONVERT_IF_SOURCE_CLEAN_ELSE_REVIEW,
pansear-redux,NONE,,False,False,False,False,0,,CONVERT_GBA,4,REDUX_OR_DELTA_STYLE,CONVERT_IF_SOURCE_CLEAN_ELSE_REVIEW,
pawniard-redux,NONE,,False,False,False,False,0,,CONVERT_GBA,4,REDUX_OR_DELTA_STYLE,CONVERT_IF_SOURCE_CLEAN_ELSE_REVIEW,
piloswine-redux,NONE,,False,False,False,False,0,,CONVERT_GBA,4,REDUX_OR_DELTA_STYLE,CONVERT_IF_SOURCE_CLEAN_ELSE_REVIEW,
piplup-redux,NONE,,False,False,False,False,0,,CONVERT_GBA,4,REDUX_OR_DELTA_STYLE,CONVERT_IF_SOURCE_CLEAN_ELSE_REVIEW,
polteageist-redux,NONE,,False,False,False,False,0,,CONVERT_GBA,4,REDUX_OR_DELTA_STYLE,CONVERT_IF_SOURCE_CLEAN_ELSE_REVIEW,
prinplup-redux,NONE,,False,False,False,False,0,,CONVERT_GBA,4,REDUX_OR_DELTA_STYLE,CONVERT_IF_SOURCE_CLEAN_ELSE_REVIEW,
psyduck-redux,NONE,,False,False,False,False,0,,CONVERT_GBA,4,REDUX_OR_DELTA_STYLE,CONVERT_IF_SOURCE_CLEAN_ELSE_REVIEW,
pupitar-redux,NONE,,False,False,False,False,0,,CONVERT_GBA,4,REDUX_OR_DELTA_STYLE,CONVERT_IF_SOURCE_CLEAN_ELSE_REVIEW,
ralts-redux,NONE,,False,False,False,False,0,,CONVERT_GBA,4,REDUX_OR_DELTA_STYLE,CONVERT_IF_SOURCE_CLEAN_ELSE_REVIEW,
raticate-redux,NONE,,False,False,False,False,0,,CONVERT_GBA,4,REDUX_OR_DELTA_STYLE,CONVERT_IF_SOURCE_CLEAN_ELSE_REVIEW,
rattata-redux,NONE,,False,False,False,False,0,,CONVERT_GBA,4,REDUX_OR_DELTA_STYLE,CONVERT_IF_SOURCE_CLEAN_ELSE_REVIEW,
reuniclus-redux,NONE,,False,False,False,False,0,,CONVERT_GBA,4,REDUX_OR_DELTA_STYLE,CONVERT_IF_SOURCE_CLEAN_ELSE_REVIEW,
reuniclus-redux-mega,NONE,,False,False,False,False,0,,CONVERT_GBA,4,REDUX_OR_DELTA_STYLE,CONVERT_IF_SOURCE_CLEAN_ELSE_REVIEW,
ribombee-redux,NONE,,False,False,False,False,0,,CONVERT_GBA,4,REDUX_OR_DELTA_STYLE,CONVERT_IF_SOURCE_CLEAN_ELSE_REVIEW,
ribombee-redux-mega,NONE,,False,False,False,False,0,,CONVERT_GBA,4,REDUX_OR_DELTA_STYLE,CONVERT_IF_SOURCE_CLEAN_ELSE_REVIEW,
sableye-mega-redux,NONE,,False,False,False,False,0,,CONVERT_GBA,4,REDUX_OR_DELTA_STYLE,CONVERT_IF_SOURCE_CLEAN_ELSE_REVIEW,
sableye-redux,NONE,,False,False,False,False,0,,CONVERT_GBA,4,REDUX_OR_DELTA_STYLE,CONVERT_IF_SOURCE_CLEAN_ELSE_REVIEW,
sawk-redux,NONE,,False,False,False,False,0,,CONVERT_GBA,4,REDUX_OR_DELTA_STYLE,CONVERT_IF_SOURCE_CLEAN_ELSE_REVIEW,
scizor-redux,NONE,,False,False,False,False,0,,CONVERT_GBA,4,REDUX_OR_DELTA_STYLE,CONVERT_IF_SOURCE_CLEAN_ELSE_REVIEW,
scizor-redux-mega,NONE,,False,False,False,False,0,,CONVERT_GBA,4,REDUX_OR_DELTA_STYLE,CONVERT_IF_SOURCE_CLEAN_ELSE_REVIEW,
scyther-redux,NONE,,False,False,False,False,0,,CONVERT_GBA,4,REDUX_OR_DELTA_STYLE,CONVERT_IF_SOURCE_CLEAN_ELSE_REVIEW,
scyther-redux-mega,NONE,,False,False,False,False,0,,CONVERT_GBA,4,REDUX_OR_DELTA_STYLE,CONVERT_IF_SOURCE_CLEAN_ELSE_REVIEW,
seel-redux,NONE,,False,False,False,False,0,,CONVERT_GBA,4,REDUX_OR_DELTA_STYLE,CONVERT_IF_SOURCE_CLEAN_ELSE_REVIEW,
shinx-redux,NONE,,False,False,False,False,0,,CONVERT_GBA,4,REDUX_OR_DELTA_STYLE,CONVERT_IF_SOURCE_CLEAN_ELSE_REVIEW,
simipour-redux,NONE,,False,False,False,False,0,,CONVERT_GBA,4,REDUX_OR_DELTA_STYLE,CONVERT_IF_SOURCE_CLEAN_ELSE_REVIEW,
simisage-redux,NONE,,False,False,False,False,0,,CONVERT_GBA,4,REDUX_OR_DELTA_STYLE,CONVERT_IF_SOURCE_CLEAN_ELSE_REVIEW,
simisear-redux,NONE,,False,False,False,False,0,,CONVERT_GBA,4,REDUX_OR_DELTA_STYLE,CONVERT_IF_SOURCE_CLEAN_ELSE_REVIEW,
sinistea-redux,NONE,,False,False,False,False,0,,CONVERT_GBA,4,REDUX_OR_DELTA_STYLE,CONVERT_IF_SOURCE_CLEAN_ELSE_REVIEW,
skarmory-mega-redux,NONE,,False,False,False,False,0,,CONVERT_GBA,4,REDUX_OR_DELTA_STYLE,CONVERT_IF_SOURCE_CLEAN_ELSE_REVIEW,
skarmory-redux,NONE,,False,False,False,False,0,,CONVERT_GBA,4,REDUX_OR_DELTA_STYLE,CONVERT_IF_SOURCE_CLEAN_ELSE_REVIEW,
slugma-redux,NONE,,False,False,False,False,0,,CONVERT_GBA,4,REDUX_OR_DELTA_STYLE,CONVERT_IF_SOURCE_CLEAN_ELSE_REVIEW,
snorlax-redux,NONE,,False,False,False,False,0,,CONVERT_GBA,4,REDUX_OR_DELTA_STYLE,CONVERT_IF_SOURCE_CLEAN_ELSE_REVIEW,
snorlax-redux-mega,NONE,,False,False,False,False,0,,CONVERT_GBA,4,REDUX_OR_DELTA_STYLE,CONVERT_IF_SOURCE_CLEAN_ELSE_REVIEW,
snorunt-redux,NONE,,False,False,False,False,0,,CONVERT_GBA,4,REDUX_OR_DELTA_STYLE,CONVERT_IF_SOURCE_CLEAN_ELSE_REVIEW,
solosis-redux,NONE,,False,False,False,False,0,,CONVERT_GBA,4,REDUX_OR_DELTA_STYLE,CONVERT_IF_SOURCE_CLEAN_ELSE_REVIEW,
spearow-redux,NONE,,False,False,False,False,0,,CONVERT_GBA,4,REDUX_OR_DELTA_STYLE,CONVERT_IF_SOURCE_CLEAN_ELSE_REVIEW,
spiritomb-redux,NONE,,False,False,False,False,0,,CONVERT_GBA,12,REDUX_OR_DELTA_STYLE,CONVERT_IF_SOURCE_CLEAN_ELSE_REVIEW,
steenee-redux,NONE,,False,False,False,False,0,,CONVERT_GBA,4,REDUX_OR_DELTA_STYLE,CONVERT_IF_SOURCE_CLEAN_ELSE_REVIEW,
stufful-redux,NONE,,False,False,False,False,0,,CONVERT_GBA,4,REDUX_OR_DELTA_STYLE,CONVERT_IF_SOURCE_CLEAN_ELSE_REVIEW,
swablu-redux,NONE,,False,False,False,False,0,,CONVERT_GBA,4,REDUX_OR_DELTA_STYLE,CONVERT_IF_SOURCE_CLEAN_ELSE_REVIEW,
swinub-redux,NONE,,False,False,False,False,0,,CONVERT_GBA,4,REDUX_OR_DELTA_STYLE,CONVERT_IF_SOURCE_CLEAN_ELSE_REVIEW,
throh-redux,NONE,,False,False,False,False,0,,CONVERT_GBA,4,REDUX_OR_DELTA_STYLE,CONVERT_IF_SOURCE_CLEAN_ELSE_REVIEW,
tinkatink-redux,NONE,,False,False,False,False,0,,CONVERT_GBA,4,REDUX_OR_DELTA_STYLE,CONVERT_IF_SOURCE_CLEAN_ELSE_REVIEW,
tinkaton-redux,NONE,,False,False,False,False,0,,CONVERT_GBA,4,REDUX_OR_DELTA_STYLE,CONVERT_IF_SOURCE_CLEAN_ELSE_REVIEW,
tinkaton-redux-mega,NONE,,False,False,False,False,0,,CONVERT_GBA,4,REDUX_OR_DELTA_STYLE,CONVERT_IF_SOURCE_CLEAN_ELSE_REVIEW,
tinkatuff-redux,NONE,,False,False,False,False,0,,CONVERT_GBA,4,REDUX_OR_DELTA_STYLE,CONVERT_IF_SOURCE_CLEAN_ELSE_REVIEW,
torterra-redux,NONE,,False,False,False,False,0,,CONVERT_GBA,4,REDUX_OR_DELTA_STYLE,CONVERT_IF_SOURCE_CLEAN_ELSE_REVIEW,
torterra-redux-mega,NONE,,False,False,False,False,0,,CONVERT_GBA,4,REDUX_OR_DELTA_STYLE,CONVERT_IF_SOURCE_CLEAN_ELSE_REVIEW,
toxel-redux,NONE,,False,False,False,False,0,,CONVERT_GBA,4,REDUX_OR_DELTA_STYLE,CONVERT_IF_SOURCE_CLEAN_ELSE_REVIEW,
toxtricity-redux,NONE,,False,False,False,False,0,,CONVERT_GBA,4,REDUX_OR_DELTA_STYLE,CONVERT_IF_SOURCE_CLEAN_ELSE_REVIEW,
toxtricity-redux-fuzz,NONE,,False,False,False,False,0,,CONVERT_GBA,4,REDUX_OR_DELTA_STYLE,CONVERT_IF_SOURCE_CLEAN_ELSE_REVIEW,
toxtricity-redux-fuzz-mega,NONE,,False,False,False,False,0,,CONVERT_GBA,4,REDUX_OR_DELTA_STYLE,CONVERT_IF_SOURCE_CLEAN_ELSE_REVIEW,
toxtricity-redux-mega,NONE,,False,False,False,False,0,,CONVERT_GBA,4,REDUX_OR_DELTA_STYLE,CONVERT_IF_SOURCE_CLEAN_ELSE_REVIEW,
trapinch-redux,NONE,,False,False,False,False,0,,CONVERT_GBA,4,REDUX_OR_DELTA_STYLE,CONVERT_IF_SOURCE_CLEAN_ELSE_REVIEW,
tsareena-redux,NONE,,False,False,False,False,0,,CONVERT_GBA,4,REDUX_OR_DELTA_STYLE,CONVERT_IF_SOURCE_CLEAN_ELSE_REVIEW,
tsareena-redux-mega,NONE,,False,False,False,False,0,,CONVERT_GBA,4,REDUX_OR_DELTA_STYLE,CONVERT_IF_SOURCE_CLEAN_ELSE_REVIEW,
turtwig-redux,NONE,,False,False,False,False,0,,CONVERT_GBA,4,REDUX_OR_DELTA_STYLE,CONVERT_IF_SOURCE_CLEAN_ELSE_REVIEW,
tyranitar-mega-redux,NONE,,False,False,False,False,0,,CONVERT_GBA,4,REDUX_OR_DELTA_STYLE,CONVERT_IF_SOURCE_CLEAN_ELSE_REVIEW,
tyranitar-redux,NONE,,False,False,False,False,0,,CONVERT_GBA,4,REDUX_OR_DELTA_STYLE,CONVERT_IF_SOURCE_CLEAN_ELSE_REVIEW,
uxie-redux,NONE,,False,False,False,False,0,,CONVERT_GBA,4,REDUX_OR_DELTA_STYLE,CONVERT_IF_SOURCE_CLEAN_ELSE_REVIEW,
vanillish-redux,NONE,,False,False,False,False,0,,CONVERT_GBA,4,REDUX_OR_DELTA_STYLE,CONVERT_IF_SOURCE_CLEAN_ELSE_REVIEW,
vanillite-redux,NONE,,False,False,False,False,0,,CONVERT_GBA,4,REDUX_OR_DELTA_STYLE,CONVERT_IF_SOURCE_CLEAN_ELSE_REVIEW,
vanilluxe-redux,NONE,,False,False,False,False,0,,CONVERT_GBA,4,REDUX_OR_DELTA_STYLE,CONVERT_IF_SOURCE_CLEAN_ELSE_REVIEW,
vanilluxe-redux-mega,NONE,,False,False,False,False,0,,CONVERT_GBA,4,REDUX_OR_DELTA_STYLE,CONVERT_IF_SOURCE_CLEAN_ELSE_REVIEW,
vibrava-redux,NONE,,False,False,False,False,0,,CONVERT_GBA,4,REDUX_OR_DELTA_STYLE,CONVERT_IF_SOURCE_CLEAN_ELSE_REVIEW,
victreebel-redux,NONE,,False,False,False,False,0,,CONVERT_GBA,4,REDUX_OR_DELTA_STYLE,CONVERT_IF_SOURCE_CLEAN_ELSE_REVIEW,
volcarona-redux,NONE,,False,False,False,False,0,,CONVERT_GBA,4,REDUX_OR_DELTA_STYLE,CONVERT_IF_SOURCE_CLEAN_ELSE_REVIEW,
weavile-redux,NONE,,False,False,False,False,0,,CONVERT_GBA,12,REDUX_OR_DELTA_STYLE,CONVERT_IF_SOURCE_CLEAN_ELSE_REVIEW,
weavile-redux-mega,NONE,,False,False,False,False,0,,CONVERT_GBA,12,REDUX_OR_DELTA_STYLE,CONVERT_IF_SOURCE_CLEAN_ELSE_REVIEW,
weedle-redux,NONE,,False,False,False,False,0,,CONVERT_GBA,4,REDUX_OR_DELTA_STYLE,CONVERT_IF_SOURCE_CLEAN_ELSE_REVIEW,
weepinbell-redux,NONE,,False,False,False,False,0,,CONVERT_GBA,4,REDUX_OR_DELTA_STYLE,CONVERT_IF_SOURCE_CLEAN_ELSE_REVIEW,
whismur-redux,NONE,,False,False,False,False,0,,CONVERT_GBA,4,REDUX_OR_DELTA_STYLE,CONVERT_IF_SOURCE_CLEAN_ELSE_REVIEW,
zweilous-redux,NONE,,False,False,False,False,0,,CONVERT_GBA,4,REDUX_OR_DELTA_STYLE,CONVERT_IF_SOURCE_CLEAN_ELSE_REVIEW,
