project,kind,path,bytes,sha256
Project_721,REFERENCE_ONLY,DS_CUSTOM_LIBRARY/hack-reference-previews/Project_721/reference_0000.png,77624,500291ee24d71ef4751021ba456eb734e30f7be73e2e5a3f60cc2c616ad98314
Project_721,REFERENCE_ONLY,DS_CUSTOM_LIBRARY/hack-reference-previews/Project_721/reference_0001.png,10544,4cd62a481eb0a1c4ddbda0f71829018e1cd5e99e69f4baf5a81705080a46a4e6
Project_721,REFERENCE_ONLY,DS_CUSTOM_LIBRARY/hack-reference-previews/Project_721/reference_0002.png,2495,f064a24d4beba25f6efc3f79b58a9ec9e75d02723306c0c0e36aa95f5f9edc7d
Project_721,REFERENCE_ONLY,DS_CUSTOM_LIBRARY/hack-reference-previews/Project_721/reference_0003.png,2320,e5c3dbc7541e482931963608b6d5623b1baa4a3793d87e054c253a425da73a82
Project_721,REFERENCE_ONLY,DS_CUSTOM_LIBRARY/hack-reference-previews/Project_721/reference_0004.png,2523,bb3ed365b6f0eca2cb0fe2cc24744c87f17f38cf90c7e2013d69a2ae1a1d749e
Project_721,REFERENCE_ONLY,DS_CUSTOM_LIBRARY/hack-reference-previews/Project_721/reference_0005.png,8232,b3d617d3621b1c921b4028c8cf38c1c93689927a656f3dadaa956dc8ea0c2644
Project_721,REFERENCE_ONLY,DS_CUSTOM_LIBRARY/hack-reference-previews/Project_721/reference_0006.png,5084,5a92feceb522d5a27a1d34c0066044720730c17a7e904ec69149fb67675520d1
Project_721,REFERENCE_ONLY,DS_CUSTOM_LIBRARY/hack-reference-previews/Project_721/reference_0007.jpg,6821,492bbe6fda03a56a5f4af29befa6eafac45df1aaa6e47d0aef460726eacbf217
Project_721,REFERENCE_ONLY,DS_CUSTOM_LIBRARY/hack-reference-previews/Project_721/reference_0008.png,4199,14bb6346eea1130a545a0cb333966f6b253803df5e2ceba9514f4f1d49595bf5
Project_721,REFERENCE_ONLY,DS_CUSTOM_LIBRARY/hack-reference-previews/Project_721/reference_0009.png,23400,d01d02ee89b72b1e17b8d467e77380be20c48374e417c707bc2ada0fd23ba81c
Project_721,REFERENCE_ONLY,DS_CUSTOM_LIBRARY/hack-reference-previews/Project_721/reference_0010.png,2443,19b28bfc90efceaab08102ee597d142568160ec9c0dfd06ad4f0032f2194a696
Project_721,REFERENCE_ONLY,DS_CUSTOM_LIBRARY/hack-reference-previews/Project_721/reference_0011.png,5941,1ac2437da1dc6dbc40e796289b7b2fd9757b78848edca0492ba194bc193f15a3
Project_721,REFERENCE_ONLY,DS_CUSTOM_LIBRARY/hack-reference-previews/Project_721/reference_0012.png,3275,25a6a6efd4d8f7f0f2e9ea6a7a7d1f43603ea921ef000c2f78c6b8752beb7a56
Project_721,REFERENCE_ONLY,DS_CUSTOM_LIBRARY/hack-reference-previews/Project_721/reference_0013.jpg,3268,9d23934489fb4f663158d325c2884a33ff65ce00905fe79dde29d068a1ee36da
Project_721,REFERENCE_ONLY,DS_CUSTOM_LIBRARY/hack-reference-previews/Project_721/reference_0014.png,33591,4d78f27753fcde21ba608eb02beb59d9f11fc8dbf1966a8614306e2e16512afb
Project_721,REFERENCE_ONLY,DS_CUSTOM_LIBRARY/hack-reference-previews/Project_721/reference_0015.png,3386,ee02693113ad36715e1f14a45d8922b3198d20dbff029feae1b40a38910456fa
Project_721,REFERENCE_ONLY,DS_CUSTOM_LIBRARY/hack-reference-previews/Project_721/reference_0016.png,17520,ee76090656e918273a9338f2afd87278b6125a217ad9bc041dd6b9363a574038
Project_721,REFERENCE_ONLY,DS_CUSTOM_LIBRARY/hack-reference-previews/Project_721/reference_0017.jpg,4874,956273dc83ea39fbe5ccad9868bbfb7297a03d5efe89c6981a62cbd059e39450
