source,relative_path,change_type,upstream_same_path_sha256,sha256,path
Dream_Crystal,appletun/female/back.png,NEW_CONTENT,46c4c550d3ae090a03747797df516e43c2e7276b4afd6f2074774869fc0368f7,174cc2348bee37f000d64f65de0679cbeb7a8f60658c628ec62630dc3d21c5e5,DS_CUSTOM_LIBRARY/packs/HGSS_Project_Unique_Dream_Crystal/appletun/female/back.png
Dream_Crystal,appletun/female/front.png,NEW_CONTENT,23d53f5ba0c25f1bc68d65a2583a8f5170a2e6333a2d32ddad6ef5668143bcf0,e6a2921b673b138a63d0b4ae99197d53a905678ac8f64eb98f140e87458740fe,DS_CUSTOM_LIBRARY/packs/HGSS_Project_Unique_Dream_Crystal/appletun/female/front.png
Dream_Crystal,bewear/female/back.png,NEW_CONTENT,62e71473f958a9d15ffdbbe3fea9854f05dd6fa757d7c81b83b1efc72641065b,bbbb2f4786531d778d421885cc58fa0c660ebcdc1f98f46dba111c6208709532,DS_CUSTOM_LIBRARY/packs/HGSS_Project_Unique_Dream_Crystal/bewear/female/back.png
Dream_Crystal,bewear/female/front.png,NEW_CONTENT,e7fa5d4f249b246d795245d10c87b7ac5012b9bb5e37298f91258986a83ff35b,13d5506f2f3f0bd33e8bea2a31e0149ccacdbf4b24513726b7e3b1d6f7d1157d,DS_CUSTOM_LIBRARY/packs/HGSS_Project_Unique_Dream_Crystal/bewear/female/front.png
Dream_Crystal,chi_yu/male/front.png,NEW_CONTENT,4a750b75d6c48206fcc6dc33e23c814786225fa40763d37e9a45070947e71604,95737b19d058fc33399c615b474058538043e0f5770a3620d07388f29cba9b90,DS_CUSTOM_LIBRARY/packs/HGSS_Project_Unique_Dream_Crystal/chi_yu/male/front.png
Dream_Crystal,cobalion/male/back.png,NEW_CONTENT,bab36afb9628226cfef48d990b8c8461ee323bb6b3ec9c140baeb94dece9f0de,c96d1bb243903677272c6fb24c483026b5163336f263cbcbb08bd3e3e7785e47,DS_CUSTOM_LIBRARY/packs/HGSS_Project_Unique_Dream_Crystal/cobalion/male/back.png
Dream_Crystal,cobalion/male/front.png,NEW_CONTENT,c91d280b2e76aa4064f388acc1e25403080832c2cf4520e627671fc11a6e2907,256965efade22ce13489d40ead75165adb21ae3d521eb7e3d73be077f817a7bb,DS_CUSTOM_LIBRARY/packs/HGSS_Project_Unique_Dream_Crystal/cobalion/male/front.png
Dream_Crystal,copperajah/female/back.png,NEW_CONTENT,e980ce930ccba100ad6c677139418b9614c48fb6f63da8d7f95551afe38a117a,1f0f0e4bede44b7feabaf42b85b959cf68f7010375c0b6cc1da925ea6be2b70f,DS_CUSTOM_LIBRARY/packs/HGSS_Project_Unique_Dream_Crystal/copperajah/female/back.png
Dream_Crystal,copperajah/female/front.png,NEW_CONTENT,5048345119e976596af5a70f20bcfcd0b9afc2b5d0aabaa80f311dd9b87794c4,33ff25cb7268b0334ba015dcfc2f710fded6435a6878c37a86a961e55a54815a,DS_CUSTOM_LIBRARY/packs/HGSS_Project_Unique_Dream_Crystal/copperajah/female/front.png
Dream_Crystal,darmanitan_galarian/female/back.png,NEW_CONTENT,5b66751a217a160a619c05de3aa9177b0ab847ea27f5a37a04564f02735f9bf4,047a3a5bf3d526ee5076aad2700f3ac8147b6a60b95c80d6983e0f716fbfddf4,DS_CUSTOM_LIBRARY/packs/HGSS_Project_Unique_Dream_Crystal/darmanitan_galarian/female/back.png
Dream_Crystal,darmanitan_galarian/female/front.png,NEW_CONTENT,2d83fa0c6f077355ff4e92f5e18e18080efb3f2cf38d92b5de7fc4cf28a31b5d,ddf0ed5f8cd87c8fae0accc621e1effc996d326c36330519acf12fac3879b4b6,DS_CUSTOM_LIBRARY/packs/HGSS_Project_Unique_Dream_Crystal/darmanitan_galarian/female/front.png
Dream_Crystal,drakloak/female/back.png,NEW_CONTENT,15c7f350fde26e5c49066b525004e59476e634de142f21754346ef627ddac6cd,f30d9d9b108823114856daf0ece895649c5d385cc4129d6542762bb5140ec875,DS_CUSTOM_LIBRARY/packs/HGSS_Project_Unique_Dream_Crystal/drakloak/female/back.png
Dream_Crystal,drakloak/female/front.png,NEW_CONTENT,a27df99e37b32763647752f73605082e6bf71e92eae2fc008b81180ab93ae33b,3fead48d26f0dbbaff6d591885d320dd9e1254a2789fb978210ecb3c875a7cce,DS_CUSTOM_LIBRARY/packs/HGSS_Project_Unique_Dream_Crystal/drakloak/female/front.png
Dream_Crystal,flapple/female/front.png,NEW_CONTENT,f72d4e81ac8ca6f200ececdb18807840eb5152d6d51e907996b700f4a717efa9,69e951ebc224bee49b19478a6311f7c3e9ad2c5c2dfaf9355a89231cc2564945,DS_CUSTOM_LIBRARY/packs/HGSS_Project_Unique_Dream_Crystal/flapple/female/front.png
Dream_Crystal,fletchling/female/back.png,NEW_CONTENT,e86a6248441238ddd3a48331e0d3c882c00b8f1095e2bd479ef2ef1b8be9b525,5ba1d83ee1b59f106b85d7fbeda50ed59a74214449683c6bc855d31806a1114d,DS_CUSTOM_LIBRARY/packs/HGSS_Project_Unique_Dream_Crystal/fletchling/female/back.png
Dream_Crystal,fletchling/female/front.png,NEW_CONTENT,a29946c54a82170a62ca2a84bcf3fc1170d4abc02be64af3cc10b78163f06a3f,2175005135e8dca38c7a976c833aec14310b63bbdca0fc439dae44b3c1a1b6d8,DS_CUSTOM_LIBRARY/packs/HGSS_Project_Unique_Dream_Crystal/fletchling/female/front.png
Dream_Crystal,glimmora/female/back.png,NEW_CONTENT,5fcf6254a46291658c53f66c41965bfacec14c35ecd15aa9356b7d8d52291300,49f1a828ebc0da42cebc9315d6b84f041fc38ab90a7f1217e4b30b6d6febd71e,DS_CUSTOM_LIBRARY/packs/HGSS_Project_Unique_Dream_Crystal/glimmora/female/back.png
Dream_Crystal,glimmora/female/front.png,NEW_CONTENT,e18cbcf59f2dd874028ae75572f5f2f549c1e49ac9c8f59d57bd73b667910ef7,0455221dddbe85bebd3b86843791d926c5692da9995975743e80e9258279b1c9,DS_CUSTOM_LIBRARY/packs/HGSS_Project_Unique_Dream_Crystal/glimmora/female/front.png
Dream_Crystal,goodra/female/back.png,NEW_CONTENT,09cd59f564be0e69818b6fb87bbae9d6dca0382229eeb0b57b44f58500605345,a6b98e7f3f7a2db8ce6b7c8fccec43edf6ffc99bfcbc0d70696403925a3fb664,DS_CUSTOM_LIBRARY/packs/HGSS_Project_Unique_Dream_Crystal/goodra/female/back.png
Dream_Crystal,goodra/female/front.png,NEW_CONTENT,dd024cab22490a40ac9cea7dc5c69dfc44cd5ef8c7368edde4ebb4db2ba40a7f,1c23a840538b17e880a0b54281c7c0bfbe55f2f29bc682df93fcd11d681ecbbe,DS_CUSTOM_LIBRARY/packs/HGSS_Project_Unique_Dream_Crystal/goodra/female/front.png
Dream_Crystal,helioptile/female/back.png,NEW_CONTENT,ae2246adfbf9d3ed0614d65e95d742ca387e5d410800bb05cf47f4b9a65e0d6b,ca1063ca0ef5e872907daf81e675d1482e27338ec9c81a1e3debc781f2df891b,DS_CUSTOM_LIBRARY/packs/HGSS_Project_Unique_Dream_Crystal/helioptile/female/back.png
Dream_Crystal,helioptile/female/front.png,NEW_CONTENT,5393a0c35801394f5ad6a852bd1b2e5519cab4182d0f0ae459d594a1274f2135,d05fd2b363dbc9a7d7df3e5abdeaf342e60757bb21ac3a4db525737897b55a46,DS_CUSTOM_LIBRARY/packs/HGSS_Project_Unique_Dream_Crystal/helioptile/female/front.png
Dream_Crystal,hoopa/male/back.png,NEW_CONTENT,c1c99ff1afc0e1fa47184b8660fd23f5be3b3248e4b2869e44eb18e6306faf68,597fa7e6049c50def14dcbd48d455dca5249af85472f9838bb5eca0fc974f791,DS_CUSTOM_LIBRARY/packs/HGSS_Project_Unique_Dream_Crystal/hoopa/male/back.png
Dream_Crystal,hoopa/male/front.png,NEW_CONTENT,9f5596688913899c8b8a3702cc5aafc35ceda60d3ffb7b275a328f39e718f026,7fd1ccf7e0c6b5ff86eeb374809e3f671c1998f8ad29e96ac06d50a506a59258,DS_CUSTOM_LIBRARY/packs/HGSS_Project_Unique_Dream_Crystal/hoopa/male/front.png
Dream_Crystal,hoopa_unbound/female/back.png,NEW_CONTENT,aea2c7eb5a1fd6184ef9246a70acd10497e5629df1cfd5753170776ba6bc6860,1b0089e7f17894a3303f723b44c83d850db29030f3a50b0ec30fabb40ceb7d9d,DS_CUSTOM_LIBRARY/packs/HGSS_Project_Unique_Dream_Crystal/hoopa_unbound/female/back.png
Dream_Crystal,hoopa_unbound/female/front.png,NEW_CONTENT,26bbdc261f14c0ff56fbcd1d4f50bba1a15a1b9e44d6ae087a2df2033f500256,306b2fdde81451f8916d25a74375503b42ca254f9493234bd59c9eb8e2abe01c,DS_CUSTOM_LIBRARY/packs/HGSS_Project_Unique_Dream_Crystal/hoopa_unbound/female/front.png
Dream_Crystal,iron_thorns/male/back.png,NEW_CONTENT,172b79a38ef1452ee8afd47a73866ea038b9d5481abef9840f3f38b058d026b2,d3fb5e525badf93954c76d9aa1407f44249c9b85d65b8e46966e2481291186ce,DS_CUSTOM_LIBRARY/packs/HGSS_Project_Unique_Dream_Crystal/iron_thorns/male/back.png
Dream_Crystal,iron_thorns/male/front.png,NEW_CONTENT,bd4a5fefa7ef3e7b8e2e02902744411986b1da358a9b63e312363064c34baa41,4f74aa8731fab031a7ac938f7231c09a61dbae5d70c890bd116558a58528a9a0,DS_CUSTOM_LIBRARY/packs/HGSS_Project_Unique_Dream_Crystal/iron_thorns/male/front.png
Dream_Crystal,keldeo/male/back.png,NEW_CONTENT,7e5b34b6d351299db456c61eb4a2d5348af074ae0e523a37b2eb19cad95453f2,4ffd13540a128e0f8a488e9ed61223082edffb6db82f0eb126b9ba5f000ffdbd,DS_CUSTOM_LIBRARY/packs/HGSS_Project_Unique_Dream_Crystal/keldeo/male/back.png
Dream_Crystal,keldeo/male/front.png,NEW_CONTENT,cb72a8680754b142b229aec0c0e741db6d652e61cf8f613011187ca681cf8c9e,892e623cd9ffe126ef9269b6afb8c031f8fd9adf0e92f980baf7825a7fc6f428,DS_CUSTOM_LIBRARY/packs/HGSS_Project_Unique_Dream_Crystal/keldeo/male/front.png
Dream_Crystal,keldeo_resolute/female/back.png,NEW_CONTENT,524351c47e9da1a45a18edeaa7b74b8ade481161c47901143c30e6a2800d3486,9faf9269eea934427a670b01abd901121b1f5a22d4df91720c6c80ee183fbb57,DS_CUSTOM_LIBRARY/packs/HGSS_Project_Unique_Dream_Crystal/keldeo_resolute/female/back.png
Dream_Crystal,keldeo_resolute/female/front.png,NEW_CONTENT,c0be71ed4d248f79f598745d3139df5c14a42c0941ac053b88cba2a64cdc6e13,97c1fa014d3dbfac87ee8a118af8f36785cef0467acb5281ec5926210cf80590,DS_CUSTOM_LIBRARY/packs/HGSS_Project_Unique_Dream_Crystal/keldeo_resolute/female/front.png
Dream_Crystal,mabosstiff/female/back.png,NEW_CONTENT,896cb501644d2f3ca14a4b9dea2b0e04fd20648d0d054d62c5226e29609a25d2,7a84aaf1d81a8e03cb4e11b3bb33383b5c621dba97506eabca0a81c54ae503b6,DS_CUSTOM_LIBRARY/packs/HGSS_Project_Unique_Dream_Crystal/mabosstiff/female/back.png
Dream_Crystal,mabosstiff/female/front.png,NEW_CONTENT,4fbd2aae2c0de20cee36e91b27f1deb5108721d455b94bb73d6975cbb54307e1,f9ad0094dc076f2f282c63d6e8b5f1bf390bcfa22a3db2f8e8bd35a07b8330c6,DS_CUSTOM_LIBRARY/packs/HGSS_Project_Unique_Dream_Crystal/mabosstiff/female/front.png
Dream_Crystal,magearna/male/back.png,NEW_CONTENT,b9416644dc34ccffe0c0058e2e39629e8f515b7dd380eec0ac5356dc823d855b,11bc6e835ebd6af94a5d5c84e55f76bdeb7e263bc951fb02983536096dbb420c,DS_CUSTOM_LIBRARY/packs/HGSS_Project_Unique_Dream_Crystal/magearna/male/back.png
Dream_Crystal,magearna/male/front.png,NEW_CONTENT,b7fc0e1ce081bd6973a4e8d7deb36213d85a1f867c3ce5f54bb0eddb0b04ddd3,03e165ab12e03c7930d9a78022bc81f5663ef5690177dfa9bcea5ef8ff978405,DS_CUSTOM_LIBRARY/packs/HGSS_Project_Unique_Dream_Crystal/magearna/male/front.png
Dream_Crystal,pheromosa/male/back.png,NEW_CONTENT,135baf9e334375612a1b7014fc95052c43bd474b7b070a091a15ccf35c3a60ba,26e538871f9c182897758e464e443860fa561d6b53b96663094983879bdc1a54,DS_CUSTOM_LIBRARY/packs/HGSS_Project_Unique_Dream_Crystal/pheromosa/male/back.png
Dream_Crystal,pheromosa/male/front.png,NEW_CONTENT,f5a8437d54c5b2b810a5527de69033aed12b87f20a51dd124ba4d5cccc798cd4,239d5ba17ac677b91cb9a3f89db2f66c08fc51e894323fe20f8488d9f5d3a288,DS_CUSTOM_LIBRARY/packs/HGSS_Project_Unique_Dream_Crystal/pheromosa/male/front.png
Dream_Crystal,sinistcha/icon.png,NEW_CONTENT,b2ebc3bcbeec30aacaeb4fd88c46a2b48ac72dc4fcfef0b1daba87af6496f1d8,db74c10b12d853c354c05badb3e3ad6909232fdc1cea469f07ebc7c5cc2321e7,DS_CUSTOM_LIBRARY/packs/HGSS_Project_Unique_Dream_Crystal/sinistcha/icon.png
Dream_Crystal,ting_lu/male/front.png,NEW_CONTENT,08c5cd30c08d8601e198e17d46e4841901510e8f230c4d11f0830d8de8293a77,8de2ec53b80d375b4992fdc6ff615b2941c8595666961e0b1714700d77ea0de0,DS_CUSTOM_LIBRARY/packs/HGSS_Project_Unique_Dream_Crystal/ting_lu/male/front.png
Dream_Crystal,walking_wake/icon.png,NEW_CONTENT,84710ee1d8598d0b9d4d31f784fca42d830b279268257cfec9d5d2eda120916b,3b54e003a274d2005e7ad01f8c84a41f67bef6715f322f8b26f18d23a65a0fa1,DS_CUSTOM_LIBRARY/packs/HGSS_Project_Unique_Dream_Crystal/walking_wake/icon.png
Dream_Crystal,zekrom/male/back.png,NEW_CONTENT,10bb031c9929c794dd97efb575792463bca23d6f74b08215d5b757be9245564c,36b411afbf1ad2d39902ab0cf67bfc09df1814e9ddabb7cb5b235685d0c65914,DS_CUSTOM_LIBRARY/packs/HGSS_Project_Unique_Dream_Crystal/zekrom/male/back.png
Dream_Crystal,zekrom/male/front.png,NEW_CONTENT,d196c13772c3bb1195f32b8d14869e9706f43825a93cb744d5a921e3d2f9677c,a27d00f4820fed519e100fb260f407ace461230ae026b6f9b1c14064066f720d,DS_CUSTOM_LIBRARY/packs/HGSS_Project_Unique_Dream_Crystal/zekrom/male/front.png
Dream_Crystal,zygarde/male/back.png,NEW_CONTENT,eb36a1c4c3867eb4dc3900ddbb6de533d31378135685415824bc7d25d8177ea3,fcd1cf39350d678981fdb60d13a1b4717e923567ff412816c717415bfc216724,DS_CUSTOM_LIBRARY/packs/HGSS_Project_Unique_Dream_Crystal/zygarde/male/back.png
Dream_Crystal,zygarde/male/front.png,NEW_CONTENT,4cf7d2c3002827ae54f12bb6002f76ee6a93a140f7f42bd6f15430d2044faedc,e9d12becb5a74efdb55fffe2f2bfdaa3383fe6f34ee708483f556918cc90f99c,DS_CUSTOM_LIBRARY/packs/HGSS_Project_Unique_Dream_Crystal/zygarde/male/front.png
Futura_Engine,blaziken/female/back.png,NEW_CONTENT,9e7546b6ed31b27a0a7240ea171674eb5eb7c175ce549bc929007c9c4c49bb7f,6284778e3a24453b21813d60a7163bd5a584b063aa360027b651ec37c4eb8552,DS_CUSTOM_LIBRARY/packs/HGSS_Project_Unique_Futura_Engine/blaziken/female/back.png
Futura_Engine,blaziken/female/front.png,NEW_CONTENT,70ed532184a870431f9e1efed83c853b63687ce4d4031aa0fb381e2abc905f01,582c77e56aebb099ad5226ba4304d572b9248cd50bd9f3f060afad44895f20d1,DS_CUSTOM_LIBRARY/packs/HGSS_Project_Unique_Futura_Engine/blaziken/female/front.png
Futura_Engine,combusken/female/back.png,NEW_CONTENT,37d53a2ef53978010952b9e80eb44856bb486d8df0925b0dd576ea3d71391026,b10e4d650a2b5c28a214000a09b72c7597344a3e64ee9872cad3f884e6517ac8,DS_CUSTOM_LIBRARY/packs/HGSS_Project_Unique_Futura_Engine/combusken/female/back.png
Futura_Engine,combusken/female/front.png,NEW_CONTENT,6102dfd11af0b27bdd26ce5449106d6490fdb3b2822ab929b3f274486967dda0,122bae1ea589086f99046ac1ea4f65f87322f00403d7ab9ce13270391d223e44,DS_CUSTOM_LIBRARY/packs/HGSS_Project_Unique_Futura_Engine/combusken/female/front.png
Futura_Engine,froakie/female/back.png,NEW_CONTENT,e03d753fd58924857f1d9ee106f160d115c9ae6966fc2c133cc46e8704641a8b,9fb1681b5eaeef1535143057b75916aaa873ea0ae667c9f97f5a3df0a73c41ba,DS_CUSTOM_LIBRARY/packs/HGSS_Project_Unique_Futura_Engine/froakie/female/back.png
Futura_Engine,froakie/female/front.png,NEW_CONTENT,d41bb4108a6afdb5458d8b605f2888243b110404b8a62d7a4cb5b26c5b02aa48,c12a78cefb35ad247a3ccca506ca506b19acd20a6d0383bfce54d10201fc9267,DS_CUSTOM_LIBRARY/packs/HGSS_Project_Unique_Futura_Engine/froakie/female/front.png
Futura_Engine,frogadier/female/back.png,NEW_CONTENT,c6cc95aa7c7bc217b69450fe66429ad028abb81b9d9e36049dbd21879130aee9,896e98f388121aa393445ac62a00a2970028234a7b2fc39cfc5645942b276355,DS_CUSTOM_LIBRARY/packs/HGSS_Project_Unique_Futura_Engine/frogadier/female/back.png
Futura_Engine,frogadier/female/front.png,NEW_CONTENT,8232b21152e059276ad4d0b5d515a8a01a056f462589b92556c8eba71e1167d3,c830204b9e2e39622bde735e5e757f0f15af7fbe3eae524d68f072ceaf3c3b24,DS_CUSTOM_LIBRARY/packs/HGSS_Project_Unique_Futura_Engine/frogadier/female/front.png
Futura_Engine,greninja/female/back.png,NEW_CONTENT,6240b73e78a4042d911c29e4d1c3075db09decb99702b3ea92ad8397b1282c0a,c2f5a226274e0c0554f3652e3cfe2185d5b435c97d306caf848902699e2c6ad8,DS_CUSTOM_LIBRARY/packs/HGSS_Project_Unique_Futura_Engine/greninja/female/back.png
Futura_Engine,greninja/female/front.png,NEW_CONTENT,105e47592e6e3b77e78312c34eb83dac26163371f4d164d9e2c09809c6994e28,8b62e92a3f3a909e088485b3bbbbf36ba97cf30166444d0e7022dc485b9f1dc5,DS_CUSTOM_LIBRARY/packs/HGSS_Project_Unique_Futura_Engine/greninja/female/front.png
Futura_Engine,grotle/female/back.png,NEW_CONTENT,a20bd8a15d51be4226311ac1ce18fc6a70d7ee441b8ee0b5a0f2c74b1a88ba6f,0f7f421cbe109a9e41785b242ef43e3020e1976968301d3f38f5a99e5b6f7945,DS_CUSTOM_LIBRARY/packs/HGSS_Project_Unique_Futura_Engine/grotle/female/back.png
Futura_Engine,grotle/female/front.png,NEW_CONTENT,86919e5caf1107cce3e86b03854b24bef837343cb4ab4f04d31f56a9b608e158,fdb4c33cc561d43cca10e9779d89b00cc4f5b7198552561f2348a8cec5b5f1e0,DS_CUSTOM_LIBRARY/packs/HGSS_Project_Unique_Futura_Engine/grotle/female/front.png
Futura_Engine,moltres/icon.png,NEW_CONTENT,cde85891a655e70d961bd3919de362ee4617e3c3b917f0ebf5398955fa2edcd6,9dca6cf4ff7eeacb86e480bec884fdbdb0ea1741e38c894afcae5ae7906214e5,DS_CUSTOM_LIBRARY/packs/HGSS_Project_Unique_Futura_Engine/moltres/icon.png
Futura_Engine,moltres/male/back.png,NEW_CONTENT,d0e9eb0699ccd9f2e189ce5f3c73b317eeef1df0cebd2b694b32d8dc21891222,a321aefb870aa565f29150e2508e09ad970b264e1ac2a6dad9bd444907f0fab0,DS_CUSTOM_LIBRARY/packs/HGSS_Project_Unique_Futura_Engine/moltres/male/back.png
Futura_Engine,moltres/male/front.png,NEW_CONTENT,925bd84f8b2ace38e005aa3948bbaac287dbe0f249a04f0db2304b14a246c79a,3233a5a928f007144996a7e29a0753cf5f37f12fbdaacc921d06e5b6abf00bd5,DS_CUSTOM_LIBRARY/packs/HGSS_Project_Unique_Futura_Engine/moltres/male/front.png
Futura_Engine,torchic/female/back.png,NEW_CONTENT,377f240ff34d7a685c6787979f1d6b40710e91725bd9f36936bb124d6f4b76c3,630c49c9afeab4039c426681923fb096f74f240ec7db16e39b75033a41aea416,DS_CUSTOM_LIBRARY/packs/HGSS_Project_Unique_Futura_Engine/torchic/female/back.png
Futura_Engine,torchic/female/front.png,NEW_CONTENT,c5f34558d0cb067775a24f178449fbcb9de49177431deaed83f7523bc4c6b634,e5259cbb97c7d82c76667e52671e098a1ea8b7c145790c5bc510d1876c374e61,DS_CUSTOM_LIBRARY/packs/HGSS_Project_Unique_Futura_Engine/torchic/female/front.png
Futura_Engine,torterra/female/back.png,NEW_CONTENT,8a30bc483d20d11c052aa3cf9d51baf3f0a8fc8b6e20c7fa495ccfcff3fac18e,f7be5801dad438ef76cc0aa0002ed02662b47945ed8699fd1d1b7441e1f94b89,DS_CUSTOM_LIBRARY/packs/HGSS_Project_Unique_Futura_Engine/torterra/female/back.png
Futura_Engine,torterra/female/front.png,NEW_CONTENT,19496d28325b4b6890626d919113b0ec36a929959e1d76bf796634a29b803071,18f0499e942257371cc3ac5ee2258e6a454d810d192d381339d5847095807af6,DS_CUSTOM_LIBRARY/packs/HGSS_Project_Unique_Futura_Engine/torterra/female/front.png
Futura_Engine,turtwig/female/back.png,NEW_CONTENT,dd6bd6f187de5b28e89d7328e56de2e8169d25715c237011af879755049ee4ca,c694955bd383fe95976b0d825a33dc703e39c912ee0e00c4ad3314bc6b43870a,DS_CUSTOM_LIBRARY/packs/HGSS_Project_Unique_Futura_Engine/turtwig/female/back.png
Futura_Engine,turtwig/female/front.png,NEW_CONTENT,e30d2590337927ea27805a5a55e79bcc4ac8ada6c9f73b3904dd8ddf0e021d28,e332bd357e695b282d280a08b30d79754050f209cf1cc809b7bd7a5d73c9ba0f,DS_CUSTOM_LIBRARY/packs/HGSS_Project_Unique_Futura_Engine/turtwig/female/front.png
Hallowed_Gold,victini/male/back.png,NEW_CONTENT,00f29b9bcd9ba660ae15cb2dba79d94a71a1f9dcc399ba3522af9fdf07321073,b8e73ac73fbddb89fe43a371b430f6f9f3e4628ca97639571b33947264896091,DS_CUSTOM_LIBRARY/packs/HGSS_Project_Unique_Hallowed_Gold/victini/male/back.png
Hallowed_Gold,victini/male/front.png,NEW_CONTENT,74cd558a5b565ce75805479e5302faf8d3d8842e29054cdadd9b42d40249b598,7846c093719aa34116454e45ac25e0235a908aef0b45bc7b239e87a7dfc9b784,DS_CUSTOM_LIBRARY/packs/HGSS_Project_Unique_Hallowed_Gold/victini/male/front.png
Clumsycat_HG_Hack,audino/female/back.png,NEW_CONTENT,16230a9f4dd6ff5db81366560e5dd7ac9f207fb07ce241908dd82bf3bcfa283c,9101be9bf9bc411c4988d887faf4ea71f3d356ccf46e126b79983c6bb57ae5d2,DS_CUSTOM_LIBRARY/packs/HGSS_Project_Unique_Clumsycat_HG_Hack/audino/female/back.png
Clumsycat_HG_Hack,audino/female/front.png,NEW_CONTENT,1cfcd2582afb7d5dfdf0e39aa4a725226e229d3db7d734f0ca479cb9a1603767,03b4656c5a971ce3cc9fa207177c6423c0e94e621727154b915350be80e28b89,DS_CUSTOM_LIBRARY/packs/HGSS_Project_Unique_Clumsycat_HG_Hack/audino/female/front.png
Clumsycat_HG_Hack,clodsire/female/back.png,NEW_CONTENT,f75f40cd49f4040b56a007c71ee48c1cf38f458c4b30b2d23e33eca458c2e1d8,40ccbd0742deb88ab0ecc321af8b62de3cc0a9ed1f11ba39f061e9e750d6e877,DS_CUSTOM_LIBRARY/packs/HGSS_Project_Unique_Clumsycat_HG_Hack/clodsire/female/back.png
Clumsycat_HG_Hack,clodsire/female/front.png,NEW_CONTENT,734cbdb837376868ce91865a74375e32aae20fc179737289cebf189fed93364a,f3e5a00f0b721bc5e90582e5dfe2e88d6ad2dd15bb1ed1a3f7e182a4f60205e2,DS_CUSTOM_LIBRARY/packs/HGSS_Project_Unique_Clumsycat_HG_Hack/clodsire/female/front.png
Clumsycat_HG_Hack,crocalor/female/back.png,NEW_CONTENT,74ed43718a571d20655172bb802fb56a7757b7d3869b69d0a5e13b3ca760b0b8,473466e8b9d3d9ee5d34b142ce2ab69b18941d576a6b26c94f7296e22128a733,DS_CUSTOM_LIBRARY/packs/HGSS_Project_Unique_Clumsycat_HG_Hack/crocalor/female/back.png
Clumsycat_HG_Hack,crocalor/female/front.png,NEW_CONTENT,fe569edb04c42b1e24eab775b8c18dc2ffd646df6fa8f36a63aebe5424a7d4e8,64de0f5eac9da15d7e001b0e453c13aaecc569c1544b500cc8bf007d174c1328,DS_CUSTOM_LIBRARY/packs/HGSS_Project_Unique_Clumsycat_HG_Hack/crocalor/female/front.png
Clumsycat_HG_Hack,falinks/male/back.png,NEW_CONTENT,5f0167b8aca3449c640026dc632616fe90910b5f57db22a497b2bf4340f1d10f,dfe1d7af3a0049915ae40201923c08de1095f11faebcd6c3781390241f2a0445,DS_CUSTOM_LIBRARY/packs/HGSS_Project_Unique_Clumsycat_HG_Hack/falinks/male/back.png
Clumsycat_HG_Hack,falinks/male/front.png,NEW_CONTENT,599dc3d8912547289403df9d4bce52ee4388f03401acdf9bd2b28ca361f878b5,0024f789e7ca1c7f73cbc8bb7bc252beca7a06bdc66cd0c1dffb7f6525a641e9,DS_CUSTOM_LIBRARY/packs/HGSS_Project_Unique_Clumsycat_HG_Hack/falinks/male/front.png
Clumsycat_HG_Hack,fuecoco/female/back.png,NEW_CONTENT,c3359c46094bc89f59dd64d3c2e715c7871f61084614f3568b3ec22bd7368876,00be2740485ca44dfaacf14f7e6c2a0e6f8516ba5c4e4370b2401f5434d49449,DS_CUSTOM_LIBRARY/packs/HGSS_Project_Unique_Clumsycat_HG_Hack/fuecoco/female/back.png
Clumsycat_HG_Hack,fuecoco/female/front.png,NEW_CONTENT,45edd505150d6adf33d22fa3282e2fbad134f7ee0c09c75cef7fcfa174984629,1b5d22788ee79210a8ee5db7562ed27b123d27bbb06ca7dff01506e5e73fadfd,DS_CUSTOM_LIBRARY/packs/HGSS_Project_Unique_Clumsycat_HG_Hack/fuecoco/female/front.png
Clumsycat_HG_Hack,gholdengo/male/back.png,NEW_CONTENT,7c973d9854303548c145bdb86d8ddf66ccae2f09afefbe1cd966af9e99186b86,38522b4e3b7952b9367dc384b742a7e424b26db5c8bcacda9955cb918d50cc09,DS_CUSTOM_LIBRARY/packs/HGSS_Project_Unique_Clumsycat_HG_Hack/gholdengo/male/back.png
Clumsycat_HG_Hack,gholdengo/male/front.png,NEW_CONTENT,966db94c1538e2bbd1b26e87832bd44cee0b689d8954e9c5108b890cb0a81d2a,f2cf73fd700cf4fd8c8e4cb467e8230393ed04c2b094b8d50b5a9f39c9848a54,DS_CUSTOM_LIBRARY/packs/HGSS_Project_Unique_Clumsycat_HG_Hack/gholdengo/male/front.png
Clumsycat_HG_Hack,gimmighoul/female/back.png,NEW_CONTENT,b7357cb1b7cc457c8b7f30d011d2a87b86bd4429b6ae4df8a417ebec0a7b1bce,955df9c4de7494fe412c6a5529177411bd54ae0793061f79d6a876851e655660,DS_CUSTOM_LIBRARY/packs/HGSS_Project_Unique_Clumsycat_HG_Hack/gimmighoul/female/back.png
Clumsycat_HG_Hack,gimmighoul/female/front.png,NEW_CONTENT,482faa58263044e78e66007f3c9c3a21da979ae15fccbedc54795dc2cfd8ddcf,b54d133bf97d6867000cc6ba1746e31bcf81adf8f393882c8ed6a41ba12e77ad,DS_CUSTOM_LIBRARY/packs/HGSS_Project_Unique_Clumsycat_HG_Hack/gimmighoul/female/front.png
Clumsycat_HG_Hack,hatenna/female/back.png,NEW_CONTENT,a1a2b9d502e2f627e61ca78cd297045e7540b3fafbf223904c0d1da6936e89a7,2c166834733b50b7e880e8836e55cf1d6f8cb8eacfb90457a871230bdb3d707d,DS_CUSTOM_LIBRARY/packs/HGSS_Project_Unique_Clumsycat_HG_Hack/hatenna/female/back.png
Clumsycat_HG_Hack,hatenna/female/front.png,NEW_CONTENT,e82c9d936fb1c0b5d200e2cad58d1c2470cbe4acf6a9e1f8e3feed18c83d5a6f,9826a60fea494d70631a1b1ee20d13b213bab61ee88f01d1ea787c6506a7ceb7,DS_CUSTOM_LIBRARY/packs/HGSS_Project_Unique_Clumsycat_HG_Hack/hatenna/female/front.png
Clumsycat_HG_Hack,hatterene/female/back.png,NEW_CONTENT,c48560aa8c71e2bef551e91070d2a1d76c6cb62d1adb8b43c309aa19a233babf,f43d2cdce65494433918650845af5a9b95152d6db752cc2adf4b902d0ec3d3c9,DS_CUSTOM_LIBRARY/packs/HGSS_Project_Unique_Clumsycat_HG_Hack/hatterene/female/back.png
Clumsycat_HG_Hack,hatterene/female/front.png,NEW_CONTENT,03b52bf459bd7d7d16da26e1b47124f690cfcdee2f03e22520fc07cbdef1def8,b3f5837d79fe4497dc5e7f8a884253ef6fbeb8efc800dff896e6b099c415ca9e,DS_CUSTOM_LIBRARY/packs/HGSS_Project_Unique_Clumsycat_HG_Hack/hatterene/female/front.png
Clumsycat_HG_Hack,hattrem/female/back.png,NEW_CONTENT,6d9f1e4a685bea7b938ca795746cd0207d2143962d3065f3016ecb57bb557d8a,80081d0e27368287e0f78952c03b12e1c9483a449c5ef9aa5f61430da82567e2,DS_CUSTOM_LIBRARY/packs/HGSS_Project_Unique_Clumsycat_HG_Hack/hattrem/female/back.png
Clumsycat_HG_Hack,hattrem/female/front.png,NEW_CONTENT,86938b5b39a0eb2b46bc813fb7e1676702b344b1e22e041b2736a7b9ef8e3b40,beed9db2a6c8a837ba44ea54d7b86d3a72f2669a2142c33f53aacdaf848ef6c0,DS_CUSTOM_LIBRARY/packs/HGSS_Project_Unique_Clumsycat_HG_Hack/hattrem/female/front.png
Clumsycat_HG_Hack,kingambit/female/back.png,NEW_CONTENT,ad93ad1162754d0bfde449b14209b78ed5bd65729b5f7eee57aa361e720fa34f,a55e6564ee472cddbfe93d8aff01fd7b47a541f82c54c7e209c4b5ef44a8e107,DS_CUSTOM_LIBRARY/packs/HGSS_Project_Unique_Clumsycat_HG_Hack/kingambit/female/back.png
Clumsycat_HG_Hack,kingambit/female/front.png,NEW_CONTENT,919207283c57c3a62d2843c3e3366c2bd2dc40fb5cd74b8034e0426e5a230562,426824a41cc0a2305d88a82c5c415e704ba5b92c431d7bde3172efaf23a15f3e,DS_CUSTOM_LIBRARY/packs/HGSS_Project_Unique_Clumsycat_HG_Hack/kingambit/female/front.png
Clumsycat_HG_Hack,kleavor/icon.png,NEW_CONTENT,f9dffb22f5cf44741f22dac6cc834939b15ff53f55f8f6b8d2fd1f8da0846ca8,780b3a72171a6d8d5e31e8421ff03c8c40071f1c1f0e7c96fd3653afbd900840,DS_CUSTOM_LIBRARY/packs/HGSS_Project_Unique_Clumsycat_HG_Hack/kleavor/icon.png
Clumsycat_HG_Hack,mega_diancie/female/back.png,NEW_CONTENT,ead55ff3a14155e237953ec4442b8f2c64bfcf334afb2f69c588ae51ea4fce7e,1324e36a49078074a4c9970726a20dd3f5d3cc8c73230da502aa7f70d752150a,DS_CUSTOM_LIBRARY/packs/HGSS_Project_Unique_Clumsycat_HG_Hack/mega_diancie/female/back.png
Clumsycat_HG_Hack,mega_diancie/female/front.png,NEW_CONTENT,983beb2a495628f27da8c8a22dcb10e9f457f6f0f485b70b5d6ed8ce4aaeb1cd,30be3bc3ac513dcf8116a2bf707d7f1355e5bee6f2356c7b7b9df2c67c0ded8d,DS_CUSTOM_LIBRARY/packs/HGSS_Project_Unique_Clumsycat_HG_Hack/mega_diancie/female/front.png
Clumsycat_HG_Hack,nickit/female/back.png,NEW_CONTENT,5de31bca6efdfd770417ad0449775aba5ff8152150e9bab12608dcbaad1a7aa5,1fb56398d0cc79d26c89d87171a0fadf6432c5d92ea36f640e6241f3f2525095,DS_CUSTOM_LIBRARY/packs/HGSS_Project_Unique_Clumsycat_HG_Hack/nickit/female/back.png
Clumsycat_HG_Hack,nickit/female/front.png,NEW_CONTENT,bbf8322b7f05b6dd9fdaaf44b4d90c073437ff726ad49ff1d7776d4f76240e65,556e2e05d086972f43d35a731ae05df3537bdb5df56dce00c18ec8c8ead4f9f3,DS_CUSTOM_LIBRARY/packs/HGSS_Project_Unique_Clumsycat_HG_Hack/nickit/female/front.png
Clumsycat_HG_Hack,quaxwell/female/back.png,NEW_CONTENT,605c339a0491b8ee95adff51b6d1f04f53483e148423012ee11791e22576e979,7c370a278944f59f9993fa877563e7643c7f24e739ae6a6508543eb108966b68,DS_CUSTOM_LIBRARY/packs/HGSS_Project_Unique_Clumsycat_HG_Hack/quaxwell/female/back.png
Clumsycat_HG_Hack,quaxwell/female/front.png,NEW_CONTENT,4f79fbe304146ee57ca9cf6b57c13b910542fd5ddef0df3d1058e991766462d8,9726332a871dd4c27dd31b7c6d8d8588df767028dba2483b89e6f2ba5b306455,DS_CUSTOM_LIBRARY/packs/HGSS_Project_Unique_Clumsycat_HG_Hack/quaxwell/female/front.png
Clumsycat_HG_Hack,rabsca/female/back.png,NEW_CONTENT,485873658c3c770c9930a425cf6515f1b609f7be502d4ef17fb1ebd70d401988,4a10dd32667ddf6f452bee924df49db519596517ae037f315d530e1292fa6935,DS_CUSTOM_LIBRARY/packs/HGSS_Project_Unique_Clumsycat_HG_Hack/rabsca/female/back.png
Clumsycat_HG_Hack,rabsca/female/front.png,NEW_CONTENT,2a6dfb0d6659e54ff2e1dabe7073cd0ab04fd4dea508b9741d974f8d0a8a144b,0e5f3c4e2b1c826a9abb96b2cfd3ec8cf0159a36f07c37c812736a6ede4edbaa,DS_CUSTOM_LIBRARY/packs/HGSS_Project_Unique_Clumsycat_HG_Hack/rabsca/female/front.png
Clumsycat_HG_Hack,rellor/female/back.png,NEW_CONTENT,f71603738a9e990fea604d411e3439834abd939960f41803cba6a6a7dd446cb2,8e949264bcc8535ddeb8da40dd2011a2a926d4f0bd303f81ab1dfb54afc579c2,DS_CUSTOM_LIBRARY/packs/HGSS_Project_Unique_Clumsycat_HG_Hack/rellor/female/back.png
Clumsycat_HG_Hack,rellor/female/front.png,NEW_CONTENT,974ec6c13ae7cbfc9933bd3428e930aa2babebcc25e224e9a48e69d0a61a3e97,63d402c658f2e0588a1702d8517f9ff8655745db5831add4c6c65b5240327073,DS_CUSTOM_LIBRARY/packs/HGSS_Project_Unique_Clumsycat_HG_Hack/rellor/female/front.png
Clumsycat_HG_Hack,sinistea_antique/female/back.png,NEW_CONTENT,42d84fda002d1a5d12de26cb7be71ee6fecc1213cadf1277fbc179b933fc5a96,e1760ad1d566beae622f4b67cb9b7a19cb62e52b6edaed768676b8edbd4c3321,DS_CUSTOM_LIBRARY/packs/HGSS_Project_Unique_Clumsycat_HG_Hack/sinistea_antique/female/back.png
Clumsycat_HG_Hack,sinistea_antique/female/front.png,NEW_CONTENT,e7e04ae5ae6faf2e074a132addb04b51d2bd1ad6a4244a75203152e6ed5ebb03,110254690008021d87b3d699cfb68d6f66f56e8c47e55339313d1966a8df492c,DS_CUSTOM_LIBRARY/packs/HGSS_Project_Unique_Clumsycat_HG_Hack/sinistea_antique/female/front.png
Clumsycat_HG_Hack,walking_wake/male/front.png,NEW_CONTENT,657689f7a6ced75b36f1f9480964b3177fe62323f49664ad99cc80b6f6e9440d,c7b6dc673dc9d7025cae467fd7dc08df8d3306e643a06fadfa35c146f52ab215,DS_CUSTOM_LIBRARY/packs/HGSS_Project_Unique_Clumsycat_HG_Hack/walking_wake/male/front.png
Clumsycat_HG_Hack,wishiwashi_school/female/back.png,NEW_CONTENT,ceb326843ec33e1ef2412a6f81acd776440e5c32662c07df4e84335ca85888a7,bddf55c60fe2a4d8aa9743a133197c11a130765b20fe2c381363122b07b2ad83,DS_CUSTOM_LIBRARY/packs/HGSS_Project_Unique_Clumsycat_HG_Hack/wishiwashi_school/female/back.png
Clumsycat_HG_Hack,wishiwashi_school/female/front.png,NEW_CONTENT,39ac38fe9f7b3f4aafb085ebf6d90d3e5c43ec6cc43ff973f292df9d8e1c3a21,52df03c12050a3c77e2e6f25af26e11069f71fc99c9c587eb763d2659ddf4090,DS_CUSTOM_LIBRARY/packs/HGSS_Project_Unique_Clumsycat_HG_Hack/wishiwashi_school/female/front.png
