collection,source_url,direct_download_or_repo,status,notes
Fakemon Festival Pack,https://eeveeexpo.com/resources/654/,https://eeveeexpo.com/resources/654/download,ACCESSIBLE_SOURCE,"Free-to-use pack; individual creator credits required"
Festival - Altaira,https://eeveeexpo.com/resources/654/,https://www.mediafire.com/file/5nfk946xrg2gak3/Altaira.rar/file,ACCESSIBLE_ARCHIVE,"115 Gen 5-sized fronts; some Gen 4 backs/icons"
Festival - Atsui,https://eeveeexpo.com/resources/654/,https://www.mediafire.com/file/j07nsn7jepegru2/Atsui.rar/file,ACCESSIBLE_ARCHIVE,"Fakemon + regional variants"
Festival - BiggusWeeabus,https://eeveeexpo.com/resources/654/,https://www.mediafire.com/file/4kzel6iprr3a9jo/BiggusWeeabus.rar/file,ACCESSIBLE_ARCHIVE,"Includes 5 original Mega designs"
Festival - Dulcet,https://eeveeexpo.com/resources/654/,https://www.mediafire.com/file/dyb3ekoltwfhsnr/Dulcet.rar/file,ACCESSIBLE_ARCHIVE,"Mostly concept art; limited sprites"
Festival - Lumio,https://eeveeexpo.com/resources/654/,https://www.mediafire.com/file/mvmutu1rcuj4hdm/Lumio.rar/file,ACCESSIBLE_ARCHIVE,"Gen 4-sized regionals/evolutions with many complete asset sets"
Festival - Magiscarf,https://eeveeexpo.com/resources/654/,https://www.mediafire.com/file/1es51i9ndt6zj6t/Magiscarf.rar/file,ACCESSIBLE_ARCHIVE,"158 Fakemon"
Festival - Odisea,https://eeveeexpo.com/resources/654/,https://www.mediafire.com/file/dear8i0z3lr97i0/Odisea.rar/file,ACCESSIBLE_ARCHIVE,"Gen 4-sized"
Festival - PansyGum,https://eeveeexpo.com/resources/654/,https://www.mediafire.com/file/2dwm67jc9f9hbm2/PansyGum.rar/file,ACCESSIBLE_ARCHIVE,"Front/back/OW sprites"
Festival - Piacarrot,https://eeveeexpo.com/resources/654/,https://www.mediafire.com/file/35rys7o3q0z8lqw/Piacarrot.rar/file,ACCESSIBLE_ARCHIVE,"Gen 2 style; lower Mercury priority"
Festival - PrincessPhoenix,https://eeveeexpo.com/resources/654/,https://www.mediafire.com/file/v95kkc0xk9w9q7p/PrincessPhoenix.rar/file,ACCESSIBLE_ARCHIVE,"Front/back Gen 4+5/icons/shinies"
Festival - Scotsman,https://eeveeexpo.com/resources/654/,https://www.mediafire.com/file/ptb5g717wiujh07/Scotsman.rar/file,ACCESSIBLE_ARCHIVE,"Fakemon, regionals, Spaceworld-inspired"
Festival - Misc,https://eeveeexpo.com/resources/654/,https://www.mediafire.com/file/w523mpxnni2zuoy/Misc.rar/file,ACCESSIBLE_ARCHIVE,"Includes custom Megas/forms"
Mikitari Free Fakemon Pack,https://eeveeexpo.com/resources/1517/,https://www.mediafire.com/file/7ss3it9vbn9ykgq/Fakemon_Pack.7z/file,ACCESSIBLE_ARCHIVE,"80+ Gen 4-style Fakemon with backs/static icons; creator says free to use"
Earthretha Fakemon Pack,https://eeveeexpo.com/threads/5586/,https://drive.google.com/file/d/132CMW3fNuYPMRbx-_aZ15Ue10Y4_thxS/view,ACCESSIBLE_ARCHIVE,"Gen 4 styled, mostly scratch-made; free-to-use pack"
Gen VI DS-Style 64x64 Resource,https://www.pokecommunity.com/threads/gen-vi-ds-style-64x64-pokemon-sprite-resource.314422/,https://www.pokecommunity.com/threads/gen-vi-ds-style-64x64-pokemon-sprite-resource.314422/,ACCESSIBLE_SOURCE,"Scratch-made DS renditions"
DS-Styled Gen 5-8 Compilation,https://www.eeveeexpo.com/resources/1469/,https://www.eeveeexpo.com/resources/1469/download,ACCESSIBLE_SOURCE,"Later-gen DS battlers"
DrPrettyman DS 64x64 repository,https://github.com/DrPrettyman/PokemonSprites-64x64DSStyle,https://github.com/DrPrettyman/PokemonSprites-64x64DSStyle,ACCESSIBLE_REPO,"Front/back/shiny/icons"
Gen 7 DS-style backsprites,https://eeveeexpo.com/resources/601/,https://eeveeexpo.com/resources/601/download,ACCESSIBLE_SOURCE,"Backsprite supplement"
Shiny icons Gen 1-9,https://eeveeexpo.com/resources/1026/,https://eeveeexpo.com/resources/1026/download,ACCESSIBLE_SOURCE,"Icon supplement"
Mega Flygon,https://eeveeexpo.com/resources/1699/,https://eeveeexpo.com/resources/1699/download,ACCESSIBLE_SOURCE,"Custom Mega"
Mega Flygon animated Gen 5,https://eeveeexpo.com/resources/1933/,https://eeveeexpo.com/resources/1933/download,ACCESSIBLE_SOURCE,"Animated redesign"
