source,source_class,actual_sprite_files,status
Altered_Platinum_Custom_Sprites,COLLECTED_ASSET_BUCKET,2,ACTUAL_SPRITES_COLLECTED
Banished_Platinum_Free_Megas,COLLECTED_ASSET_BUCKET,44,ACTUAL_SPRITES_COLLECTED
DrPrettyman_DS_64x64,COLLECTED_ASSET_BUCKET,12730,ACTUAL_SPRITES_COLLECTED
DS_Styled_Gen5_8,COLLECTED_ASSET_BUCKET,2170,ACTUAL_SPRITES_COLLECTED
Earthretha,COLLECTED_ASSET_BUCKET,120,ACTUAL_SPRITES_COLLECTED
Fakemon_Festival_Full,COLLECTED_ASSET_BUCKET,990,ACTUAL_SPRITES_COLLECTED
Festival_Altaira,COLLECTED_ASSET_BUCKET,117,ACTUAL_SPRITES_COLLECTED
Festival_Atsui,COLLECTED_ASSET_BUCKET,75,ACTUAL_SPRITES_COLLECTED
Festival_BiggusWeeabus,COLLECTED_ASSET_BUCKET,20,ACTUAL_SPRITES_COLLECTED
Festival_Dulcet,COLLECTED_ASSET_BUCKET,35,ACTUAL_SPRITES_COLLECTED
Festival_Lumio,COLLECTED_ASSET_BUCKET,61,ACTUAL_SPRITES_COLLECTED
Festival_Magiscarf,COLLECTED_ASSET_BUCKET,357,ACTUAL_SPRITES_COLLECTED
Festival_Misc,COLLECTED_ASSET_BUCKET,61,ACTUAL_SPRITES_COLLECTED
Festival_Odisea,COLLECTED_ASSET_BUCKET,23,ACTUAL_SPRITES_COLLECTED
Festival_PansyGum,COLLECTED_ASSET_BUCKET,71,ACTUAL_SPRITES_COLLECTED
Festival_Piacarrot,COLLECTED_ASSET_BUCKET,12,ACTUAL_SPRITES_COLLECTED
Festival_PrincessPhoenix,COLLECTED_ASSET_BUCKET,140,ACTUAL_SPRITES_COLLECTED
Festival_Scotsman,COLLECTED_ASSET_BUCKET,52,ACTUAL_SPRITES_COLLECTED
Gen7_DS_Backsprites,COLLECTED_ASSET_BUCKET,297,ACTUAL_SPRITES_COLLECTED
HG_Engine_DS_Sprites,COLLECTED_ASSET_BUCKET,9238,ACTUAL_SPRITES_COLLECTED
HGSS_PROJECT_SWEEP,DEDUP_SWEEP,106,ACTUAL_SPRITES_COLLECTED
HGSS_Project_Unique_Clumsycat_HG_Hack,COLLECTED_ASSET_BUCKET,38,ACTUAL_SPRITES_COLLECTED
HGSS_Project_Unique_Dream_Crystal,COLLECTED_ASSET_BUCKET,45,ACTUAL_SPRITES_COLLECTED
HGSS_Project_Unique_Futura_Engine,COLLECTED_ASSET_BUCKET,21,ACTUAL_SPRITES_COLLECTED
HGSS_Project_Unique_Hallowed_Gold,COLLECTED_ASSET_BUCKET,2,ACTUAL_SPRITES_COLLECTED
Mega_Flygon,COLLECTED_ASSET_BUCKET,7,ACTUAL_SPRITES_COLLECTED
Mega_Flygon_Animated_Gen5,COLLECTED_ASSET_BUCKET,4,ACTUAL_SPRITES_COLLECTED
Mikitari,COLLECTED_ASSET_BUCKET,720,ACTUAL_SPRITES_COLLECTED
Platinum_Redux_Embedded_Sprites,COLLECTED_ASSET_BUCKET,433,ACTUAL_SPRITES_COLLECTED
Pokemon Altered Platinum,REGISTERED_DS_HACK,2,ACTUAL_SPRITES_COLLECTED
Pokemon Banished Platinum,REGISTERED_DS_HACK,44,ACTUAL_SPRITES_COLLECTED
Pokemon Platinum Redux,REGISTERED_DS_HACK,433,ACTUAL_SPRITES_COLLECTED
Pokemon SoothingSilver,REGISTERED_DS_HACK,43,ACTUAL_SPRITES_COLLECTED
Shiny_Icons_Gen1_9,COLLECTED_ASSET_BUCKET,1424,ACTUAL_SPRITES_COLLECTED
SoothingSilver_Embedded_Images,COLLECTED_ASSET_BUCKET,43,ACTUAL_SPRITES_COLLECTED
HG_ENGINE_FORK_SWEEP,DEDUP_SWEEP,0,NO_UNIQUE_SPRITES_AFTER_DEDUP
GenVI_DS_64x64_LEGACY_THREAD,LEGACY_RESOURCE,0,UNRECOVERABLE_OR_BLOCKED
Pokemon GoldSoul,REGISTERED_DS_HACK,0,UNRECOVERED_SOURCE
Pokemon Moon Black 2,REGISTERED_DS_HACK,0,UNRECOVERED_SOURCE
Pokemon Platinum Unlocked regional-form project,REGISTERED_DS_HACK,0,UNRECOVERED_SOURCE
Pokemon XYZ NDS,REGISTERED_DS_HACK,0,UNRECOVERED_SOURCE
Project 721,REGISTERED_DS_HACK,0,UNRECOVERED_SOURCE
